condition,file,snoring,cough,speech,breathing,sneeze,laughter,dog_bark,door_slam,car_horn,glass_breaking
clean,1-100032-A-0.wav,0.0086,0.0079,0.0098,0.0508,0.0127,0.0086,0.8170,0.0019,0.0310,0.0058
clean,1-100038-A-14.wav,0.0021,0.0052,0.0306,0.0054,0.0034,0.0244,0.0549,0.0030,0.0337,0.0067
clean,1-100210-A-36.wav,0.0017,0.0022,0.0058,0.0034,0.0017,0.0142,0.0018,0.0011,0.0354,0.0028
clean,1-100210-B-36.wav,0.0025,0.0024,0.0092,0.0047,0.0020,0.0053,0.0025,0.0007,0.0272,0.0106
clean,1-101296-A-19.wav,0.0045,0.0009,0.0024,0.0030,0.0008,0.0009,0.0051,0.0013,0.0103,0.0003
clean,1-101296-B-19.wav,0.0962,0.0016,0.0044,0.0343,0.0017,0.0015,0.0397,0.0025,0.0032,0.0010
clean,1-101336-A-30.wav,0.0085,0.0017,0.0098,0.0159,0.0061,0.0082,0.0109,0.0191,0.0310,0.0058
clean,1-101404-A-34.wav,0.0785,0.0023,0.0099,0.0637,0.0036,0.0179,0.0043,0.0118,0.1095,0.0024
clean,1-103298-A-9.wav,0.0012,0.0008,0.0029,0.0013,0.0009,0.0035,0.0042,0.0018,0.0054,0.0004
clean,1-103995-A-30.wav,0.0085,0.0017,0.0098,0.0155,0.0061,0.0082,0.0109,0.1128,0.0310,0.0058
clean,1-103999-A-30.wav,0.0085,0.0017,0.0098,0.0155,0.0061,0.0082,0.0109,0.0359,0.0310,0.0142
clean,1-104089-A-22.wav,0.0021,0.0008,0.0145,0.0075,0.0005,0.0569,0.0014,0.0022,0.0096,0.0020
clean,1-104089-B-22.wav,0.0010,0.0009,0.0154,0.0033,0.0005,0.0438,0.0022,0.0010,0.0129,0.0023
clean,1-105224-A-22.wav,0.0024,0.0011,0.0175,0.0062,0.0009,0.0309,0.0015,0.0006,0.0115,0.0036
clean,1-110389-A-0.wav,0.0085,0.0022,0.0098,0.0155,0.0061,0.0082,0.7999,0.0019,0.0310,0.0058
clean,1-110537-A-22.wav,0.0021,0.0012,0.0205,0.0040,0.0009,0.0235,0.0006,0.0040,0.0084,0.0008
clean,1-115521-A-19.wav,0.0025,0.0011,0.0013,0.0109,0.0043,0.0012,0.0024,0.0011,0.0052,0.0004
clean,1-115545-A-48.wav,0.0060,0.0021,0.0032,0.0049,0.0016,0.0043,0.0099,0.0042,0.0179,0.0026
clean,1-115545-B-48.wav,0.0216,0.0048,0.0030,0.0144,0.0056,0.0059,0.0291,0.0185,0.0839,0.0064
clean,1-115545-C-48.wav,0.0131,0.0043,0.0027,0.0165,0.0059,0.0035,0.0104,0.1353,0.0298,0.0075
clean,1-115546-A-48.wav,0.0066,0.0033,0.0027,0.0146,0.0046,0.0086,0.0077,0.0155,0.1443,0.0061
clean,1-115920-A-22.wav,0.0002,0.0016,0.0076,0.0011,0.0005,0.0118,0.0013,0.0024,0.0077,0.0066
clean,1-115920-B-22.wav,0.0029,0.0023,0.0711,0.0089,0.0014,0.1093,0.0023,0.0041,0.0110,0.0027
clean,1-115921-A-22.wav,0.0018,0.0012,0.0606,0.0072,0.0013,0.0625,0.0044,0.0013,0.0096,0.0013
clean,1-116765-A-41.wav,0.0006,0.0006,0.0168,0.0012,0.0003,0.0013,0.0013,0.0004,0.0043,0.0002
clean,1-11687-A-47.wav,0.0124,0.0021,0.0053,0.0372,0.0035,0.0064,0.0057,0.0057,0.0340,0.0443
clean,1-118206-A-31.wav,0.0248,0.0105,0.0113,0.0347,0.0066,0.0165,0.0133,0.0085,0.0408,0.0067
clean,1-118559-A-17.wav,0.0096,0.0034,0.0092,0.0128,0.0023,0.0190,0.0074,0.0012,0.0119,0.2553
clean,1-119125-A-45.wav,0.0036,0.0020,0.0108,0.0061,0.0011,0.0090,0.0053,0.0026,0.0614,0.0014
clean,1-121951-A-8.wav,0.0375,0.0051,0.1538,0.0605,0.0195,0.0250,0.0266,0.0095,0.1476,0.0040
clean,1-12653-A-15.wav,0.0024,0.0036,0.0062,0.0066,0.0036,0.0061,0.0020,0.0018,0.0039,0.0121
clean,1-12654-A-15.wav,0.0344,0.0070,0.0101,0.0309,0.0055,0.0134,0.0285,0.0014,0.0417,0.0022
clean,1-12654-B-15.wav,0.0125,0.0148,0.0080,0.0180,0.0044,0.0117,0.0121,0.0044,0.0219,0.0013
clean,1-13571-A-46.wav,0.0001,0.0004,0.0166,0.0010,0.0001,0.0010,0.0022,0.0004,0.0087,0.0020
clean,1-13572-A-46.wav,0.0010,0.0006,0.0346,0.0021,0.0012,0.0111,0.0017,0.0057,0.0447,0.0017
clean,1-13613-A-37.wav,0.0003,0.0002,0.0100,0.0006,0.0000,0.0027,0.0009,0.0003,0.0674,0.0001
clean,1-137-A-32.wav,0.0007,0.0022,0.0017,0.0025,0.0006,0.0095,0.0007,0.0005,0.0276,0.0013
clean,1-137296-A-16.wav,0.0056,0.0054,0.0073,0.0109,0.0038,0.0254,0.0071,0.0095,0.0265,0.0020
clean,1-14262-A-37.wav,0.0003,0.0003,0.0206,0.0009,0.0003,0.0076,0.0006,0.0008,0.0478,0.0022
clean,1-155858-A-25.wav,0.0044,0.0021,0.0027,0.0057,0.0012,0.0040,0.0093,0.0146,0.0157,0.0017
clean,1-155858-B-25.wav,0.0026,0.0095,0.0050,0.0048,0.0031,0.0096,0.0076,0.0319,0.0235,0.0068
clean,1-155858-C-25.wav,0.0067,0.0019,0.0043,0.0097,0.0014,0.0072,0.0085,0.0267,0.0272,0.0023
clean,1-155858-D-25.wav,0.0056,0.0026,0.0031,0.0077,0.0011,0.0055,0.0039,0.0117,0.0335,0.0008
clean,1-155858-E-25.wav,0.0034,0.0032,0.0039,0.0065,0.0011,0.0061,0.0035,0.0086,0.0205,0.0027
clean,1-155858-F-25.wav,0.0078,0.0045,0.0048,0.0209,0.0021,0.0135,0.0065,0.0096,0.0334,0.0009
clean,1-15689-A-4.wav,0.0022,0.0005,0.0058,0.0056,0.0016,0.0039,0.0020,0.0011,0.0160,0.0026
clean,1-15689-B-4.wav,0.0010,0.0001,0.0050,0.0013,0.0010,0.0021,0.0016,0.0005,0.0097,0.0008
clean,1-160563-A-48.wav,0.0045,0.0028,0.0020,0.0078,0.0024,0.0147,0.0137,0.0060,0.0319,0.0036
clean,1-160563-B-48.wav,0.0013,0.0042,0.0018,0.0030,0.0014,0.0031,0.0086,0.0054,0.0168,0.0014
clean,1-16568-A-3.wav,0.0463,0.0051,0.0461,0.0411,0.0140,0.0265,0.0189,0.0061,0.0467,0.0072
clean,1-16746-A-15.wav,0.0486,0.0071,0.0098,0.0638,0.0068,0.0082,0.0109,0.0065,0.0310,0.0123
clean,1-17092-A-27.wav,0.0049,0.0003,0.0095,0.0675,0.0011,0.0097,0.0075,0.0008,0.0197,0.0025
clean,1-17092-B-27.wav,0.0040,0.0014,0.0051,0.0061,0.0025,0.0047,0.0094,0.0029,0.0188,0.0134
clean,1-17124-A-43.wav,0.0085,0.0017,0.0098,0.0155,0.0061,0.0082,0.0109,0.0019,0.6172,0.0058
clean,1-17150-A-12.wav,0.0058,0.0032,0.0042,0.0090,0.0012,0.0166,0.0143,0.0070,0.0149,0.0006
clean,1-172649-A-40.wav,0.0043,0.0020,0.0160,0.0048,0.0024,0.0228,0.0089,0.0047,0.0270,0.0030
clean,1-172649-B-40.wav,0.0042,0.0058,0.0382,0.0063,0.0018,0.0562,0.0208,0.0038,0.0238,0.0017
clean,1-172649-C-40.wav,0.0024,0.0017,0.0819,0.0034,0.0008,0.0249,0.0055,0.0019,0.0246,0.0022
clean,1-172649-D-40.wav,0.0015,0.0005,0.0037,0.0019,0.0005,0.0074,0.0026,0.0031,0.0122,0.0016
clean,1-172649-E-40.wav,0.0032,0.0010,0.0068,0.0041,0.0003,0.0058,0.0025,0.0014,0.0109,0.0020
clean,1-172649-F-40.wav,0.0008,0.0006,0.0085,0.0018,0.0003,0.0023,0.0033,0.0009,0.0502,0.0014
clean,1-17295-A-29.wav,0.0264,0.0304,0.0040,0.0236,0.0040,0.0088,0.0036,0.0045,0.0020,0.0005
clean,1-17367-A-10.wav,0.0023,0.0022,0.0126,0.0051,0.0022,0.0265,0.0046,0.0021,0.0361,0.0041
clean,1-17565-A-12.wav,0.0011,0.0014,0.0024,0.0038,0.0003,0.0043,0.0048,0.0022,0.0076,0.0016
clean,1-17585-A-7.wav,0.0076,0.0096,0.0385,0.0104,0.0040,0.0117,0.0076,0.0175,0.0362,0.0049
clean,1-17742-A-12.wav,0.0034,0.0051,0.0042,0.0064,0.0026,0.0195,0.0044,0.0080,0.0261,0.0017
clean,1-17808-A-12.wav,0.0019,0.0014,0.0022,0.0028,0.0003,0.0036,0.0052,0.0051,0.0153,0.0012
clean,1-17808-B-12.wav,0.0026,0.0030,0.0064,0.0031,0.0011,0.0056,0.0084,0.0130,0.0346,0.0045
clean,1-1791-A-26.wav,0.0164,0.0165,0.0364,0.0457,0.0061,0.8591,0.0109,0.0069,0.0435,0.0194
clean,1-17970-A-4.wav,0.0022,0.0004,0.0302,0.0035,0.0013,0.0051,0.0194,0.0004,0.0094,0.0001
clean,1-18074-A-6.wav,0.0002,0.0012,0.0339,0.0004,0.0002,0.0006,0.0032,0.0001,0.0011,0.0004
clean,1-18074-B-6.wav,0.0001,0.0014,0.0064,0.0004,0.0001,0.0076,0.0010,0.0002,0.0037,0.0002
clean,1-181071-A-40.wav,0.0002,0.0002,0.0025,0.0008,0.0000,0.0019,0.0005,0.0001,0.0002,0.0001
clean,1-181071-B-40.wav,0.0011,0.0004,0.0114,0.0019,0.0001,0.0029,0.0013,0.0007,0.0041,0.0002
clean,1-18527-A-44.wav,0.0015,0.0015,0.0103,0.0028,0.0015,0.0095,0.0050,0.0038,0.0650,0.0024
clean,1-18527-B-44.wav,0.0056,0.0064,0.0168,0.0045,0.0047,0.0149,0.0113,0.0040,0.1958,0.0014
clean,1-18631-A-23.wav,0.0768,0.0305,0.0046,0.9746,0.0265,0.0140,0.0011,0.1159,0.0127,0.0078
clean,1-18655-A-31.wav,0.0046,0.0033,0.0023,0.0129,0.0029,0.0038,0.0097,0.0097,0.0213,0.0122
clean,1-187207-A-20.wav,0.0018,0.0307,0.4173,0.0181,0.0095,0.2608,0.0076,0.0155,0.0061,0.0052
clean,1-18755-A-4.wav,0.0004,0.0001,0.0515,0.0010,0.0003,0.0041,0.0015,0.0010,0.0055,0.0022
clean,1-18755-B-4.wav,0.0010,0.0005,0.0132,0.0017,0.0006,0.0063,0.0073,0.0008,0.0036,0.0011
clean,1-18757-A-4.wav,0.0122,0.0084,0.0184,0.0141,0.0067,0.0871,0.0151,0.0011,0.0114,0.0017
clean,1-18810-A-49.wav,0.0056,0.0007,0.0094,0.0561,0.0015,0.0105,0.0060,0.1609,0.0119,0.0034
clean,1-19026-A-43.wav,0.0085,0.0018,0.0098,0.0155,0.0061,0.0082,0.0109,0.0051,0.9945,0.0306
clean,1-19111-A-24.wav,0.0181,0.9516,0.0098,0.0780,0.0332,0.0603,0.0171,0.0019,0.0310,0.0058
clean,1-19118-A-24.wav,0.0085,0.4590,0.0098,0.0155,0.0495,0.0143,0.0413,0.0019,0.0310,0.0058
clean,1-19501-A-7.wav,0.0085,0.0046,0.0098,0.0155,0.0061,0.0092,0.0109,0.0022,0.0310,0.0058
clean,1-196660-A-8.wav,0.0587,0.0008,0.6681,0.0464,0.0038,0.0072,0.0018,0.0098,0.0102,0.0051
clean,1-196660-B-8.wav,0.0015,0.0003,0.0155,0.0024,0.0009,0.0019,0.0039,0.0023,0.0243,0.0003
clean,1-19840-A-36.wav,0.0027,0.0015,0.0141,0.0110,0.0019,0.0091,0.0018,0.0027,0.0245,0.0149
clean,1-19872-A-36.wav,0.0022,0.0029,0.0084,0.0071,0.0034,0.0055,0.0053,0.0007,0.0314,0.0150
clean,1-19872-B-36.wav,0.0014,0.0016,0.0106,0.0046,0.0012,0.0052,0.0018,0.0010,0.0147,0.0102
clean,1-19898-A-41.wav,0.0663,0.0008,0.0035,0.0951,0.0009,0.0046,0.0040,0.0002,0.0097,0.0001
clean,1-19898-B-41.wav,0.0014,0.0002,0.0090,0.0023,0.0001,0.0026,0.0013,0.0007,0.0038,0.0002
clean,1-19898-C-41.wav,0.0016,0.0005,0.0075,0.0032,0.0006,0.0011,0.0040,0.0002,0.0143,0.0003
clean,1-20133-A-39.wav,0.0046,0.0024,0.0025,0.0075,0.0068,0.0047,0.0098,0.0174,0.0632,0.9125
clean,1-202111-A-3.wav,0.0544,0.0021,0.0028,0.0280,0.0013,0.0052,0.0163,0.0002,0.0085,0.0009
clean,1-20545-A-28.wav,0.7597,0.0190,0.0062,0.7606,0.0124,0.0072,0.0035,0.0052,0.0140,0.0484
clean,1-20736-A-18.wav,0.0010,0.0016,0.0077,0.0063,0.0012,0.0170,0.0169,0.0005,0.0158,0.0041
clean,1-208757-A-2.wav,0.0017,0.1392,0.0673,0.0073,0.0049,0.0089,0.0299,0.0121,0.0012,0.0033
clean,1-208757-B-2.wav,0.1011,0.0140,0.3337,0.1190,0.0111,0.0175,0.0150,0.0468,0.0229,0.0230
clean,1-208757-C-2.wav,0.0653,0.0236,0.0860,0.0723,0.0054,0.0088,0.4600,0.0155,0.0071,0.0007
clean,1-208757-D-2.wav,0.0002,0.0023,0.0758,0.0004,0.0001,0.0017,0.0063,0.0005,0.0033,0.0003
clean,1-208757-E-2.wav,0.0018,0.0007,0.0187,0.0067,0.0004,0.0029,0.0006,0.0016,0.0029,0.0014
clean,1-211527-A-20.wav,0.0009,0.0016,0.2190,0.0034,0.0015,0.1995,0.0033,0.0079,0.0085,0.0046
clean,1-211527-B-20.wav,0.0019,0.0075,0.1524,0.0080,0.0105,0.9167,0.0020,0.0059,0.0106,0.0027
clean,1-211527-C-20.wav,0.0005,0.0011,0.0912,0.0022,0.0005,0.0681,0.0072,0.0019,0.0045,0.0016
clean,1-21189-A-10.wav,0.0039,0.0010,0.0081,0.0036,0.0012,0.0212,0.0024,0.0036,0.0313,0.0018
clean,1-21421-A-46.wav,0.0001,0.0001,0.0155,0.0002,0.0001,0.0008,0.0006,0.0007,0.0813,0.0003
clean,1-21896-A-35.wav,0.0010,0.0011,0.0148,0.0016,0.0011,0.0076,0.0030,0.0008,0.1655,0.0026
clean,1-21934-A-38.wav,0.0013,0.0037,0.0036,0.0037,0.0014,0.0021,0.0068,0.0053,0.0192,0.0120
clean,1-21935-A-38.wav,0.0035,0.0007,0.0061,0.0079,0.0020,0.0035,0.0014,0.0098,0.0141,0.0023
clean,1-223162-A-25.wav,0.0085,0.0017,0.0098,0.0155,0.0061,0.0082,0.0109,0.0131,0.0310,0.0074
clean,1-22694-A-20.wav,0.0093,0.9348,0.1125,0.0239,0.4629,0.3211,0.0013,0.0189,0.0031,0.0014
clean,1-22694-B-20.wav,0.0806,0.1571,0.0457,0.2602,0.0469,0.2309,0.0089,0.4100,0.0021,0.0113
clean,1-22804-A-46.wav,0.0003,0.0002,0.0086,0.0008,0.0003,0.0043,0.0023,0.0004,0.0041,0.0004
clean,1-22882-A-44.wav,0.0010,0.0007,0.0081,0.0040,0.0013,0.0087,0.0035,0.2631,0.0420,0.0072
clean,1-23094-A-15.wav,0.0023,0.0007,0.0239,0.0053,0.0011,0.0040,0.0168,0.0035,0.0615,0.0358
clean,1-23094-B-15.wav,0.0176,0.0041,0.0150,0.0204,0.0035,0.0129,0.0477,0.0059,0.0809,0.0900
clean,1-23222-A-19.wav,0.0027,0.0015,0.0100,0.0029,0.0030,0.0060,0.0052,0.0018,0.0162,0.0017
clean,1-23222-B-19.wav,0.0052,0.0051,0.0072,0.0093,0.0054,0.0120,0.0045,0.0309,0.0159,0.0072
clean,1-23706-A-49.wav,0.0010,0.0003,0.0069,0.0064,0.0002,0.0063,0.0007,0.0006,0.0031,0.0004
clean,1-23996-A-35.wav,0.0042,0.0025,0.0136,0.0056,0.0017,0.0136,0.0031,0.0036,0.0425,0.0019
clean,1-23996-B-35.wav,0.0023,0.0009,0.0073,0.0057,0.0009,0.0069,0.0031,0.0021,0.0369,0.0018
clean,1-24074-A-43.wav,0.0033,0.0007,0.0358,0.0029,0.0055,0.0171,0.0079,0.0010,0.9221,0.0067
clean,1-24076-A-43.wav,0.0010,0.0003,0.0703,0.0015,0.0018,0.0055,0.0055,0.0024,0.9978,0.0026
clean,1-24524-A-19.wav,0.0017,0.0012,0.0023,0.0038,0.0026,0.0088,0.0045,0.0036,0.0146,0.0017
clean,1-24524-B-19.wav,0.0029,0.0023,0.0120,0.0062,0.0028,0.0073,0.0128,0.0426,0.0157,0.0020
clean,1-24524-C-19.wav,0.0024,0.0021,0.0117,0.0041,0.0029,0.0078,0.0052,0.3465,0.0119,0.0022
clean,1-24796-A-47.wav,0.0009,0.0004,0.0090,0.0018,0.0009,0.0033,0.0019,0.0007,0.0695,0.0156
clean,1-254507-A-43.wav,0.0009,0.0016,0.0045,0.0018,0.0012,0.0060,0.0036,0.0035,0.0993,0.0008
clean,1-25777-A-48.wav,0.0070,0.0087,0.0039,0.0138,0.0030,0.0061,0.0295,0.0304,0.0191,0.0079
clean,1-25781-A-48.wav,0.0059,0.0018,0.0245,0.0045,0.0021,0.0403,0.0077,0.0040,0.0412,0.0067
clean,1-260640-A-2.wav,0.0628,0.0010,0.0456,0.0288,0.0003,0.0092,0.0035,0.0048,0.0169,0.0024
clean,1-260640-B-2.wav,0.0006,0.0002,0.0070,0.0011,0.0001,0.0027,0.0051,0.0001,0.0119,0.0001
clean,1-260640-C-2.wav,0.0061,0.0020,0.0531,0.0044,0.0007,0.0199,0.0059,0.0068,0.0544,0.0011
clean,1-26143-A-21.wav,0.0241,0.1978,0.0125,0.0319,0.9999,0.0198,0.0151,0.0062,0.0333,0.0818
clean,1-26176-A-43.wav,0.0085,0.0032,0.0157,0.0155,0.0188,0.0483,0.0124,0.0228,0.2988,0.0064
clean,1-26177-A-43.wav,0.0085,0.0028,0.0098,0.0155,0.0061,0.0164,0.0109,0.0037,0.1054,0.0104
clean,1-26188-A-30.wav,0.0248,0.0010,0.0037,0.0302,0.0025,0.0046,0.0013,0.0063,0.0031,0.0020
clean,1-26222-A-10.wav,0.0016,0.0015,0.0102,0.0024,0.0009,0.0417,0.0046,0.0041,0.0838,0.0009
clean,1-26806-A-1.wav,0.0087,0.0017,0.0098,0.0155,0.0061,0.0082,0.0109,0.0019,0.0362,0.0116
clean,1-27165-A-35.wav,0.0060,0.0043,0.0068,0.0093,0.0013,0.0114,0.0045,0.0025,0.0408,0.0078
clean,1-27166-A-35.wav,0.0010,0.0013,0.0091,0.0022,0.0008,0.0090,0.0053,0.0014,0.0727,0.0013
clean,1-27403-A-28.wav,0.9842,0.0071,0.0133,0.9888,0.0082,0.0127,0.0097,0.0148,0.0154,0.0062
clean,1-27405-A-28.wav,0.9335,0.0116,0.0177,0.9402,0.0185,0.0293,0.0109,0.0420,0.0089,0.0045
clean,1-27724-A-1.wav,0.0269,0.0074,0.0098,0.0764,0.0170,0.0231,0.0109,0.0054,0.0548,0.0058
clean,1-28005-A-18.wav,0.0023,0.0004,0.0095,0.0062,0.0001,0.0026,0.0032,0.0002,0.0042,0.0038
clean,1-28135-A-11.wav,0.0033,0.0022,0.0247,0.0043,0.0012,0.0211,0.0093,0.0026,0.0315,0.0013
clean,1-28135-B-11.wav,0.0040,0.0040,0.0226,0.0046,0.0017,0.0266,0.0086,0.0123,0.0352,0.0015
clean,1-28808-A-43.wav,0.0158,0.0008,0.0332,0.0159,0.0036,0.0236,0.0165,0.0020,0.9590,0.0015
clean,1-29532-A-16.wav,0.0029,0.0014,0.0054,0.0020,0.0012,0.0049,0.0016,0.0049,0.0356,0.0024
clean,1-29561-A-10.wav,0.0041,0.0012,0.0062,0.0038,0.0008,0.0117,0.0053,0.0028,0.0136,0.0010
clean,1-29680-A-21.wav,0.0200,0.6485,0.3127,0.0459,0.7948,0.0262,0.0109,0.0032,0.0310,0.0141
clean,1-30039-A-26.wav,0.0108,0.0129,0.7532,0.0478,0.2324,0.8708,0.0020,0.0162,0.0230,0.0105
clean,1-30043-A-26.wav,0.0048,0.0038,0.1095,0.0145,0.0081,0.9231,0.0034,0.0057,0.0122,0.0123
clean,1-30214-A-18.wav,0.0025,0.0077,0.0038,0.0139,0.0390,0.0105,0.0059,0.0037,0.0020,0.0085
clean,1-30226-A-0.wav,0.0069,0.0037,0.0329,0.0101,0.0019,0.0065,0.9328,0.0189,0.0758,0.0078
clean,1-30344-A-0.wav,0.0013,0.0104,0.0825,0.0106,0.0097,0.0060,0.9442,0.0011,0.0406,0.0010
clean,1-30709-A-23.wav,0.6059,0.0098,0.0050,0.9653,0.0043,0.0021,0.0002,0.0013,0.0018,0.0072
clean,1-30709-B-23.wav,0.1307,0.0101,0.0061,0.9860,0.0134,0.0028,0.0004,0.0009,0.0047,0.0007
clean,1-30709-C-23.wav,0.1014,0.0103,0.0120,0.9750,0.0055,0.0036,0.0004,0.0008,0.0083,0.0029
clean,1-30830-A-24.wav,0.0085,0.9995,0.0105,0.0155,0.0288,0.0150,0.0109,0.0046,0.0310,0.0130
clean,1-31251-A-6.wav,0.0021,0.0026,0.0133,0.0023,0.0007,0.0032,0.0020,0.0003,0.0204,0.0003
clean,1-31251-B-6.wav,0.0153,0.0012,0.0114,0.0153,0.0007,0.8550,0.0053,0.0007,0.0114,0.0003
clean,1-31482-A-42.wav,0.0004,0.0013,0.2154,0.0028,0.0018,0.0164,0.0094,0.0254,0.1957,0.0077
clean,1-31482-B-42.wav,0.0004,0.0005,0.0546,0.0009,0.0007,0.0120,0.0019,0.0028,0.1240,0.0002
clean,1-31748-A-21.wav,0.0085,0.0168,0.0098,0.0155,0.9842,0.0082,0.0109,0.0188,0.0310,0.0058
clean,1-31836-A-4.wav,0.0032,0.0013,0.0293,0.0062,0.0014,0.0746,0.0066,0.0016,0.0062,0.0007
clean,1-31836-B-4.wav,0.0010,0.0007,0.0061,0.0017,0.0005,0.0053,0.0059,0.0008,0.0026,0.0007
clean,1-32318-A-0.wav,0.0004,0.0049,0.0178,0.0052,0.0252,0.0027,0.9674,0.0007,0.2733,0.0008
clean,1-32373-A-35.wav,0.0009,0.0031,0.0042,0.0035,0.0011,0.0149,0.0026,0.0019,0.0037,0.0024
clean,1-32373-B-35.wav,0.0015,0.0034,0.0026,0.0031,0.0012,0.0123,0.0021,0.0018,0.0021,0.0010
clean,1-32579-A-29.wav,0.0080,0.0343,0.0062,0.0119,0.0110,0.0090,0.0179,0.0032,0.0126,0.0046
clean,1-33658-A-26.wav,0.0114,0.0912,0.0530,0.4358,0.9987,0.8453,0.0063,0.0149,0.0179,0.0050
clean,1-34094-A-5.wav,0.0002,0.0005,0.0200,0.0005,0.0004,0.0086,0.0005,0.0010,0.0540,0.0018
clean,1-34094-B-5.wav,0.0022,0.0007,0.0209,0.0037,0.0007,0.0302,0.0020,0.0023,0.0521,0.0034
clean,1-34119-A-1.wav,0.0085,0.0017,0.0098,0.0155,0.0061,0.0082,0.0109,0.0019,0.0310,0.0351
clean,1-34119-B-1.wav,0.0085,0.0164,0.0098,0.0155,0.0061,0.0082,0.0131,0.0019,0.0310,0.0132
clean,1-34495-A-14.wav,0.0073,0.0065,0.0027,0.0091,0.0026,0.0037,0.0059,0.0029,0.0409,0.0025
clean,1-34497-A-14.wav,0.0124,0.0040,0.0036,0.0164,0.0028,0.0049,0.0064,0.0036,0.0754,0.0020
clean,1-34853-A-37.wav,0.0001,0.0002,0.0039,0.0004,0.0001,0.0016,0.0036,0.0001,0.4129,0.0032
clean,1-35687-A-38.wav,0.0051,0.0022,0.0056,0.0084,0.0026,0.0054,0.0044,0.0090,0.0409,0.0048
clean,1-36164-A-26.wav,0.0233,0.1518,0.0867,0.0651,0.1620,0.7994,0.0470,0.0179,0.0372,0.0107
clean,1-36164-B-26.wav,0.0113,0.0297,0.0690,0.4891,0.1217,0.9574,0.0038,0.0042,0.0312,0.0124
clean,1-36393-A-23.wav,0.2315,0.0086,0.0098,0.8526,0.0571,0.0082,0.0109,0.0019,0.0310,0.0143
clean,1-36397-A-23.wav,0.0798,0.0462,0.0098,0.1499,0.0572,0.0370,0.0299,0.0058,0.0508,0.0073
clean,1-36400-A-23.wav,0.1377,0.0530,0.0098,0.5498,0.0376,0.0082,0.0109,0.0019,0.0310,0.0076
clean,1-36402-A-23.wav,0.0929,0.0677,0.0098,0.3980,0.0074,0.0082,0.0109,0.0019,0.0310,0.0058
clean,1-36929-A-47.wav,0.0017,0.0004,0.0148,0.0040,0.0014,0.0048,0.0059,0.0018,0.1923,0.0018
clean,1-37226-A-29.wav,0.0454,0.3759,0.0098,0.1774,0.0272,0.0152,0.0109,0.0500,0.0310,0.0144
clean,1-38559-A-14.wav,0.0063,0.0016,0.0083,0.0073,0.0059,0.0184,0.0050,0.0065,0.2089,0.0116
clean,1-38560-A-14.wav,0.0681,0.0069,0.0385,0.0870,0.0139,0.0340,0.0287,0.0099,0.0531,0.0164
clean,1-39835-A-9.wav,0.0005,0.0023,0.0080,0.0012,0.0008,0.0063,0.0024,0.0005,0.0251,0.0001
clean,1-39835-B-9.wav,0.0007,0.0006,0.0049,0.0032,0.0002,0.0009,0.0010,0.0001,0.0217,0.0001
clean,1-39901-A-11.wav,0.0012,0.0049,0.0062,0.0028,0.0006,0.0158,0.0020,0.0010,0.0329,0.0019
clean,1-39901-B-11.wav,0.0006,0.0015,0.0062,0.0039,0.0004,0.0037,0.0026,0.0024,0.0106,0.0023
clean,1-39923-A-1.wav,0.0085,0.0020,0.0098,0.0155,0.0061,0.0082,0.0109,0.0068,0.0323,0.0122
clean,1-39937-A-28.wav,0.8144,0.0165,0.0785,0.8075,0.0222,0.0732,0.0104,0.0213,0.0272,0.0094
clean,1-40154-A-46.wav,0.0006,0.0004,0.0162,0.0019,0.0007,0.0072,0.0013,0.0008,0.0102,0.0005
clean,1-40621-A-28.wav,0.9699,0.0092,0.0248,0.9600,0.0175,0.0078,0.0030,0.0043,0.0091,0.0103
clean,1-40730-A-1.wav,0.0095,0.0016,0.0104,0.0165,0.0056,0.0088,0.0099,0.0020,0.0327,0.0069
clean,1-40967-A-28.wav,0.9611,0.0086,0.0107,0.9556,0.0037,0.0121,0.0034,0.0030,0.0610,0.0033
clean,1-41615-A-34.wav,0.0095,0.0025,0.0098,0.0155,0.0061,0.0082,0.0109,0.0019,0.0310,0.0075
clean,1-4211-A-12.wav,0.0012,0.0062,0.0029,0.0027,0.0010,0.0141,0.0059,0.0053,0.0261,0.0020
clean,1-42139-A-38.wav,0.0057,0.0068,0.0283,0.0083,0.0076,0.0101,0.0025,0.0057,0.0213,0.0025
clean,1-43382-A-1.wav,0.0086,0.0017,0.0098,0.0156,0.0060,0.0080,0.0109,0.0019,0.0308,0.0062
clean,1-43760-A-11.wav,0.0014,0.0040,0.0038,0.0054,0.0021,0.0199,0.0013,0.0060,0.0168,0.0013
clean,1-43764-A-34.wav,0.0085,0.0017,0.0098,0.0155,0.0064,0.0082,0.0109,0.0033,0.0310,0.0078
clean,1-43807-A-47.wav,0.0005,0.0010,0.0244,0.0045,0.0017,0.0099,0.0064,0.0009,0.0391,0.0005
clean,1-43807-B-47.wav,0.0018,0.0010,0.0029,0.0027,0.0003,0.0020,0.0237,0.0021,0.0060,0.0007
clean,1-43807-C-47.wav,0.0072,0.0021,0.0208,0.0164,0.0012,0.0034,0.1155,0.0009,0.0161,0.0002
clean,1-43807-D-47.wav,0.0019,0.0015,0.0080,0.0043,0.0007,0.0016,0.0030,0.0011,0.0392,0.0007
clean,1-44831-A-1.wav,0.0085,0.0017,0.0098,0.0155,0.0061,0.0082,0.0109,0.0019,0.0511,0.0954
clean,1-45641-A-27.wav,0.0114,0.0016,0.0107,0.0991,0.0016,0.0283,0.0137,0.0020,0.0196,0.0020
clean,1-45645-A-31.wav,0.0077,0.0059,0.0041,0.0183,0.0026,0.0156,0.0070,0.0051,0.0237,0.0024
clean,1-46040-A-14.wav,0.0021,0.0019,0.1594,0.0049,0.0023,0.0922,0.0112,0.0087,0.0159,0.0048
clean,1-46272-A-12.wav,0.0010,0.0016,0.0070,0.0028,0.0006,0.0216,0.0050,0.0016,0.0233,0.0011
clean,1-46274-A-18.wav,0.0001,0.0002,0.0043,0.0005,0.0001,0.0017,0.0004,0.0002,0.0021,0.0020
clean,1-46353-A-49.wav,0.0006,0.0004,0.0214,0.0050,0.0007,0.0071,0.0004,0.0002,0.0024,0.0001
clean,1-46744-A-36.wav,0.0012,0.0008,0.0036,0.0042,0.0002,0.0024,0.0016,0.0013,0.0114,0.0025
clean,1-46938-A-7.wav,0.0005,0.0010,0.0179,0.0013,0.0032,0.0022,0.0032,0.0017,0.0141,0.0059
clean,1-46938-B-7.wav,0.0005,0.0011,0.0192,0.0013,0.0024,0.0102,0.0061,0.0027,0.0075,0.0038
clean,1-47250-A-41.wav,0.0015,0.0008,0.0182,0.0045,0.0009,0.0016,0.0018,0.0006,0.0195,0.0005
clean,1-47250-B-41.wav,0.0068,0.0012,0.0203,0.0073,0.0006,0.0021,0.0024,0.0004,0.0116,0.0015
clean,1-47273-A-21.wav,0.0085,0.3758,0.0725,0.0384,0.9892,0.0580,0.0151,0.0474,0.0310,0.1961
clean,1-47274-A-21.wav,0.0783,0.1000,0.1022,0.2358,0.9989,0.0183,0.0109,0.0019,0.0310,0.0150
clean,1-47709-A-16.wav,0.0025,0.0014,0.0111,0.0090,0.0030,0.0069,0.0095,0.0020,0.0085,0.0045
clean,1-47714-A-16.wav,0.0033,0.0035,0.0065,0.0168,0.0019,0.0083,0.0130,0.0086,0.0052,0.0447
clean,1-47819-A-5.wav,0.0441,0.0079,0.0127,0.0479,0.0122,0.0322,0.0102,0.0126,0.0779,0.0035
clean,1-47819-B-5.wav,0.0312,0.0125,0.0275,0.0430,0.0082,0.0208,0.0133,0.0379,0.0383,0.0063
clean,1-47819-C-5.wav,0.1213,0.0043,0.0790,0.1422,0.0067,0.0141,0.0046,0.0072,0.0659,0.0040
clean,1-47923-A-28.wav,0.9406,0.0064,0.0190,0.9183,0.0047,0.0109,0.0031,0.0045,0.0062,0.0041
clean,1-48298-A-46.wav,0.0056,0.0013,0.0175,0.0089,0.0055,0.0132,0.0041,0.0053,0.0299,0.0035
clean,1-48413-A-38.wav,0.0017,0.0005,0.0045,0.0029,0.0010,0.0011,0.0014,0.0090,0.0056,0.0017
clean,1-49098-A-35.wav,0.0058,0.0014,0.0051,0.0053,0.0014,0.0036,0.0039,0.1720,0.0282,0.0297
clean,1-49409-A-8.wav,0.0003,0.0006,0.0627,0.0014,0.0016,0.0942,0.0016,0.0011,0.0128,0.0003
clean,1-49409-B-8.wav,0.0010,0.0008,0.1336,0.0015,0.0020,0.0079,0.0012,0.0019,0.0151,0.0006
clean,1-50060-A-10.wav,0.0040,0.0036,0.0073,0.0060,0.0032,0.0391,0.0025,0.0023,0.0560,0.0007
clean,1-50454-A-44.wav,0.0085,0.0017,0.0153,0.0155,0.0061,0.0147,0.0109,0.0033,0.0316,0.0063
clean,1-50455-A-44.wav,0.0085,0.0017,0.0098,0.0155,0.0061,0.0082,0.0109,0.0019,0.0310,0.0083
clean,1-50623-A-15.wav,0.0091,0.0061,0.0073,0.0127,0.0065,0.0164,0.0096,0.0028,0.0352,0.0161
clean,1-50625-A-17.wav,0.0034,0.0059,0.0158,0.0123,0.0016,0.0061,0.0018,0.0008,0.0097,0.0101
clean,1-50661-A-44.wav,0.0006,0.0008,0.0125,0.0018,0.0009,0.0072,0.0029,0.0020,0.0210,0.0010
clean,1-50688-A-17.wav,0.0016,0.0137,0.0056,0.0070,0.0040,0.0215,0.0031,0.0012,0.0228,0.0056
clean,1-51035-A-16.wav,0.0095,0.0069,0.0144,0.0138,0.0045,0.0320,0.0100,0.0100,0.0802,0.0032
clean,1-51036-A-16.wav,0.0039,0.0042,0.0140,0.0057,0.0026,0.0233,0.0060,0.0042,0.0587,0.0015
clean,1-51037-A-16.wav,0.0050,0.0042,0.0123,0.0060,0.0032,0.0264,0.0049,0.0054,0.0377,0.0009
clean,1-51147-A-25.wav,0.0005,0.0048,0.0263,0.0019,0.0023,0.0062,0.0016,0.0064,0.0095,0.0015
clean,1-51170-A-18.wav,0.0008,0.0002,0.0101,0.0021,0.0002,0.0040,0.0009,0.0006,0.0068,0.0004
clean,1-51433-A-17.wav,0.0025,0.0312,0.0135,0.0250,0.0014,0.0128,0.0015,0.0011,0.0258,0.0033
clean,1-51436-A-17.wav,0.0003,0.0025,0.0073,0.0014,0.0007,0.0025,0.0007,0.0001,0.0034,0.0022
clean,1-51805-A-33.wav,0.0003,0.0002,0.0206,0.0010,0.0008,0.0162,0.0012,0.0069,0.0291,0.0004
clean,1-51805-B-33.wav,0.0010,0.0017,0.0150,0.0083,0.0055,0.0221,0.0105,0.0046,0.4153,0.0142
clean,1-51805-C-33.wav,0.0034,0.0009,0.0241,0.0128,0.0074,0.0205,0.0057,0.0190,0.0272,0.0092
clean,1-51805-D-33.wav,0.0121,0.0021,0.0203,0.0160,0.0031,0.0550,0.0077,0.0287,0.1453,0.0111
clean,1-51805-E-33.wav,0.0140,0.0053,0.0050,0.0243,0.0079,0.0428,0.0881,0.0368,0.0201,0.0022
clean,1-51805-F-33.wav,0.0776,0.0008,0.0137,0.1201,0.0079,0.0033,0.0032,0.0390,0.0046,0.0023
clean,1-51805-G-33.wav,0.0272,0.0030,0.0140,0.0544,0.0060,0.0082,0.0036,0.0119,0.0260,0.0082
clean,1-51805-H-33.wav,0.1035,0.0075,0.0176,0.0508,0.0052,0.0059,0.0087,0.0119,0.0695,0.0137
clean,1-52266-A-24.wav,0.0035,0.9998,0.0610,0.0087,0.0446,0.0114,0.0265,0.0007,0.0116,0.0029
clean,1-52290-A-30.wav,0.0119,0.0018,0.0138,0.0155,0.0061,0.0082,0.0109,0.0175,0.0310,0.0180
clean,1-52323-A-24.wav,0.0173,1.0000,0.0145,0.3484,0.0470,0.0054,0.0037,0.0023,0.0506,0.0030
clean,1-53444-A-28.wav,0.9466,0.0074,0.0555,0.9518,0.0209,0.0210,0.0061,0.0283,0.0168,0.0288
clean,1-53467-A-47.wav,0.0036,0.0013,0.0057,0.0068,0.0006,0.0032,0.0059,0.0018,0.0330,0.0006
clean,1-53501-A-32.wav,0.0090,0.0030,0.0041,0.0109,0.0036,0.0144,0.0101,0.0009,0.0251,0.0016
clean,1-53663-A-24.wav,0.0121,0.9997,0.0074,0.3865,0.7318,0.0087,0.0026,0.0016,0.0242,0.0114
clean,1-53670-A-18.wav,0.0020,0.0007,0.0144,0.0046,0.0011,0.0110,0.0047,0.0020,0.0199,0.0047
clean,1-54065-A-45.wav,0.0022,0.0010,0.0090,0.0025,0.0011,0.0107,0.0028,0.0028,0.0976,0.0018
clean,1-54065-B-45.wav,0.0064,0.0039,0.0201,0.0082,0.0115,0.0236,0.0117,0.0262,0.0928,0.0066
clean,1-54084-A-42.wav,0.0003,0.0009,0.0135,0.0017,0.0015,0.0035,0.0039,0.0068,0.2532,0.0019
clean,1-54505-A-21.wav,0.0118,0.8443,0.0203,0.3248,0.9915,0.0118,0.0166,0.0126,0.0477,0.0181
clean,1-54747-A-46.wav,0.0004,0.0005,0.0054,0.0010,0.0004,0.0045,0.0012,0.0005,0.0101,0.0003
clean,1-54752-A-18.wav,0.0013,0.0004,0.0191,0.0035,0.0003,0.0039,0.0014,0.0015,0.0141,0.0005
clean,1-54918-A-14.wav,0.0081,0.0043,0.0069,0.0100,0.0055,0.0046,0.0078,0.0035,0.0375,0.0142
clean,1-54918-B-14.wav,0.0059,0.0033,0.0062,0.0091,0.0034,0.0110,0.0099,0.0045,0.0136,0.0069
clean,1-54958-A-10.wav,0.0095,0.0064,0.0052,0.0100,0.0104,0.0437,0.0014,0.0037,0.0538,0.0013
clean,1-56233-A-9.wav,0.0000,0.0016,0.0028,0.0002,0.0004,0.0006,0.0020,0.0001,0.0097,0.0001
clean,1-56234-A-9.wav,0.0209,0.0013,0.0035,0.0186,0.0025,0.0051,0.0041,0.0020,0.0113,0.0017
clean,1-56269-A-18.wav,0.0016,0.0007,0.0145,0.0035,0.0024,0.0091,0.0018,0.0017,0.0213,0.0022
clean,1-56270-A-29.wav,0.0085,0.6292,0.0097,0.0463,0.0578,0.0121,0.0109,0.0112,0.0310,0.0100
clean,1-56311-A-10.wav,0.0013,0.0013,0.0146,0.0022,0.0012,0.0258,0.0028,0.0030,0.0314,0.0010
clean,1-56380-A-5.wav,0.0017,0.0027,0.0665,0.0052,0.0017,0.0478,0.0030,0.0012,0.0064,0.0026
clean,1-56380-B-5.wav,0.0059,0.0030,0.0291,0.0104,0.0052,0.0100,0.0081,0.0038,0.0475,0.0084
clean,1-56907-A-46.wav,0.0017,0.0014,0.0178,0.0047,0.0027,0.0042,0.0009,0.0010,0.0086,0.0063
clean,1-57163-A-38.wav,0.0027,0.0003,0.0037,0.0080,0.0018,0.0060,0.0015,0.0022,0.0499,0.0193
clean,1-57316-A-13.wav,0.0043,0.0021,0.0024,0.0066,0.0067,0.0055,0.0079,0.0013,0.0163,0.0015
clean,1-57318-A-13.wav,0.0081,0.0034,0.0025,0.0219,0.0080,0.0158,0.0109,0.0104,0.0610,0.0045
clean,1-57795-A-8.wav,0.0012,0.0033,0.4981,0.0060,0.0070,0.0409,0.0009,0.0032,0.0050,0.0010
clean,1-58277-A-3.wav,0.0085,0.0032,0.0098,0.0155,0.0061,0.0082,0.0109,0.0038,0.0730,0.0082
clean,1-58792-A-24.wav,0.0057,0.9966,0.1610,0.0929,0.9531,0.0109,0.0332,0.0026,0.0334,0.0157
clean,1-58846-A-34.wav,0.0025,0.0098,0.0055,0.0039,0.0043,0.0124,0.0030,0.0014,0.0058,0.0184
clean,1-58923-A-27.wav,0.0040,0.0012,0.0154,0.0204,0.0009,0.0275,0.0142,0.0002,0.0414,0.0016
clean,1-58923-B-27.wav,0.0078,0.0011,0.0079,0.1283,0.0015,0.0465,0.0236,0.0009,0.0231,0.0074
clean,1-59102-A-13.wav,0.0014,0.0012,0.0071,0.0033,0.0043,0.0104,0.0051,0.0053,0.0106,0.0043
clean,1-59324-A-21.wav,0.0085,0.2368,0.0098,0.0155,0.9943,0.0082,0.0109,0.0053,0.0324,0.0202
clean,1-59513-A-0.wav,0.0011,0.0038,0.0363,0.0052,0.0047,0.0008,0.9654,0.0008,0.0262,0.0010
clean,1-5996-A-6.wav,0.0001,0.0009,0.0207,0.0006,0.0005,0.0326,0.0143,0.0002,0.4585,0.0002
clean,1-60460-A-36.wav,0.0003,0.0010,0.0138,0.0008,0.0008,0.0068,0.0020,0.0005,0.0221,0.0097
clean,1-60676-A-34.wav,0.0194,0.0136,0.0016,0.0152,0.0104,0.0418,0.0115,0.0070,0.0445,0.0050
clean,1-60997-A-20.wav,0.0015,0.0610,0.0787,0.0119,0.0057,0.0520,0.0001,0.0013,0.0016,0.0016
clean,1-60997-B-20.wav,0.0002,0.0062,0.0399,0.0029,0.0005,0.0106,0.0002,0.0023,0.0026,0.0013
clean,1-61212-A-32.wav,0.0015,0.0046,0.0044,0.0035,0.0013,0.0060,0.0041,0.0024,0.0193,0.0044
clean,1-61221-A-17.wav,0.0087,0.0027,0.0117,0.0162,0.0071,0.0105,0.0112,0.0026,0.0310,0.0280
clean,1-61252-A-11.wav,0.0017,0.0011,0.0142,0.0030,0.0014,0.0144,0.0048,0.0026,0.0077,0.0009
clean,1-61261-A-44.wav,0.0009,0.0009,0.0142,0.0018,0.0013,0.0098,0.0021,0.0017,0.0264,0.0030
clean,1-61534-A-27.wav,0.0408,0.0041,0.0148,0.2101,0.0158,0.0214,0.0438,0.0044,0.0116,0.0066
clean,1-62509-A-45.wav,0.0019,0.0019,0.0155,0.0043,0.0050,0.0103,0.0045,0.0046,0.0373,0.0186
clean,1-62565-A-44.wav,0.0009,0.0013,0.0040,0.0012,0.0002,0.0021,0.0071,0.0019,0.0177,0.0002
clean,1-62594-A-32.wav,0.0014,0.0031,0.2066,0.0045,0.0005,0.0088,0.0029,0.0120,0.0246,0.0069
clean,1-62849-A-38.wav,0.0014,0.0019,0.0052,0.0100,0.0029,0.0038,0.0038,0.0306,0.0112,0.0257
clean,1-62850-A-38.wav,0.0131,0.0252,0.0263,0.0548,0.2786,0.1188,0.0128,0.0008,0.1282,0.0388
clean,1-63679-A-24.wav,0.1460,1.0000,0.2951,0.5428,0.0243,0.0221,0.0011,0.0001,0.0007,0.0200
clean,1-63871-A-10.wav,0.0023,0.0023,0.0128,0.0031,0.0008,0.0251,0.0036,0.0087,0.0303,0.0021
clean,1-64398-A-41.wav,0.0004,0.0004,0.0457,0.0013,0.0005,0.0069,0.0015,0.0008,0.0015,0.0004
clean,1-64398-B-41.wav,0.0003,0.0002,0.0030,0.0006,0.0002,0.0033,0.0009,0.0006,0.0129,0.0008
clean,1-64473-A-45.wav,0.0006,0.0023,0.0095,0.0022,0.0016,0.0042,0.0033,0.0013,0.0467,0.0835
clean,1-65483-A-13.wav,0.0099,0.0127,0.1253,0.0206,0.0200,0.0144,0.0455,0.0154,0.0302,0.0012
clean,1-67033-A-37.wav,0.0018,0.0005,0.0044,0.0028,0.0009,0.0023,0.0010,0.0002,0.0396,0.0061
clean,1-67152-A-17.wav,0.0102,0.0047,0.0098,0.0194,0.0103,0.0082,0.0109,0.0022,0.0310,0.0097
clean,1-67230-A-29.wav,0.1789,0.0661,0.0066,0.2200,0.0227,0.0139,0.0004,0.0005,0.0039,0.0007
clean,1-67432-A-27.wav,0.0028,0.0007,0.0056,0.0269,0.0031,0.0056,0.0149,0.0007,0.0152,0.0077
clean,1-68628-A-27.wav,0.9786,0.0038,0.0191,0.9527,0.0061,0.2798,0.0109,0.0021,0.0310,0.0150
clean,1-68670-A-34.wav,0.0040,0.0378,0.0055,0.0051,0.0245,0.0126,0.0272,0.0059,0.0057,0.0287
clean,1-68734-A-34.wav,0.0009,0.0211,0.0186,0.0047,0.0138,0.0036,0.0037,0.0020,0.0039,0.0098
clean,1-69165-A-34.wav,0.0085,0.0071,0.0098,0.0155,0.0105,0.0082,0.0117,0.0133,0.0310,0.0208
clean,1-69422-A-3.wav,0.0045,0.0013,0.0209,0.0071,0.0103,0.0047,0.3528,0.0062,0.0999,0.0046
clean,1-69641-A-3.wav,0.0569,0.0318,0.0425,0.0810,0.1037,0.0109,0.0063,0.0132,0.0185,0.0557
clean,1-69760-A-16.wav,0.0051,0.0072,0.0060,0.0072,0.0081,0.0242,0.0105,0.0052,0.0148,0.0015
clean,1-70300-A-45.wav,0.0051,0.0011,0.0232,0.0068,0.0017,0.0103,0.0076,0.0046,0.1392,0.0015
clean,1-7057-A-12.wav,0.0020,0.0022,0.0022,0.0052,0.0003,0.0058,0.0077,0.0047,0.0053,0.0003
clean,1-71030-A-6.wav,0.0019,0.0079,0.0112,0.0053,0.0011,0.0291,0.0080,0.0065,0.0044,0.0026
clean,1-72195-A-37.wav,0.0015,0.0004,0.0038,0.0126,0.0003,0.0018,0.0025,0.0007,0.0134,0.0013
clean,1-72195-B-37.wav,0.0002,0.0002,0.0039,0.0017,0.0003,0.0009,0.0019,0.0001,0.0045,0.0024
clean,1-72229-A-6.wav,0.0026,0.0024,0.0735,0.0041,0.0029,0.0135,0.0053,0.0251,0.0089,0.0016
clean,1-72229-B-6.wav,0.0002,0.0006,0.1470,0.0028,0.0007,0.2953,0.0765,0.0013,0.0219,0.0018
clean,1-72695-A-26.wav,0.0278,0.0418,0.0405,0.4548,0.1216,0.8749,0.0188,0.0044,0.0193,0.0048
clean,1-73123-A-26.wav,0.0096,0.0429,0.0356,0.0976,0.0505,0.9501,0.0054,0.0056,0.0903,0.0043
clean,1-73585-A-7.wav,0.0022,0.0010,0.0124,0.0038,0.0013,0.0077,0.0034,0.0037,0.0124,0.0028
clean,1-74517-A-37.wav,0.0018,0.0005,0.0185,0.0046,0.0008,0.0026,0.0023,0.0008,0.0070,0.0051
clean,1-7456-A-13.wav,0.0112,0.0016,0.0047,0.0113,0.0027,0.0126,0.0029,0.0053,0.0316,0.0021
clean,1-75162-A-9.wav,0.0002,0.0021,0.0005,0.0007,0.0015,0.0002,0.0028,0.0000,0.0276,0.0002
clean,1-75189-A-7.wav,0.0036,0.0013,0.0307,0.0067,0.0023,0.0044,0.0073,0.0158,0.0040,0.0009
clean,1-75190-A-8.wav,0.0002,0.0005,0.0181,0.0006,0.0018,0.3285,0.0008,0.0054,0.0130,0.0001
clean,1-76831-A-42.wav,0.0002,0.0005,0.0478,0.0005,0.0004,0.0135,0.0775,0.0006,0.1302,0.0003
clean,1-76831-B-42.wav,0.0002,0.0005,0.0057,0.0005,0.0001,0.0028,0.0004,0.0002,0.3900,0.0004
clean,1-76831-C-42.wav,0.0004,0.0002,0.0061,0.0005,0.0001,0.0029,0.0013,0.0002,0.2276,0.0003
clean,1-76831-D-42.wav,0.0001,0.0004,0.0087,0.0002,0.0002,0.0212,0.0006,0.0006,0.6507,0.0003
clean,1-76831-E-42.wav,0.0000,0.0004,0.0383,0.0002,0.0017,0.0155,0.0140,0.0001,0.1737,0.0002
clean,1-77160-A-3.wav,0.0004,0.0003,0.0199,0.0020,0.0026,0.0014,0.0022,0.0023,0.0154,0.0041
clean,1-77241-A-3.wav,0.0007,0.0008,0.0125,0.0028,0.0002,0.0012,0.0018,0.0003,0.0255,0.0048
clean,1-79113-A-5.wav,0.0035,0.0015,0.0336,0.0036,0.0052,0.0090,0.0054,0.0018,0.0945,0.0027
clean,1-79146-A-29.wav,0.0096,0.0085,0.0098,0.0155,0.0061,0.0082,0.0109,0.0024,0.0310,0.0058
clean,1-79220-A-17.wav,0.0073,0.0047,0.0008,0.0075,0.0022,0.0067,0.0086,0.0015,0.0180,0.0131
clean,1-79236-A-36.wav,0.0005,0.0019,0.0184,0.0019,0.0015,0.0116,0.0019,0.0003,0.0077,0.0041
clean,1-79711-A-32.wav,0.0016,0.0024,0.0063,0.0046,0.0004,0.0123,0.0030,0.0003,0.0122,0.0028
clean,1-7973-A-7.wav,0.0014,0.0014,0.0387,0.0028,0.0015,0.0089,0.0088,0.0084,0.0546,0.0150
clean,1-7974-A-49.wav,0.0128,0.0023,0.0156,0.0227,0.0082,0.0063,0.0024,0.0086,0.0155,0.0023
clean,1-7974-B-49.wav,0.0085,0.0017,0.0098,0.0246,0.0061,0.0082,0.0109,0.0319,0.0310,0.0162
clean,1-80785-A-7.wav,0.0040,0.0020,0.0167,0.0057,0.0045,0.0074,0.0148,0.0131,0.0427,0.0041
clean,1-80840-A-13.wav,0.0158,0.0012,0.0018,0.0164,0.0009,0.0015,0.0165,0.0033,0.0119,0.0003
clean,1-80841-A-13.wav,0.0005,0.0003,0.0050,0.0013,0.0021,0.0065,0.0034,0.0029,0.0616,0.0035
clean,1-81001-A-30.wav,0.0022,0.0022,0.0184,0.0053,0.0043,0.0208,0.0062,0.2622,0.0070,0.0062
clean,1-81001-B-30.wav,0.0011,0.0015,0.0238,0.0031,0.0006,0.0032,0.0015,0.0878,0.0075,0.0009
clean,1-81269-A-3.wav,0.0078,0.0054,0.0298,0.0106,0.0182,0.1811,0.0399,0.0080,0.0590,0.0120
clean,1-81851-A-31.wav,0.0200,0.0131,0.0078,0.0165,0.0047,0.0063,0.0100,0.0022,0.0295,0.0052
clean,1-81883-A-21.wav,0.0085,0.1863,0.0112,0.0298,0.9969,0.0082,0.0109,0.0054,0.0310,0.0216
clean,1-82817-A-30.wav,0.0085,0.0017,0.0098,0.0155,0.0061,0.0082,0.0109,0.0019,0.0310,0.0058
clean,1-84393-A-32.wav,0.0011,0.0030,0.0075,0.0025,0.0005,0.0070,0.0020,0.0011,0.0016,0.0007
clean,1-84536-A-39.wav,0.0085,0.0022,0.0098,0.0155,0.0061,0.0135,0.0109,0.0028,0.0387,1.0000
clean,1-84704-A-39.wav,0.0092,0.0028,0.0098,0.0179,0.0061,0.0082,0.0109,0.0049,0.0310,0.9927
clean,1-84705-A-39.wav,0.0085,0.0023,0.0105,0.0155,0.0061,0.0082,0.0109,0.1027,0.0310,0.1230
clean,1-85123-A-31.wav,0.0087,0.0159,0.0053,0.0129,0.0077,0.0183,0.0117,0.0353,0.0355,0.0095
clean,1-85168-A-39.wav,0.0162,0.0013,0.0084,0.0156,0.0054,0.0072,0.0051,0.0188,0.0542,0.9996
clean,1-85184-A-39.wav,0.0085,0.0017,0.0098,0.0155,0.0061,0.0082,0.0109,0.0019,0.0310,0.9974
clean,1-85362-A-0.wav,0.0009,0.0029,0.2151,0.0060,0.0041,0.0168,0.9333,0.0042,0.0186,0.0008
clean,1-85909-A-29.wav,0.0084,0.0030,0.0026,0.0090,0.0057,0.0204,0.0084,0.0108,0.0110,0.0026
clean,1-87565-A-29.wav,0.0093,0.0574,0.0168,0.0228,0.0779,0.0089,0.0824,0.0127,0.0077,0.0066
clean,1-88409-A-45.wav,0.0050,0.0095,0.6221,0.0123,0.0096,0.1437,0.0127,0.0235,0.0558,0.0055
clean,1-88409-B-45.wav,0.0023,0.0007,0.0125,0.0019,0.0004,0.0043,0.0020,0.0062,0.0698,0.0003
clean,1-88574-A-8.wav,0.0010,0.0003,0.0060,0.0014,0.0018,0.0081,0.0061,0.0073,0.0140,0.0012
clean,1-88807-A-39.wav,0.0085,0.0017,0.0099,0.0155,0.0067,0.0133,0.0109,0.0072,0.0310,0.1456
clean,1-90797-A-15.wav,0.0109,0.0025,0.0098,0.0177,0.0061,0.0082,0.0109,0.0032,0.0337,0.0083
clean,1-91359-A-11.wav,0.0040,0.0015,0.0154,0.0035,0.0009,0.0208,0.0035,0.0037,0.1188,0.0008
clean,1-91359-B-11.wav,0.0040,0.0036,0.0126,0.0054,0.0018,0.0109,0.0094,0.0067,0.1011,0.0054
clean,1-94036-A-22.wav,0.0011,0.0009,0.0139,0.0051,0.0009,0.0242,0.0015,0.0008,0.0060,0.0023
clean,1-94231-A-32.wav,0.1790,0.0062,0.0129,0.1558,0.0075,0.0181,0.0064,0.0028,0.0304,0.0037
clean,1-94231-B-32.wav,0.0064,0.0025,0.0064,0.0062,0.0016,0.0068,0.0042,0.0041,0.0419,0.0141
clean,1-95563-A-31.wav,0.0044,0.0009,0.0022,0.0094,0.0005,0.0016,0.0011,0.0002,0.0064,0.0037
clean,1-96890-A-37.wav,0.0002,0.0007,0.0080,0.0002,0.0004,0.0005,0.0006,0.0002,0.0279,0.0194
clean,1-96950-A-9.wav,0.0357,0.0051,0.0116,0.0498,0.0111,0.0343,0.0671,0.0041,0.0799,0.0043
clean,1-96950-B-9.wav,0.0000,0.0032,0.0042,0.0002,0.0003,0.0041,0.0033,0.0004,0.0186,0.0003
clean,1-97392-A-0.wav,0.0085,0.0142,0.0145,0.0155,0.0157,0.0082,0.9640,0.0019,0.0310,0.0058
clean,1-977-A-39.wav,0.0085,0.0017,0.0098,0.0155,0.0061,0.0082,0.0109,0.0019,0.0310,0.9948
clean,1-97793-A-31.wav,0.0107,0.0030,0.0039,0.0187,0.0035,0.0087,0.0055,0.0028,0.0189,0.0039
clean,1-9841-A-13.wav,0.0036,0.0026,0.0039,0.0044,0.0069,0.0092,0.0020,0.0101,0.0242,0.0025
clean,1-9886-A-49.wav,0.7781,0.0054,0.0507,0.8809,0.0117,0.0292,0.0237,0.0008,0.0281,0.0137
clean,1-9887-A-49.wav,0.0814,0.0025,0.1849,0.2549,0.0050,0.0604,0.0101,0.0045,0.0446,0.0165
clean,1-9887-B-49.wav,0.0022,0.0085,0.0764,0.0916,0.0031,0.1782,0.0132,0.0205,0.0986,0.0058
clean,1-99958-A-31.wav,0.0553,0.0076,0.0057,0.0689,0.0093,0.0183,0.0607,0.0061,0.0697,0.0051
clean,2-100648-A-43.wav,0.0020,0.0010,0.0442,0.0024,0.0009,0.0086,0.0056,0.0024,0.9992,0.0015
clean,2-100786-A-1.wav,0.0085,0.0017,0.0098,0.0155,0.0061,0.0082,0.0115,0.0019,0.0310,0.0058
clean,2-101676-A-10.wav,0.0016,0.0024,0.0056,0.0019,0.0008,0.0160,0.0016,0.0032,0.0405,0.0010
clean,2-102414-A-17.wav,0.0055,0.0109,0.0159,0.0110,0.0023,0.0074,0.0065,0.0005,0.0138,0.0039
clean,2-102414-B-17.wav,0.0004,0.0027,0.0112,0.0021,0.0011,0.0073,0.0009,0.0003,0.0055,0.0092
clean,2-102414-C-17.wav,0.0025,0.0022,0.0158,0.0117,0.0017,0.0176,0.0060,0.0010,0.0041,0.0129
clean,2-102414-D-17.wav,0.0089,0.0025,0.0096,0.0163,0.0098,0.0108,0.0154,0.0104,0.0184,0.0128
clean,2-102414-E-17.wav,0.0052,0.0048,0.0250,0.0130,0.0030,0.0274,0.0067,0.0017,0.0171,0.0055
clean,2-102414-F-17.wav,0.0012,0.0031,0.0351,0.0067,0.0018,0.0078,0.0077,0.0015,0.0062,0.0083
clean,2-102414-G-17.wav,0.0085,0.0023,0.0193,0.0166,0.0090,0.0126,0.0109,0.0027,0.0310,0.0084
clean,2-102435-A-37.wav,0.1632,0.0017,0.0098,0.1662,0.0061,0.0130,0.0109,0.0042,0.0377,0.0058
clean,2-102567-A-35.wav,0.0013,0.0006,0.0087,0.0019,0.0003,0.0027,0.0018,0.0010,0.0404,0.0007
clean,2-102567-B-35.wav,0.0035,0.0011,0.0102,0.0061,0.0013,0.0094,0.0022,0.0182,0.0310,0.0105
clean,2-102567-C-35.wav,0.0029,0.0019,0.0090,0.0060,0.0011,0.0074,0.0043,0.0021,0.0157,0.0090
clean,2-102567-D-35.wav,0.0011,0.0009,0.0053,0.0017,0.0004,0.0061,0.0019,0.0017,0.0235,0.0024
clean,2-102568-A-35.wav,0.0036,0.0025,0.0113,0.0042,0.0024,0.0212,0.0045,0.0031,0.0449,0.0062
clean,2-102581-A-29.wav,0.0146,0.0045,0.0098,0.0201,0.0118,0.0099,0.1986,0.0148,0.0310,0.0200
clean,2-102581-B-29.wav,0.0189,0.0167,0.0098,0.0655,0.0162,0.0091,0.0274,0.0090,0.0310,0.0117
clean,2-102852-A-11.wav,0.0010,0.0016,0.0106,0.0039,0.0009,0.0100,0.0045,0.0017,0.0207,0.0011
clean,2-103423-A-3.wav,0.0085,0.0022,0.0098,0.0155,0.0061,0.0082,0.0203,0.0041,0.0310,0.0143
clean,2-103424-A-3.wav,0.0085,0.0019,0.0106,0.0155,0.0061,0.0082,0.0109,0.0022,0.0310,0.0058
clean,2-103426-A-3.wav,0.0085,0.0017,0.0098,0.0155,0.0061,0.0082,0.0109,0.0032,0.0938,0.0084
clean,2-103427-A-3.wav,0.0085,0.0017,0.0207,0.0155,0.0061,0.0082,0.0109,0.0117,0.0310,0.0137
clean,2-103428-A-3.wav,0.0085,0.0026,0.0209,0.0155,0.0061,0.0082,0.0109,0.0034,0.0310,0.0058
clean,2-104105-A-19.wav,0.0007,0.0005,0.0027,0.0010,0.0008,0.0010,0.0025,0.0002,0.0046,0.0001
clean,2-104105-B-19.wav,0.0011,0.0007,0.0036,0.0031,0.0016,0.0024,0.0058,0.0005,0.0010,0.0001
clean,2-104168-A-32.wav,0.0009,0.0011,0.0030,0.0020,0.0005,0.0033,0.0007,0.0010,0.0162,0.0015
clean,2-104475-A-37.wav,0.0001,0.0016,0.0039,0.0009,0.0003,0.0024,0.0032,0.0000,0.0594,0.0054
clean,2-104476-A-37.wav,0.0010,0.0001,0.0008,0.0038,0.0001,0.0006,0.0025,0.0002,0.0301,0.0018
clean,2-104877-A-3.wav,0.0019,0.0026,0.7574,0.0067,0.0024,0.0377,0.0914,0.0030,0.0088,0.0012
clean,2-104952-A-16.wav,0.0077,0.0045,0.0099,0.0122,0.0044,0.0217,0.0067,0.0089,0.0289,0.0011
clean,2-104952-B-16.wav,0.0025,0.0029,0.0076,0.0035,0.0027,0.0188,0.0060,0.0077,0.0312,0.0013
clean,2-105270-A-47.wav,0.0229,0.0044,0.0046,0.0279,0.0028,0.0065,0.0552,0.0062,0.0704,0.0010
clean,2-106014-A-44.wav,0.0037,0.0020,0.0119,0.0085,0.0015,0.0187,0.0048,0.0030,0.0979,0.0025
clean,2-106015-A-44.wav,0.0006,0.0012,0.0074,0.0011,0.0011,0.0019,0.0019,0.0013,0.0289,0.0002
clean,2-106015-B-44.wav,0.0002,0.0019,0.0113,0.0012,0.0016,0.0090,0.0044,0.0016,0.0218,0.0009
clean,2-106019-A-13.wav,0.0012,0.0009,0.0047,0.0018,0.0010,0.0053,0.0040,0.0048,0.0104,0.0006
clean,2-106072-A-36.wav,0.0006,0.0012,0.0123,0.0013,0.0010,0.0069,0.0015,0.0003,0.0301,0.0072
clean,2-106073-A-36.wav,0.0018,0.0016,0.0081,0.0035,0.0012,0.0101,0.0025,0.0009,0.0174,0.0092
clean,2-106486-A-44.wav,0.0017,0.0013,0.0086,0.0060,0.0009,0.0074,0.0031,0.0017,0.0327,0.0018
clean,2-106487-A-44.wav,0.0010,0.0007,0.0148,0.0038,0.0006,0.0054,0.0060,0.0028,0.0529,0.0020
clean,2-106849-A-47.wav,0.0024,0.0007,0.0133,0.0071,0.0004,0.0012,0.0059,0.0056,0.0013,0.0047
clean,2-106881-A-39.wav,0.0036,0.0019,0.0067,0.0069,0.0007,0.0215,0.0035,0.0017,0.0119,0.0015
clean,2-107228-A-44.wav,0.0007,0.0013,0.0064,0.0021,0.0001,0.0018,0.0021,0.0003,0.0015,0.0027
clean,2-107228-B-44.wav,0.0008,0.0023,0.0071,0.0048,0.0003,0.0048,0.0020,0.0005,0.0020,0.0024
clean,2-107351-A-20.wav,0.0010,0.1875,0.0873,0.0054,0.0053,0.6041,0.0004,0.0015,0.0014,0.0006
clean,2-107351-B-20.wav,0.0001,0.0025,0.1987,0.0016,0.0011,0.2240,0.0002,0.0008,0.0010,0.0001
clean,2-108017-A-24.wav,0.0131,0.9959,0.0073,0.1558,0.2317,0.0074,0.0811,0.0016,0.0056,0.0133
clean,2-108760-A-14.wav,0.0059,0.0045,0.0071,0.0093,0.0032,0.0164,0.0199,0.0017,0.0826,0.0024
clean,2-108760-B-14.wav,0.0078,0.0243,0.0160,0.0146,0.0129,0.0379,0.1551,0.0039,0.0471,0.0067
clean,2-108761-A-14.wav,0.0079,0.0127,0.0080,0.0128,0.0093,0.0092,0.0472,0.0068,0.0703,0.0062
clean,2-108763-A-9.wav,0.0023,0.0055,0.0308,0.0240,0.0022,0.0064,0.0036,0.0006,0.0858,0.0006
clean,2-108766-A-9.wav,0.0009,0.0020,0.0089,0.0013,0.0022,0.0022,0.0058,0.0004,0.0622,0.0002
clean,2-108767-A-9.wav,0.0071,0.0106,0.0084,0.0147,0.0041,0.0085,0.0182,0.0050,0.0463,0.0023
clean,2-108767-B-9.wav,0.0209,0.0049,0.0129,0.0270,0.0052,0.0083,0.0704,0.0144,0.0998,0.0029
clean,2-108767-C-9.wav,0.0019,0.0035,0.0057,0.0063,0.0012,0.0018,0.0049,0.0005,0.0515,0.0006
clean,2-109231-A-9.wav,0.0108,0.0163,0.0056,0.0380,0.0088,0.0226,0.0090,0.0048,0.0240,0.0006
clean,2-109231-B-9.wav,0.0009,0.0005,0.0324,0.0023,0.0007,0.0294,0.0064,0.0037,0.0183,0.0029
clean,2-109231-C-9.wav,0.0528,0.0518,0.0073,0.1265,0.0593,0.0176,0.0551,0.0365,0.1230,0.0134
clean,2-109316-A-32.wav,0.0047,0.0084,0.0027,0.0135,0.0020,0.0039,0.0013,0.0027,0.0109,0.0099
clean,2-109371-A-16.wav,0.0076,0.0035,0.0194,0.0099,0.0041,0.0279,0.0122,0.0050,0.3280,0.0030
clean,2-109371-B-16.wav,0.0073,0.0042,0.0125,0.0101,0.0047,0.0254,0.0089,0.0064,0.1379,0.0026
clean,2-109371-C-16.wav,0.0055,0.0026,0.0331,0.0075,0.0069,0.0159,0.0078,0.0033,0.1170,0.0079
clean,2-109371-D-16.wav,0.0108,0.0069,0.0099,0.0120,0.0067,0.0241,0.0119,0.0101,0.1779,0.0030
clean,2-109374-A-16.wav,0.0241,0.0262,0.0154,0.0730,0.0568,0.0303,0.0343,0.0157,0.0306,0.0095
clean,2-109505-A-21.wav,0.0107,0.0459,0.0345,0.0177,0.9840,0.0100,0.0124,0.0028,0.0382,0.0090
clean,2-109759-A-26.wav,0.0327,0.2319,0.0860,0.6028,0.3044,0.8841,0.0069,0.0315,0.0095,0.0197
clean,2-109759-B-26.wav,0.0832,0.2102,0.0253,0.0687,0.4516,0.8967,0.0292,0.0297,0.0232,0.0037
clean,2-110010-A-5.wav,0.0085,0.0017,0.0120,0.0155,0.0061,0.0082,0.0109,0.0019,0.0310,0.0058
clean,2-110011-A-5.wav,0.0085,0.0075,0.0098,0.0155,0.0061,0.0118,0.0167,0.0019,0.0310,0.0058
clean,2-110417-A-28.wav,0.9512,0.0086,0.0106,0.9398,0.0043,0.0143,0.0093,0.0048,0.0467,0.0057
clean,2-110417-B-28.wav,0.9191,0.0188,0.0063,0.9087,0.0069,0.0144,0.0083,0.0028,0.0261,0.0048
clean,2-110613-A-13.wav,0.0166,0.0037,0.0039,0.0323,0.0093,0.0125,0.0127,0.0052,0.0399,0.0157
clean,2-110614-A-8.wav,0.0216,0.0009,0.0330,0.0248,0.0031,0.0029,0.0098,0.0030,0.0202,0.0004
clean,2-110614-B-8.wav,0.0021,0.0003,0.0235,0.0018,0.0007,0.0008,0.0007,0.0008,0.0135,0.0002
clean,2-112213-A-39.wav,0.0002,0.0007,0.0037,0.0020,0.0007,0.0017,0.0008,0.0044,0.0123,1.0000
clean,2-112213-B-39.wav,0.0003,0.0006,0.0077,0.0021,0.0020,0.0027,0.0004,0.0005,0.0069,1.0000
clean,2-114254-A-30.wav,0.0085,0.0020,0.0098,0.0155,0.0086,0.0082,0.0728,0.0069,0.0310,0.0073
clean,2-114280-A-0.wav,0.0009,0.1469,0.0072,0.0120,0.0076,0.0070,0.9444,0.0005,0.0309,0.0037
clean,2-114587-A-0.wav,0.0014,0.0031,0.0293,0.0070,0.0051,0.0054,0.9637,0.0002,0.0085,0.0009
clean,2-114609-A-28.wav,0.5480,0.0435,0.0216,0.5392,0.0230,0.0193,0.0096,0.0131,0.0491,0.0114
clean,2-114609-B-28.wav,0.8207,0.0187,0.0049,0.9206,0.0138,0.0283,0.0061,0.0199,0.0045,0.0053
clean,2-116400-A-0.wav,0.0039,0.0182,0.0130,0.0226,0.0199,0.0029,0.9467,0.0049,0.0548,0.0019
clean,2-117116-A-37.wav,0.0001,0.0001,0.0100,0.0008,0.0002,0.0016,0.0057,0.0001,0.0136,0.0025
clean,2-117271-A-0.wav,0.0004,0.0047,0.0071,0.0045,0.0019,0.0066,0.9614,0.0011,0.1022,0.0009
clean,2-117330-A-28.wav,0.9609,0.0101,0.0166,0.9649,0.0135,0.0067,0.0066,0.0039,0.0068,0.0097
clean,2-117615-A-48.wav,0.0006,0.0008,0.0075,0.0028,0.0005,0.0070,0.0017,0.0031,0.0110,0.0016
clean,2-117615-B-48.wav,0.0002,0.0008,0.0048,0.0011,0.0003,0.0026,0.0024,0.0032,0.0193,0.0005
clean,2-117615-C-48.wav,0.0059,0.0019,0.0121,0.0064,0.0062,0.0103,0.0138,0.1867,0.0686,0.0075
clean,2-117615-D-48.wav,0.0004,0.0013,0.0012,0.0026,0.0005,0.0023,0.0038,0.0155,0.0065,0.0037
clean,2-117615-E-48.wav,0.0010,0.0021,0.0035,0.0032,0.0011,0.0039,0.0105,0.1337,0.0045,0.0175
clean,2-117616-A-48.wav,0.0030,0.0017,0.0030,0.0039,0.0012,0.0287,0.0089,0.0520,0.0621,0.0107
clean,2-117617-A-48.wav,0.0035,0.0028,0.0202,0.0090,0.0019,0.0213,0.0024,0.0160,0.0069,0.0011
clean,2-117625-A-10.wav,0.0022,0.0026,0.0072,0.0036,0.0013,0.0388,0.0023,0.0042,0.0374,0.0005
clean,2-117795-A-3.wav,0.0001,0.0005,0.0192,0.0010,0.0002,0.0038,0.0054,0.0002,0.0065,0.0007
clean,2-117795-B-3.wav,0.0006,0.0005,0.2463,0.0012,0.0012,0.0020,0.0012,0.0002,0.0722,0.0006
clean,2-118072-A-0.wav,0.0085,0.0037,0.0107,0.0155,0.0061,0.0082,0.9587,0.0042,0.0349,0.0105
clean,2-118104-A-21.wav,0.0050,0.1539,0.0861,0.0710,0.9995,0.0895,0.0171,0.0081,0.0166,0.0093
clean,2-118459-A-32.wav,0.0004,0.0010,0.0141,0.0018,0.0005,0.0209,0.0006,0.0019,0.0143,0.0012
clean,2-118459-B-32.wav,0.0009,0.0010,0.0059,0.0017,0.0006,0.0132,0.0008,0.0095,0.0146,0.0018
clean,2-118624-A-30.wav,0.0106,0.0051,0.0098,0.0175,0.0327,0.0097,0.0109,0.0041,0.0326,0.0220
clean,2-118625-A-30.wav,0.0099,0.0125,0.0098,0.0260,0.0386,0.0128,0.0109,0.0129,0.0310,0.0208
clean,2-118817-A-32.wav,0.0015,0.0010,0.0031,0.0018,0.0004,0.0028,0.0013,0.0002,0.0226,0.0009
clean,2-118964-A-0.wav,0.0357,0.0133,0.0106,0.0424,0.0240,0.0085,0.9920,0.0030,0.0348,0.0064
clean,2-119102-A-21.wav,0.0175,0.1280,0.0198,0.0259,0.9942,0.0111,0.0109,0.0224,0.0342,0.0424
clean,2-119139-A-31.wav,0.0085,0.0020,0.0098,0.0155,0.0086,0.0082,0.0109,0.0048,0.0310,0.0058
clean,2-119161-A-8.wav,0.0001,0.0017,0.2008,0.0006,0.0011,0.0007,0.0008,0.0020,0.0111,0.0004
clean,2-119161-B-8.wav,0.0001,0.0003,0.0035,0.0004,0.0002,0.0012,0.0011,0.0002,0.0024,0.0008
clean,2-119161-C-8.wav,0.0309,0.0027,0.0166,0.0289,0.0062,0.0081,0.0096,0.0029,0.0745,0.0079
clean,2-119748-A-38.wav,0.0007,0.0026,0.0036,0.0018,0.0028,0.0013,0.0019,0.0728,0.0579,0.0259
clean,2-120218-A-30.wav,0.0027,0.0019,0.0017,0.0138,0.0014,0.0037,0.0093,0.0362,0.0037,0.0007
clean,2-120218-B-30.wav,0.0021,0.0018,0.0011,0.0035,0.0002,0.0047,0.0008,0.0500,0.0012,0.0012
clean,2-120333-A-32.wav,0.0008,0.0014,0.0051,0.0024,0.0002,0.0106,0.0025,0.0001,0.0498,0.0027
clean,2-120586-A-6.wav,0.0004,0.0005,0.0010,0.0006,0.0022,0.0019,0.0017,0.0001,0.0136,0.0022
clean,2-120587-A-6.wav,0.0085,0.0017,0.0098,0.0155,0.0061,0.0082,0.0109,0.0019,0.0310,0.0058
clean,2-121909-A-35.wav,0.0032,0.0004,0.0089,0.0063,0.0008,0.0079,0.0092,0.0031,0.0289,0.0036
clean,2-121978-A-29.wav,0.0133,0.0033,0.0188,0.0062,0.0024,0.0016,0.0320,0.0066,0.0606,0.0007
clean,2-122066-A-45.wav,0.0034,0.0006,0.0128,0.0030,0.0012,0.0062,0.0015,0.0009,0.1549,0.0025
clean,2-122066-B-45.wav,0.0016,0.0013,0.0107,0.0026,0.0041,0.0103,0.0020,0.0014,0.0312,0.0023
clean,2-122067-A-45.wav,0.0020,0.0009,0.0155,0.0027,0.0028,0.0068,0.0015,0.0026,0.0721,0.0295
clean,2-122067-B-45.wav,0.0003,0.0019,0.0270,0.0007,0.0022,0.0068,0.0030,0.0012,0.0275,0.0078
clean,2-122104-A-0.wav,0.0017,0.0034,0.0029,0.0101,0.0093,0.0016,0.9609,0.0050,0.0588,0.0048
clean,2-122104-B-0.wav,0.0003,0.0019,0.0237,0.0041,0.0009,0.0010,0.9361,0.0005,0.5272,0.0003
clean,2-122616-A-14.wav,0.0019,0.0006,0.0030,0.0021,0.0002,0.0025,0.0028,0.0002,0.0106,0.0005
clean,2-122763-A-29.wav,0.0519,0.0276,0.0114,0.0437,0.0235,0.0237,0.0541,0.0229,0.0213,0.0043
clean,2-122763-B-29.wav,0.0187,0.1391,0.0274,0.0264,0.0827,0.0883,0.0114,0.0045,0.0119,0.0092
clean,2-122820-A-36.wav,0.0011,0.0019,0.0138,0.0036,0.0016,0.0050,0.0037,0.0006,0.0055,0.0266
clean,2-122820-B-36.wav,0.0014,0.0029,0.0217,0.0047,0.0019,0.0059,0.0058,0.0006,0.0144,0.0220
clean,2-123712-A-33.wav,0.0686,0.0032,0.0220,0.0457,0.0076,0.0152,0.0031,0.0014,0.0317,0.0049
clean,2-123896-A-24.wav,0.0134,0.9999,0.2867,0.7336,0.0672,0.0925,0.0140,0.0026,0.0161,0.0343
clean,2-124564-A-15.wav,0.0609,0.0308,0.0270,0.0486,0.0062,0.0098,0.1884,0.0040,0.0017,0.0008
clean,2-124662-A-11.wav,0.0031,0.0015,0.0193,0.0049,0.0012,0.0214,0.0052,0.0061,0.0718,0.0014
clean,2-125520-A-43.wav,0.0004,0.0002,0.0027,0.0014,0.0002,0.0023,0.0022,0.0004,0.9952,0.0028
clean,2-125821-A-13.wav,0.0068,0.0032,0.0047,0.0053,0.0029,0.0263,0.0040,0.0065,0.0506,0.0044
clean,2-125875-A-13.wav,0.0075,0.0023,0.0922,0.0098,0.0027,0.0075,0.0459,0.0145,0.0665,0.0013
clean,2-125966-A-11.wav,0.0015,0.0040,0.0044,0.0086,0.0018,0.0290,0.0039,0.0013,0.0193,0.0008
clean,2-126433-A-17.wav,0.0007,0.0013,0.0050,0.0035,0.0003,0.0018,0.0011,0.0002,0.0038,0.1839
clean,2-126756-A-29.wav,0.0484,0.3173,0.2486,0.2962,0.4285,0.0659,0.0156,0.0155,0.0310,0.0077
clean,2-127108-A-38.wav,0.0035,0.0015,0.0373,0.0586,0.0068,0.0132,0.0154,0.0101,0.0165,0.0060
clean,2-127109-A-6.wav,0.0004,0.0138,0.0320,0.0013,0.0009,0.0107,0.0038,0.0006,0.0051,0.0006
clean,2-128465-A-43.wav,0.0008,0.0009,0.0111,0.0022,0.0025,0.0067,0.0081,0.0011,0.8075,0.0012
clean,2-128465-B-43.wav,0.0023,0.0022,0.0050,0.0039,0.0012,0.0139,0.0075,0.0032,0.9628,0.0003
clean,2-128631-A-21.wav,0.0104,0.3127,0.0116,0.0291,0.9999,0.0082,0.0110,0.0019,0.0319,0.0058
clean,2-130245-A-34.wav,0.0123,0.0083,0.0044,0.0162,0.0099,0.0263,0.0047,0.0122,0.0301,0.0045
clean,2-130978-A-21.wav,0.0085,0.0237,0.0778,0.1339,0.9991,0.0082,0.0109,0.0032,0.0310,0.0112
clean,2-130979-A-21.wav,0.0171,0.0164,0.4266,0.0550,0.9859,0.0176,0.0099,0.0032,0.0388,0.0032
clean,2-131943-A-38.wav,0.0020,0.0010,0.0090,0.0037,0.0028,0.0103,0.0040,0.0025,0.0094,0.0016
clean,2-132157-A-11.wav,0.0028,0.0035,0.0150,0.0051,0.0018,0.0048,0.0034,0.0053,0.0305,0.0073
clean,2-132157-B-11.wav,0.0013,0.0020,0.0112,0.0068,0.0026,0.0130,0.0079,0.0114,0.0111,0.0036
clean,2-133863-A-11.wav,0.0012,0.0019,0.0049,0.0052,0.0014,0.0075,0.0039,0.0031,0.0083,0.0030
clean,2-133889-A-30.wav,0.0135,0.0017,0.0098,0.0155,0.0061,0.0082,0.0109,0.0684,0.0310,0.0150
clean,2-134049-A-6.wav,0.0086,0.0017,0.0100,0.0161,0.0061,0.0174,0.0148,0.0021,0.0310,0.0200
clean,2-134700-A-38.wav,0.0052,0.0011,0.0209,0.0192,0.0012,0.0106,0.0033,0.0025,0.0418,0.0020
clean,2-134915-A-30.wav,0.0086,0.0017,0.0098,0.0156,0.0062,0.0082,0.0109,0.0684,0.0310,0.0058
clean,2-135649-A-45.wav,0.0081,0.0055,0.0306,0.0117,0.0049,0.0101,0.0091,0.0167,0.0823,0.0061
clean,2-135649-B-45.wav,0.0025,0.0007,0.0082,0.0031,0.0009,0.0115,0.0041,0.0017,0.0755,0.0010
clean,2-135649-C-45.wav,0.0078,0.0019,0.0052,0.0115,0.0071,0.0119,0.0050,0.0329,0.0302,0.0147
clean,2-135728-A-38.wav,0.0186,0.0075,0.0083,0.0427,0.0188,0.0221,0.0088,0.0056,0.0221,0.0085
clean,2-135860-A-49.wav,0.0037,0.0009,0.0179,0.0526,0.0035,0.0131,0.0027,0.0039,0.0170,0.0412
clean,2-137162-A-11.wav,0.0027,0.0026,0.0111,0.0047,0.0020,0.0276,0.0049,0.0068,0.0240,0.0035
clean,2-138257-A-31.wav,0.0337,0.0022,0.0043,0.0340,0.0058,0.0135,0.0101,0.0035,0.0621,0.0029
clean,2-138465-A-43.wav,0.0088,0.0039,0.0139,0.0075,0.0040,0.0231,0.0101,0.0075,0.1480,0.0052
clean,2-139748-A-15.wav,0.0028,0.0040,0.0057,0.0115,0.0113,0.0081,0.0033,0.0063,0.0104,0.0722
clean,2-139748-B-15.wav,0.0043,0.0039,0.0085,0.0100,0.0209,0.0112,0.0057,0.0076,0.0162,0.0809
clean,2-139749-A-15.wav,0.0207,0.0234,0.0154,0.0237,0.0222,0.0472,0.0333,0.0039,0.0296,0.0036
clean,2-140147-A-38.wav,0.0019,0.0015,0.0211,0.0047,0.0020,0.0059,0.0037,0.0045,0.0096,0.0467
clean,2-140841-A-30.wav,0.0085,0.0035,0.0098,0.0155,0.0061,0.0085,0.0163,0.0112,0.0310,0.0058
clean,2-141563-A-39.wav,0.0085,0.0017,0.0098,0.0155,0.0061,0.0082,0.0109,0.0029,0.0652,0.9999
clean,2-141584-A-38.wav,0.0117,0.0145,0.0068,0.0144,0.0202,0.0149,0.0126,0.0231,0.0172,0.0056
clean,2-141681-A-36.wav,0.0026,0.0021,0.0173,0.0046,0.0033,0.0071,0.0044,0.0018,0.0184,0.0062
clean,2-141681-B-36.wav,0.0021,0.0028,0.0186,0.0066,0.0033,0.0159,0.0059,0.0029,0.0123,0.0054
clean,2-141682-A-36.wav,0.0054,0.0018,0.0104,0.0122,0.0012,0.0076,0.0054,0.0119,0.0457,0.0034
clean,2-141682-B-36.wav,0.0025,0.0013,0.0096,0.0082,0.0010,0.0087,0.0021,0.0011,0.0126,0.0056
clean,2-144031-A-34.wav,0.0590,0.0140,0.0098,0.0657,0.0271,0.0082,0.0109,0.0026,0.0310,0.0058
clean,2-144137-A-43.wav,0.0085,0.0017,0.0098,0.0155,0.0061,0.0082,0.0109,0.0019,0.9820,0.0058
clean,2-146877-A-31.wav,0.0046,0.0007,0.0043,0.0153,0.0018,0.0037,0.0034,0.0007,0.0080,0.0037
clean,2-146877-B-31.wav,0.0055,0.0008,0.0074,0.0056,0.0032,0.0048,0.0069,0.0002,0.0198,0.0027
clean,2-151079-A-20.wav,0.0019,0.0218,0.0328,0.0055,0.0054,0.1425,0.0044,0.0033,0.0013,0.0032
clean,2-152895-A-31.wav,0.0034,0.0048,0.0037,0.0163,0.0042,0.0043,0.0046,0.3421,0.0193,0.0188
clean,2-152964-A-31.wav,0.0085,0.0017,0.0098,0.0155,0.0061,0.0082,0.0109,0.0342,0.0310,0.0129
clean,2-153388-A-31.wav,0.0085,0.0017,0.0098,0.0155,0.0061,0.0082,0.0109,0.0153,0.0310,0.0090
clean,2-154688-A-31.wav,0.0114,0.0107,0.0027,0.0268,0.0077,0.0129,0.0079,0.0137,0.0362,0.0057
clean,2-155801-A-11.wav,0.0012,0.0015,0.0082,0.0022,0.0007,0.0107,0.0048,0.0063,0.0176,0.0047
clean,2-157488-A-6.wav,0.0001,0.0002,0.0063,0.0003,0.0004,0.0070,0.0012,0.0003,0.0109,0.0007
clean,2-158746-A-2.wav,0.0002,0.0008,0.0110,0.0008,0.0004,0.0052,0.0033,0.0008,0.0022,0.0049
clean,2-158746-B-2.wav,0.0004,0.0001,0.0286,0.0009,0.0000,0.0003,0.0022,0.0063,0.0005,0.0019
clean,2-158746-C-2.wav,0.0558,0.0020,0.0116,0.0418,0.0075,0.0042,0.0130,0.0151,0.0110,0.0108
clean,2-158746-D-2.wav,0.0632,0.0145,0.0172,0.0420,0.0148,0.0241,0.0300,0.0071,0.0128,0.0044
clean,2-160128-A-7.wav,0.2506,0.0015,0.0099,0.2291,0.0014,0.0098,0.0123,0.0061,0.0068,0.0017
clean,2-160888-A-47.wav,0.0056,0.0019,0.0097,0.0105,0.0020,0.0076,0.0055,0.0024,0.0364,0.0073
clean,2-165801-A-48.wav,0.0006,0.0009,0.0005,0.0013,0.0008,0.0012,0.0082,0.0149,0.0048,0.0018
clean,2-166644-A-2.wav,0.0034,0.0013,0.0308,0.0140,0.0003,0.0009,0.1363,0.0002,0.0019,0.0025
clean,2-166644-B-2.wav,0.0058,0.0066,0.0337,0.0104,0.0031,0.0048,0.0088,0.0101,0.0115,0.0021
clean,2-166644-C-2.wav,0.0080,0.0066,0.0150,0.0227,0.0040,0.0079,0.0041,0.0273,0.0056,0.0034
clean,2-173559-A-39.wav,0.0031,0.0050,0.0071,0.0091,0.0080,0.0065,0.0064,0.0147,0.0098,0.9994
clean,2-173607-A-39.wav,0.0319,0.0169,0.0446,0.0493,0.0392,0.0205,0.0154,0.0139,0.0318,0.9825
clean,2-173618-A-39.wav,0.0024,0.0014,0.0134,0.0113,0.0089,0.0085,0.0033,0.0324,0.0097,0.9996
clean,2-182508-A-8.wav,0.0020,0.0002,0.0489,0.0018,0.0014,0.0019,0.0025,0.0062,0.0686,0.0048
clean,2-182508-B-8.wav,0.0026,0.0002,0.0118,0.0018,0.0015,0.0032,0.0016,0.0048,0.0422,0.0009
clean,2-184077-A-49.wav,0.0728,0.0041,0.0117,0.1965,0.0009,0.0074,0.0029,0.0008,0.0088,0.0005
clean,2-18766-A-12.wav,0.0027,0.0008,0.0054,0.0064,0.0003,0.0069,0.0019,0.0011,0.0270,0.0015
clean,2-18766-B-12.wav,0.0064,0.0022,0.0034,0.0066,0.0005,0.0081,0.0046,0.0014,0.0139,0.0021
clean,2-188822-A-40.wav,0.0674,0.0031,0.0164,0.0523,0.0030,0.0177,0.0074,0.0031,0.1622,0.0009
clean,2-188822-B-40.wav,0.0015,0.0005,0.0064,0.0018,0.0006,0.0093,0.0028,0.0073,0.0426,0.0015
clean,2-188822-C-40.wav,0.0100,0.0003,0.0029,0.0116,0.0003,0.0049,0.0015,0.0014,0.0183,0.0009
clean,2-188822-D-40.wav,0.0030,0.0039,0.0078,0.0046,0.0010,0.0140,0.0028,0.0018,0.0578,0.0044
clean,2-196688-A-8.wav,0.0320,0.0023,0.1017,0.0264,0.0051,0.0112,0.0041,0.0158,0.0417,0.0037
clean,2-205966-A-16.wav,0.0060,0.0023,0.0149,0.0080,0.0015,0.0084,0.0107,0.0071,0.0629,0.0015
clean,2-209471-A-25.wav,0.0200,0.0034,0.0177,0.0295,0.0035,0.0174,0.0070,0.1011,0.0207,0.0058
clean,2-209472-A-25.wav,0.0093,0.0034,0.0074,0.0215,0.0021,0.0141,0.0051,0.1773,0.0211,0.0037
clean,2-209473-A-25.wav,0.0118,0.0051,0.0085,0.0433,0.0105,0.0344,0.0055,0.1349,0.0257,0.0310
clean,2-209474-A-25.wav,0.0069,0.0031,0.0111,0.0138,0.0016,0.0098,0.0022,0.2623,0.0208,0.0031
clean,2-209475-A-25.wav,0.0077,0.0025,0.0045,0.0198,0.0020,0.0069,0.0127,0.1984,0.0130,0.0027
clean,2-209476-A-25.wav,0.0071,0.0055,0.0046,0.0140,0.0017,0.0133,0.0028,0.0738,0.0247,0.0073
clean,2-209477-A-25.wav,0.0096,0.0059,0.0039,0.0136,0.0017,0.0144,0.0066,0.1008,0.0194,0.0079
clean,2-209478-A-25.wav,0.0028,0.0032,0.0066,0.0086,0.0032,0.0075,0.0049,0.1223,0.0228,0.0053
clean,2-250710-A-39.wav,0.0095,0.0041,0.0105,0.0123,0.0056,0.0097,0.0092,0.0142,0.0212,0.0822
clean,2-25292-A-22.wav,0.0020,0.0012,0.5073,0.0043,0.0011,0.0271,0.0014,0.0030,0.0020,0.0020
clean,2-25293-A-22.wav,0.0085,0.0017,0.3825,0.0155,0.0061,0.0262,0.0109,0.0050,0.0310,0.0058
clean,2-262579-A-45.wav,0.0020,0.0053,0.0135,0.0026,0.0035,0.0069,0.0062,0.0023,0.1264,0.0033
clean,2-28314-A-12.wav,0.0064,0.0034,0.0036,0.0063,0.0009,0.0086,0.0064,0.0022,0.0121,0.0007
clean,2-28314-B-12.wav,0.0119,0.0039,0.0045,0.0078,0.0017,0.0205,0.0077,0.0067,0.2493,0.0007
clean,2-30322-A-12.wav,0.0049,0.0031,0.0032,0.0051,0.0008,0.0101,0.0065,0.0025,0.0224,0.0006
clean,2-30322-B-12.wav,0.0030,0.0029,0.0056,0.0036,0.0013,0.0158,0.0063,0.0038,0.0388,0.0003
clean,2-32515-A-4.wav,0.0007,0.0002,0.0065,0.0022,0.0004,0.0039,0.0030,0.0002,0.0028,0.0005
clean,2-32515-B-4.wav,0.0001,0.0001,0.0058,0.0003,0.0003,0.0014,0.0023,0.0004,0.0101,0.0006
clean,2-32515-C-4.wav,0.0002,0.0001,0.0055,0.0006,0.0003,0.0015,0.0104,0.0002,0.0095,0.0003
clean,2-32515-D-4.wav,0.0004,0.0002,0.0091,0.0011,0.0008,0.0045,0.0152,0.0001,0.0026,0.0002
clean,2-32834-A-4.wav,0.0004,0.0001,0.0075,0.0009,0.0002,0.0019,0.0038,0.0006,0.0062,0.0005
clean,2-37806-A-40.wav,0.0020,0.0017,0.0278,0.0081,0.0003,0.0046,0.0029,0.0004,0.0173,0.0003
clean,2-37806-B-40.wav,0.0020,0.0009,0.0953,0.0041,0.0004,0.0070,0.0042,0.0009,0.0489,0.0004
clean,2-37806-C-40.wav,0.0014,0.0010,0.0097,0.0068,0.0002,0.0038,0.0022,0.0002,0.0060,0.0001
clean,2-37806-D-40.wav,0.0010,0.0004,0.0156,0.0022,0.0002,0.0051,0.0013,0.0005,0.0111,0.0003
clean,2-37870-A-2.wav,0.4136,0.0076,0.0544,0.3220,0.0008,0.0291,0.0056,0.0086,0.0092,0.0017
clean,2-39441-A-19.wav,0.0009,0.0005,0.0053,0.0026,0.0005,0.0014,0.0045,0.0013,0.0054,0.0004
clean,2-39443-A-19.wav,0.0058,0.0016,0.0027,0.0075,0.0035,0.0067,0.0059,0.0075,0.0329,0.0018
clean,2-39443-B-19.wav,0.0040,0.0021,0.0042,0.0095,0.0024,0.0076,0.0046,0.0103,0.0056,0.0014
clean,2-39945-A-19.wav,0.0017,0.0006,0.0043,0.0035,0.0020,0.0024,0.0022,0.0023,0.0022,0.0001
clean,2-39945-B-19.wav,0.0036,0.0019,0.0067,0.0080,0.0047,0.0038,0.0088,0.0048,0.0132,0.0007
clean,2-39945-C-19.wav,0.0013,0.0024,0.0087,0.0024,0.0038,0.0060,0.0030,0.0007,0.0026,0.0013
clean,2-42101-A-43.wav,0.0126,0.0050,0.0138,0.0150,0.0041,0.0106,0.0256,0.0198,0.5760,0.0021
clean,2-43802-A-42.wav,0.0005,0.0002,0.0094,0.0008,0.0002,0.0052,0.0043,0.0011,0.5340,0.0008
clean,2-43806-A-42.wav,0.0006,0.0010,0.0134,0.0013,0.0007,0.0180,0.0014,0.0016,0.0641,0.0006
clean,2-50665-A-20.wav,0.0045,0.0926,0.1230,0.0090,0.0097,0.0804,0.0086,0.0044,0.0126,0.0138
clean,2-50666-A-20.wav,0.0012,0.0098,0.2634,0.0054,0.0005,0.0755,0.0014,0.0015,0.0071,0.0011
clean,2-50667-A-41.wav,0.0008,0.0004,0.0154,0.0022,0.0002,0.0022,0.0018,0.0008,0.0058,0.0009
clean,2-50667-B-41.wav,0.0055,0.0038,0.0171,0.0115,0.0005,0.0031,0.0034,0.0014,0.0055,0.0004
clean,2-50668-A-41.wav,0.0032,0.0002,0.0105,0.0062,0.0003,0.0015,0.0019,0.0128,0.0081,0.0003
clean,2-50668-B-41.wav,0.0013,0.0005,0.0082,0.0050,0.0003,0.0017,0.0027,0.0018,0.0047,0.0004
clean,2-50774-A-23.wav,0.0472,0.0057,0.0098,0.7447,0.0131,0.0082,0.0109,0.0019,0.0310,0.0107
clean,2-51173-A-35.wav,0.0022,0.0025,0.0103,0.0024,0.0006,0.0059,0.0019,0.0027,0.0412,0.0013
clean,2-51630-A-49.wav,0.0017,0.0014,0.0178,0.0159,0.0004,0.0095,0.0007,0.0038,0.0078,0.0011
clean,2-51630-B-49.wav,0.0012,0.0005,0.0128,0.0092,0.0006,0.0089,0.0005,0.0005,0.0205,0.0015
clean,2-52001-A-28.wav,0.9136,0.0045,0.0144,0.8813,0.0018,0.0151,0.0019,0.0049,0.0161,0.0013
clean,2-52001-B-28.wav,0.9227,0.0124,0.0079,0.9480,0.0054,0.0251,0.0035,0.0024,0.0057,0.0022
clean,2-52085-A-4.wav,0.0013,0.0003,0.0040,0.0045,0.0015,0.0054,0.0043,0.0012,0.0079,0.0010
clean,2-52085-B-4.wav,0.0011,0.0005,0.0080,0.0035,0.0014,0.0077,0.0043,0.0015,0.0097,0.0015
clean,2-52789-A-4.wav,0.0013,0.0007,0.3570,0.0020,0.0008,0.0473,0.0029,0.0013,0.0096,0.0005
clean,2-54086-A-43.wav,0.0085,0.0017,0.0098,0.0155,0.0061,0.0082,0.0109,0.0019,0.9979,0.0064
clean,2-54961-A-23.wav,0.2087,0.0138,0.0020,0.7469,0.0389,0.0020,0.1874,0.0052,0.0384,0.0222
clean,2-54962-A-23.wav,0.1715,0.0353,0.0098,0.7626,0.0131,0.0082,0.0895,0.0075,0.0571,0.0380
clean,2-56926-A-46.wav,0.0005,0.0008,0.0059,0.0017,0.0001,0.0005,0.0052,0.0002,0.1309,0.0011
clean,2-57191-A-46.wav,0.0003,0.0008,0.0110,0.0017,0.0001,0.0027,0.0016,0.0001,0.0089,0.0035
clean,2-57733-A-22.wav,0.0055,0.0016,0.0094,0.0069,0.0028,0.0355,0.0053,0.0056,0.0154,0.0079
clean,2-59241-A-35.wav,0.0043,0.0022,0.0093,0.0084,0.0020,0.0136,0.0031,0.0026,0.0399,0.0117
clean,2-59321-A-49.wav,0.0028,0.0005,0.0079,0.0119,0.0002,0.0075,0.0008,0.0137,0.0067,0.0021
clean,2-59565-A-46.wav,0.0004,0.0003,0.0032,0.0014,0.0001,0.0010,0.0016,0.0012,0.0336,0.0010
clean,2-59566-A-46.wav,0.0017,0.0006,0.0082,0.0040,0.0011,0.0058,0.0062,0.0032,0.0242,0.0029
clean,2-60180-A-49.wav,0.0016,0.0009,0.0140,0.0121,0.0008,0.0051,0.0007,0.0002,0.0076,0.0003
clean,2-60180-B-49.wav,0.0097,0.0003,0.0189,0.9544,0.0008,0.0131,0.0018,0.0001,0.0100,0.0010
clean,2-60791-A-26.wav,0.0020,0.0062,0.3368,0.0081,0.0083,0.8048,0.0030,0.0279,0.0104,0.0138
clean,2-60794-A-26.wav,0.0046,0.0052,0.2558,0.0110,0.0067,0.8997,0.0032,0.0143,0.0128,0.0079
clean,2-60795-A-26.wav,0.0034,0.0355,0.3218,0.0186,0.0157,0.8829,0.0020,0.0071,0.0134,0.0077
clean,2-60900-A-22.wav,0.0018,0.0012,0.0164,0.0079,0.0012,0.0420,0.0022,0.0009,0.0385,0.0028
clean,2-61311-A-12.wav,0.0004,0.0002,0.0010,0.0013,0.0008,0.0012,0.0081,0.0007,0.0069,0.0002
clean,2-61618-A-46.wav,0.0003,0.0003,0.0220,0.0015,0.0001,0.0020,0.0024,0.0012,0.0103,0.0016
clean,2-62226-A-26.wav,0.0012,0.0162,0.2654,0.0143,0.0574,0.9324,0.0048,0.0174,0.0154,0.0095
clean,2-64332-A-18.wav,0.0004,0.0003,0.0202,0.0022,0.0013,0.0033,0.0007,0.0048,0.0033,0.0016
clean,2-64962-A-15.wav,0.0007,0.0007,0.0164,0.0028,0.0003,0.0019,0.0036,0.0002,0.0266,0.0172
clean,2-64963-A-15.wav,0.0002,0.0001,0.0072,0.0004,0.0002,0.0034,0.0016,0.0001,0.0093,0.0023
clean,2-65484-A-18.wav,0.0019,0.0013,0.0060,0.0050,0.0011,0.0315,0.0013,0.0004,0.0263,0.0039
clean,2-65747-A-12.wav,0.0043,0.0019,0.0030,0.0035,0.0004,0.0092,0.0025,0.0031,0.0138,0.0006
clean,2-65750-A-1.wav,0.0085,0.0017,0.0098,0.0155,0.0061,0.0082,0.0585,0.0019,0.0310,0.0058
clean,2-66205-A-23.wav,0.1447,0.0126,0.0098,0.4980,0.0775,0.0082,0.0109,0.0025,0.0310,0.0058
clean,2-66637-A-20.wav,0.0016,0.8420,0.0439,0.0088,0.0088,0.3951,0.0009,0.0022,0.0028,0.0015
clean,2-66637-B-20.wav,0.0073,0.0156,0.2709,0.0214,0.0376,0.4434,0.7314,0.0063,0.0144,0.0026
clean,2-67422-A-18.wav,0.0008,0.0011,0.0059,0.0028,0.0009,0.0144,0.0010,0.0003,0.0252,0.0014
clean,2-68391-A-41.wav,0.0050,0.0003,0.0089,0.0070,0.0005,0.0023,0.0056,0.0020,0.0111,0.0006
clean,2-68391-B-41.wav,0.0033,0.0008,0.0094,0.0059,0.0007,0.0097,0.0034,0.0034,0.0204,0.0019
clean,2-68595-A-15.wav,0.0029,0.0052,0.0028,0.0050,0.0048,0.0046,0.0078,0.0018,0.0363,0.0077
clean,2-68595-B-15.wav,0.0089,0.0204,0.0076,0.0137,0.0074,0.0040,0.0210,0.0014,0.0187,0.0026
clean,2-69131-A-5.wav,0.0079,0.0017,0.0558,0.0112,0.0113,0.0226,0.1168,0.0021,0.7367,0.0025
clean,2-69131-B-5.wav,0.0079,0.0052,0.1383,0.0201,0.0019,0.0062,0.0004,0.0018,0.0265,0.0012
clean,2-70052-A-42.wav,0.0010,0.0003,0.0139,0.0009,0.0003,0.0077,0.0018,0.0011,0.1536,0.0002
clean,2-70052-B-42.wav,0.0025,0.0006,0.0076,0.0038,0.0005,0.0038,0.0059,0.0002,0.0483,0.0005
clean,2-70280-A-18.wav,0.0012,0.0003,0.0109,0.0081,0.0002,0.0043,0.0041,0.0009,0.0042,0.0034
clean,2-70344-A-33.wav,0.0085,0.0017,0.0098,0.0155,0.0061,0.0082,0.0109,0.0240,0.0354,0.0058
clean,2-70366-A-33.wav,0.0164,0.0021,0.0098,0.0280,0.0061,0.0082,0.0109,0.0593,0.0310,0.0095
clean,2-70367-A-33.wav,0.0138,0.0038,0.0130,0.0176,0.0257,0.0066,0.0100,0.0181,0.1106,0.0168
clean,2-70936-A-42.wav,0.0002,0.0005,0.0062,0.0006,0.0005,0.0083,0.0030,0.0020,0.0844,0.0014
clean,2-70938-A-42.wav,0.0087,0.0074,0.0088,0.0134,0.0281,0.0672,0.0381,0.0026,0.3845,0.0069
clean,2-70939-A-42.wav,0.0002,0.0003,0.0049,0.0005,0.0005,0.0043,0.0017,0.0001,0.1681,0.0004
clean,2-71162-A-1.wav,0.0008,0.0028,0.0097,0.0022,0.0133,0.0067,0.0578,0.0005,0.0210,0.0076
clean,2-72268-A-6.wav,0.0001,0.0003,0.0987,0.0013,0.0003,0.0066,0.0012,0.0001,0.0014,0.0004
clean,2-72547-A-14.wav,0.0024,0.0016,0.0085,0.0073,0.0085,0.0103,0.0027,0.0007,0.0165,0.0012
clean,2-72547-B-14.wav,0.0130,0.0066,0.0097,0.0183,0.0036,0.0454,0.0089,0.0020,0.0712,0.0017
clean,2-72547-C-14.wav,0.0117,0.0077,0.0662,0.0329,0.0075,0.0149,0.0093,0.0127,0.0392,0.0331
clean,2-72547-D-14.wav,0.0850,0.0151,0.0239,0.1788,0.0614,0.0088,0.0382,0.0158,0.0510,0.0136
clean,2-72677-A-18.wav,0.0008,0.0014,0.0151,0.0043,0.0005,0.0176,0.0022,0.0003,0.0074,0.0192
clean,2-72688-A-42.wav,0.0001,0.0003,0.0136,0.0009,0.0001,0.0021,0.0019,0.0007,0.1362,0.0006
clean,2-72970-A-10.wav,0.0023,0.0028,0.0605,0.0067,0.0020,0.0403,0.0067,0.0051,0.0256,0.0017
clean,2-73027-A-10.wav,0.0051,0.0055,0.0102,0.0058,0.0043,0.0421,0.0033,0.0069,0.0411,0.0008
clean,2-7321-A-33.wav,0.0314,0.0152,0.0062,0.0248,0.0126,0.0443,0.0090,0.1006,0.0300,0.0024
clean,2-73260-A-10.wav,0.0028,0.0050,0.0094,0.0030,0.0029,0.0262,0.0098,0.0077,0.0622,0.0012
clean,2-73544-A-27.wav,0.0026,0.0012,0.0160,0.0122,0.0017,0.0911,0.0050,0.0007,0.0175,0.0038
clean,2-74361-A-47.wav,0.0119,0.0020,0.0146,0.0266,0.0048,0.0080,0.0112,0.0249,0.0740,0.0139
clean,2-74977-A-18.wav,0.0011,0.0015,0.0344,0.0040,0.0011,0.0085,0.0035,0.0036,0.0157,0.0106
clean,2-75726-A-6.wav,0.0085,0.0143,0.0178,0.0155,0.0061,0.3690,0.0118,0.0019,0.0310,0.0058
clean,2-76408-A-22.wav,0.0013,0.0054,0.0131,0.0038,0.0021,0.0093,0.0031,0.0071,0.0128,0.0017
clean,2-76408-B-22.wav,0.0012,0.0014,0.0089,0.0029,0.0006,0.0083,0.0018,0.0054,0.0056,0.0011
clean,2-76408-C-22.wav,0.0013,0.0014,0.0124,0.0031,0.0007,0.0106,0.0012,0.0052,0.0094,0.0012
clean,2-76408-D-22.wav,0.0041,0.0048,0.0102,0.0097,0.0041,0.0111,0.0018,0.0060,0.0070,0.0018
clean,2-76868-A-6.wav,0.0006,0.0025,0.0019,0.0010,0.0013,0.0010,0.0118,0.0001,0.0021,0.0001
clean,2-77346-A-46.wav,0.0004,0.0003,0.0165,0.0014,0.0005,0.0030,0.0018,0.0012,0.0371,0.0006
clean,2-77347-A-46.wav,0.0018,0.0014,0.0104,0.0045,0.0004,0.0030,0.0024,0.0011,0.0418,0.0030
clean,2-77945-A-41.wav,0.0012,0.0007,0.0089,0.0016,0.0005,0.0065,0.0019,0.0009,0.0134,0.0040
clean,2-77945-B-41.wav,0.0012,0.0005,0.0058,0.0022,0.0002,0.0028,0.0009,0.0023,0.0030,0.0019
clean,2-78381-A-46.wav,0.0003,0.0005,0.0568,0.0020,0.0008,0.0225,0.0072,0.0048,0.0238,0.0912
clean,2-78562-A-37.wav,0.0002,0.0001,0.0112,0.0005,0.0003,0.0015,0.0002,0.0001,0.0301,0.0003
clean,2-78562-B-37.wav,0.0003,0.0001,0.0104,0.0007,0.0002,0.0019,0.0005,0.0001,0.0460,0.0003
clean,2-78651-A-44.wav,0.0019,0.0010,0.0023,0.0036,0.0003,0.0041,0.0057,0.0007,0.0123,0.0020
clean,2-78781-A-47.wav,0.0062,0.0006,0.0609,0.0065,0.0015,0.0025,0.0055,0.0031,0.0753,0.0081
clean,2-78799-A-47.wav,0.0065,0.0015,0.0145,0.0074,0.0016,0.0125,0.0149,0.0042,0.1543,0.0080
clean,2-79769-A-26.wav,0.0096,0.0610,0.0560,0.1422,0.0341,0.9163,0.0023,0.0234,0.0080,0.0084
clean,2-79775-A-26.wav,0.0085,0.0061,0.0134,0.0155,0.0061,0.8102,0.0109,0.0230,0.0538,0.0076
clean,2-80313-A-28.wav,0.9730,0.0157,0.0075,0.9658,0.0113,0.0075,0.0039,0.0043,0.0046,0.0005
clean,2-80482-A-20.wav,0.0008,0.0217,0.0184,0.0091,0.0019,0.0049,0.0001,0.0012,0.0039,0.0016
clean,2-80844-A-13.wav,0.0006,0.0004,0.0084,0.0015,0.0020,0.0106,0.0038,0.0048,0.0099,0.0107
clean,2-81112-A-34.wav,0.0145,0.0032,0.0099,0.0150,0.0042,0.0143,0.0061,0.0032,0.0476,0.0059
clean,2-81190-A-34.wav,0.0085,0.0017,0.0098,0.0155,0.0061,0.0082,0.0109,0.0031,0.0310,0.0140
clean,2-81270-A-1.wav,0.0203,0.0035,0.0091,0.0070,0.0013,0.0104,0.0111,0.0062,0.1361,0.0003
clean,2-81731-A-10.wav,0.0027,0.0049,0.0256,0.0040,0.0020,0.0284,0.0108,0.0112,0.0445,0.0007
clean,2-81970-A-7.wav,0.0003,0.0005,0.0082,0.0015,0.0013,0.0028,0.0034,0.0046,0.0111,0.0069
clean,2-81970-B-7.wav,0.0004,0.0003,0.0077,0.0018,0.0006,0.0039,0.0033,0.0058,0.0034,0.0057
clean,2-81970-C-7.wav,0.0009,0.0003,0.0098,0.0027,0.0010,0.0064,0.0037,0.0025,0.0082,0.0012
clean,2-82071-A-27.wav,0.0145,0.0046,0.0139,0.0247,0.0052,0.0125,0.0103,0.0110,0.0489,0.0028
clean,2-82077-A-7.wav,0.0003,0.0012,0.0120,0.0048,0.0018,0.0045,0.0088,0.0009,0.0057,0.0041
clean,2-82274-A-5.wav,0.0877,0.0031,0.0127,0.0515,0.0054,0.0069,0.0049,0.0071,0.0373,0.0032
clean,2-82274-B-5.wav,0.2425,0.0184,0.2320,0.1880,0.0296,0.0795,0.0233,0.0081,0.0315,0.0030
clean,2-82367-A-10.wav,0.0022,0.0028,0.0217,0.0025,0.0011,0.0266,0.0051,0.0051,0.0289,0.0015
clean,2-82455-A-23.wav,0.1864,0.0070,0.0068,0.9438,0.0031,0.0045,0.0010,0.0024,0.0212,0.0024
clean,2-82538-A-21.wav,0.0104,0.0118,0.0107,0.0564,0.9999,0.0315,0.0203,0.0024,0.0317,0.0060
clean,2-83270-A-13.wav,0.0003,0.0002,0.0090,0.0007,0.0002,0.0016,0.0041,0.0009,0.0594,0.0011
clean,2-83536-A-27.wav,0.0079,0.0026,0.0039,0.2910,0.0030,0.1874,0.0203,0.0003,0.0017,0.0012
clean,2-83667-A-34.wav,0.0241,0.0082,0.0100,0.0213,0.0131,0.0099,0.0097,0.0341,0.0284,0.0035
clean,2-83688-A-34.wav,0.0319,0.0058,0.0030,0.0190,0.0048,0.0151,0.0098,0.0128,0.0515,0.0054
clean,2-83934-A-5.wav,0.0119,0.0082,0.0087,0.0192,0.0147,0.0172,0.0111,0.0225,0.0419,0.0081
clean,2-83934-B-5.wav,0.0083,0.0053,0.0279,0.0077,0.0061,0.0156,0.0058,0.0014,0.3523,0.0057
clean,2-84693-A-49.wav,0.0261,0.0012,0.0325,0.2015,0.0054,0.0176,0.0037,0.0016,0.0272,0.0012
clean,2-84943-A-18.wav,0.0012,0.0006,0.0091,0.0027,0.0007,0.0049,0.0037,0.0291,0.0066,0.0036
clean,2-84965-A-23.wav,0.4766,0.0119,0.0088,0.4269,0.0250,0.0266,0.0094,0.0045,0.0244,0.0091
clean,2-85139-A-13.wav,0.0147,0.0032,0.0097,0.0180,0.0030,0.0248,0.0041,0.0091,0.0372,0.0008
clean,2-85292-A-24.wav,0.0820,0.9998,0.0641,0.1482,0.4462,0.0330,0.0148,0.0180,0.0140,0.0079
clean,2-85434-A-27.wav,0.0031,0.0009,0.0054,0.0118,0.0011,0.0196,0.0082,0.0068,0.0431,0.0310
clean,2-85471-A-34.wav,0.0110,0.0026,0.0068,0.0104,0.0250,0.0078,0.0044,0.0100,0.0466,0.0045
clean,2-85945-A-18.wav,0.0005,0.0003,0.0086,0.0016,0.0004,0.0043,0.0021,0.0006,0.0134,0.0020
clean,2-86160-A-27.wav,0.0206,0.0051,0.0155,0.1507,0.0043,0.0825,0.0097,0.0010,0.0212,0.0015
clean,2-87282-A-34.wav,0.0101,0.0060,0.0143,0.0127,0.0163,0.0076,0.0278,0.0030,0.0216,0.0029
clean,2-87412-A-24.wav,0.0085,1.0000,0.0110,0.0183,0.0217,0.0175,0.0111,0.0023,0.0310,0.0060
clean,2-87780-A-33.wav,0.0085,0.0017,0.0199,0.0155,0.0061,0.0082,0.0109,0.1606,0.0478,0.0058
clean,2-87781-A-10.wav,0.0034,0.0044,0.0124,0.0035,0.0033,0.0370,0.0040,0.0052,0.0426,0.0022
clean,2-87794-A-24.wav,0.0265,0.8429,0.0189,0.0651,0.0826,0.2119,0.0104,0.0601,0.0583,0.0166
clean,2-87795-A-24.wav,0.1933,1.0000,0.0216,0.1707,0.1542,0.0137,0.0632,0.0086,0.0548,0.0157
clean,2-87799-A-24.wav,0.0105,0.9999,0.0599,0.0200,0.2709,0.0505,0.0367,0.0053,0.0163,0.0128
clean,2-88724-A-38.wav,0.0009,0.0014,0.0060,0.0019,0.0030,0.0042,0.0029,0.0212,0.0387,0.0162
clean,2-89516-A-37.wav,0.0009,0.0004,0.0343,0.0025,0.0001,0.0061,0.0002,0.0001,0.0030,0.0005
clean,2-91912-A-33.wav,0.0048,0.0034,0.0087,0.0118,0.0028,0.0080,0.0051,0.0475,0.0078,0.0090
clean,2-91912-B-33.wav,0.0055,0.0019,0.0067,0.0054,0.0019,0.0146,0.0021,0.2070,0.0046,0.0037
clean,2-92627-A-27.wav,0.0212,0.0083,0.0280,0.1849,0.0032,0.0113,0.1425,0.0002,0.0045,0.0027
clean,2-92978-A-29.wav,0.0185,0.0197,0.0124,0.0566,0.1569,0.0120,0.0177,0.0366,0.0331,0.0331
clean,2-93030-A-21.wav,0.0264,0.3340,0.1373,0.1238,0.9930,0.0712,0.4035,0.0047,0.0235,0.0076
clean,2-94230-A-27.wav,0.0541,0.0020,0.0091,0.1159,0.0032,0.0058,0.0062,0.0005,0.0176,0.0045
clean,2-94807-A-29.wav,0.0221,0.0071,0.0037,0.0126,0.0016,0.0062,0.0085,0.0030,0.0055,0.0012
clean,2-95035-A-1.wav,0.0097,0.0203,0.0125,0.0161,0.0102,0.0090,0.0364,0.0021,0.0246,0.0063
clean,2-95258-A-1.wav,0.0031,0.0010,0.0086,0.0069,0.0028,0.0014,0.0144,0.0276,0.0250,0.0580
clean,2-95258-B-1.wav,0.0013,0.0028,0.0211,0.0015,0.0019,0.0082,0.0179,0.0136,0.0138,0.0292
clean,2-95567-A-23.wav,0.1192,0.0236,0.0125,0.9938,0.1031,0.0173,0.0017,0.0018,0.0117,0.0066
clean,2-96033-A-13.wav,0.0016,0.0006,0.0032,0.0019,0.0005,0.0044,0.0115,0.0050,0.0082,0.0009
clean,2-96063-A-37.wav,0.0013,0.0009,0.0221,0.0048,0.0009,0.0078,0.0021,0.0003,0.0073,0.0070
clean,2-96460-A-1.wav,0.0085,0.0047,0.0098,0.0155,0.0113,0.0082,0.0157,0.0055,0.0310,0.0559
clean,2-96654-A-47.wav,0.0070,0.0064,0.0071,0.0108,0.0027,0.0092,0.0073,0.0053,0.0671,0.0120
clean,2-96904-A-27.wav,0.0086,0.0026,0.0077,0.0120,0.0026,0.0118,0.0117,0.0010,0.0218,0.0022
clean,2-98392-A-23.wav,0.0130,0.0072,0.0098,0.0155,0.0061,0.0082,0.0109,0.0086,0.0355,0.0061
clean,2-98676-A-24.wav,0.0119,1.0000,0.0098,0.0155,0.0969,0.0091,0.0191,0.0045,0.0310,0.0060
clean,2-98866-A-47.wav,0.0008,0.0006,0.0070,0.0015,0.0007,0.0107,0.0061,0.0053,0.1192,0.0032
clean,2-99795-A-32.wav,0.0017,0.0017,0.0054,0.0040,0.0006,0.0081,0.0020,0.0004,0.0273,0.0040
clean,2-99796-A-32.wav,0.0009,0.0015,0.0060,0.0027,0.0003,0.0042,0.0026,0.0002,0.0302,0.0012
clean,2-99955-A-7.wav,0.0723,0.0041,0.0066,0.0645,0.0032,0.0107,0.0093,0.0018,0.0083,0.0008
clean,2-99955-B-7.wav,0.0225,0.0039,0.0090,0.0296,0.0084,0.0245,0.0111,0.0031,0.0222,0.0019
clean,2-99955-C-7.wav,0.1580,0.0069,0.0106,0.1180,0.0055,0.0154,0.0093,0.0024,0.0457,0.0019
clean,3-100018-A-18.wav,0.0007,0.0002,0.0115,0.0013,0.0004,0.0069,0.0006,0.0017,0.0046,0.0006
clean,3-100024-A-27.wav,0.0311,0.0020,0.0117,0.1330,0.0044,0.0506,0.0035,0.0008,0.0259,0.0109
clean,3-100024-B-27.wav,0.0083,0.0017,0.0077,0.5025,0.0018,0.0295,0.0086,0.0143,0.0274,0.0103
clean,3-101381-A-33.wav,0.0147,0.0023,0.0046,0.0180,0.0063,0.0098,0.0104,0.0194,0.0400,0.0054
clean,3-101381-B-33.wav,0.2023,0.0013,0.0028,0.1054,0.0027,0.0068,0.0318,0.1013,0.0391,0.0035
clean,3-102583-A-49.wav,0.0030,0.0006,0.0149,0.0106,0.0009,0.0081,0.0024,0.0792,0.1009,0.0104
clean,3-102583-B-49.wav,0.0008,0.0001,0.0156,0.0116,0.0002,0.0091,0.0003,0.0014,0.0177,0.0002
clean,3-102583-C-49.wav,0.0012,0.0002,0.0100,0.0085,0.0004,0.0104,0.0013,0.0018,0.0215,0.0006
clean,3-102908-A-4.wav,0.0053,0.0005,0.0450,0.0040,0.0022,0.0586,0.0002,0.0003,0.0041,0.0005
clean,3-103050-A-19.wav,0.0043,0.0028,0.0021,0.0164,0.0029,0.0020,0.0056,0.0056,0.0072,0.0008
clean,3-103051-A-19.wav,0.0026,0.0064,0.0027,0.0087,0.0094,0.0047,0.0195,0.0035,0.0020,0.0032
clean,3-103051-B-19.wav,0.0323,0.0247,0.0094,0.0346,0.0183,0.0494,0.0128,0.0105,0.0500,0.0050
clean,3-103051-C-19.wav,0.0032,0.0014,0.0022,0.0125,0.0038,0.0027,0.0031,0.0010,0.0229,0.0003
clean,3-103401-A-33.wav,0.0061,0.0027,0.0614,0.0108,0.0038,0.0196,0.0142,0.0099,0.2274,0.0114
clean,3-103401-B-33.wav,0.0012,0.0014,0.0263,0.0051,0.0032,0.0096,0.0051,0.0055,0.0340,0.0052
clean,3-103401-C-33.wav,0.0023,0.0014,0.0199,0.0053,0.0015,0.0120,0.0160,0.0048,0.0492,0.0010
clean,3-103401-D-33.wav,0.0010,0.0007,0.0081,0.0033,0.0024,0.0161,0.0092,0.0077,0.0993,0.0020
clean,3-103597-A-25.wav,0.0142,0.0036,0.0082,0.0232,0.0112,0.0214,0.0082,0.0537,0.1171,0.0258
clean,3-103598-A-25.wav,0.0045,0.0024,0.0038,0.0106,0.0031,0.0275,0.0056,0.0153,0.0426,0.0025
clean,3-103599-A-25.wav,0.0051,0.0038,0.0040,0.0153,0.0030,0.0133,0.0063,0.0137,0.0271,0.0016
clean,3-103599-B-25.wav,0.0095,0.0062,0.0037,0.0241,0.0072,0.0323,0.0133,0.0160,0.0346,0.0025
clean,3-104632-A-12.wav,0.0030,0.0011,0.6142,0.0043,0.0011,0.0305,0.0023,0.0054,0.0222,0.0014
clean,3-104761-A-7.wav,0.0023,0.0003,0.0040,0.0039,0.0007,0.0014,0.0025,0.0053,0.0196,0.0008
clean,3-104761-B-7.wav,0.0025,0.0007,0.0058,0.0033,0.0011,0.0039,0.0030,0.0035,0.0665,0.0038
clean,3-104958-A-12.wav,0.0074,0.0014,0.0018,0.0057,0.0007,0.0166,0.0086,0.0101,0.0123,0.0004
clean,3-105235-A-7.wav,0.0007,0.0011,0.0392,0.0027,0.0025,0.0094,0.0043,0.0023,0.0040,0.0080
clean,3-105236-A-7.wav,0.0009,0.0007,0.0078,0.0020,0.0015,0.0060,0.0022,0.0018,0.0232,0.0100
clean,3-107123-A-26.wav,0.0040,0.0188,0.0876,0.1495,0.0193,0.8531,0.2430,0.0068,0.0555,0.0028
clean,3-107219-A-1.wav,0.0085,0.0017,0.0112,0.0155,0.0188,0.0082,0.0109,0.0147,0.3462,0.0058
clean,3-108160-A-23.wav,0.1078,0.0054,0.0074,0.9507,0.0184,0.0058,0.0024,0.0034,0.0319,0.0032
clean,3-108451-A-17.wav,0.0019,0.0018,0.0061,0.0059,0.0012,0.0129,0.0014,0.0018,0.0086,0.0622
clean,3-108451-B-17.wav,0.0066,0.0016,0.0040,0.0085,0.0012,0.0086,0.0029,0.0014,0.0065,0.0051
clean,3-108677-A-18.wav,0.0322,0.0046,0.0103,0.0239,0.0118,0.0101,0.0076,0.0033,0.0148,0.0030
clean,3-108791-A-18.wav,0.0006,0.0001,0.0059,0.0009,0.0001,0.0019,0.0005,0.0007,0.0039,0.0005
clean,3-110536-A-26.wav,0.0085,0.0242,0.1880,0.0155,0.0212,0.5321,0.0166,0.0025,0.0310,0.0058
clean,3-110913-A-7.wav,0.0042,0.0016,0.0294,0.0033,0.0039,0.0073,0.0092,0.0032,0.1391,0.0022
clean,3-110913-B-7.wav,0.0024,0.0028,0.0144,0.0058,0.0071,0.0142,0.0239,0.0060,0.1388,0.0035
clean,3-110913-C-7.wav,0.0015,0.0017,0.0327,0.0039,0.0038,0.0069,0.0149,0.0058,0.0251,0.0037
clean,3-110913-D-7.wav,0.0009,0.0006,0.0873,0.0029,0.0013,0.0031,0.0102,0.0041,0.0096,0.0077
clean,3-111102-A-46.wav,0.0002,0.0004,0.0074,0.0007,0.0006,0.0036,0.0028,0.0016,0.1308,0.0018
clean,3-111102-B-46.wav,0.0004,0.0005,0.0066,0.0007,0.0009,0.0039,0.0072,0.0012,0.2327,0.0012
clean,3-112356-A-18.wav,0.0013,0.0004,0.0051,0.0031,0.0003,0.0034,0.0011,0.0003,0.0074,0.0007
clean,3-112397-A-9.wav,0.0084,0.0177,0.0047,0.0180,0.0046,0.0042,0.0110,0.0019,0.0141,0.0048
clean,3-112522-A-27.wav,0.0109,0.0009,0.0169,0.0266,0.0013,0.0137,0.0052,0.0042,0.0290,0.0043
clean,3-112557-A-23.wav,0.0649,0.0058,0.0172,0.9354,0.0310,0.0047,0.0003,0.0014,0.0497,0.0063
clean,3-112557-B-23.wav,0.1336,0.0170,0.0098,0.8758,0.0488,0.0121,0.0109,0.0033,0.0310,0.0058
clean,3-115382-A-44.wav,0.0060,0.0007,0.0119,0.0057,0.0005,0.0031,0.0068,0.0005,0.0092,0.0003
clean,3-115387-A-47.wav,0.0009,0.0011,0.0163,0.0028,0.0008,0.0015,0.0152,0.0009,0.0344,0.0005
clean,3-115387-B-47.wav,0.0008,0.0003,0.0023,0.0060,0.0002,0.0011,0.0012,0.0003,0.0571,0.0003
clean,3-115387-C-47.wav,0.0285,0.0007,0.0050,0.0390,0.0004,0.0023,0.0045,0.0004,0.0428,0.0002
clean,3-116135-A-1.wav,0.0064,0.0062,0.0219,0.0065,0.0220,0.0224,0.0289,0.0005,0.0359,0.0062
clean,3-117293-A-9.wav,0.0018,0.0014,0.0032,0.0027,0.0009,0.0051,0.0047,0.0040,0.0208,0.0070
clean,3-117504-A-16.wav,0.0076,0.0042,0.0140,0.0123,0.0044,0.0140,0.0067,0.0094,0.0661,0.0077
clean,3-117504-B-16.wav,0.0065,0.0043,0.0153,0.0136,0.0049,0.0133,0.0083,0.0150,0.0424,0.0070
clean,3-117793-A-37.wav,0.0086,0.0017,0.0098,0.0156,0.0062,0.0083,0.0110,0.0019,0.0310,0.0059
clean,3-117883-A-37.wav,0.0002,0.0004,0.0026,0.0005,0.0001,0.0025,0.0006,0.0002,0.0362,0.0181
clean,3-118059-A-18.wav,0.0009,0.0005,0.0048,0.0022,0.0003,0.0068,0.0014,0.0385,0.0083,0.0179
clean,3-118069-A-27.wav,0.0040,0.0016,0.0083,0.0682,0.0015,0.1614,0.0053,0.0001,0.0028,0.0004
clean,3-118069-B-27.wav,0.0048,0.0010,0.0065,0.0119,0.0020,0.0111,0.0062,0.0006,0.0097,0.0015
clean,3-118194-A-33.wav,0.0252,0.0013,0.0124,0.0157,0.0023,0.0061,0.0020,0.0074,0.0125,0.0015
clean,3-118487-A-26.wav,0.1792,0.1134,0.0368,0.1755,0.0593,0.9618,0.0324,0.0064,0.0228,0.0042
clean,3-118656-A-41.wav,0.0467,0.0045,0.0253,0.0585,0.0028,0.0186,0.0075,0.0044,0.0343,0.0024
clean,3-118657-A-41.wav,0.6462,0.0009,0.0124,0.4061,0.0006,0.0028,0.0023,0.0003,0.0099,0.0003
clean,3-118657-B-41.wav,0.0277,0.0013,0.0033,0.0213,0.0010,0.0051,0.0030,0.0017,0.0730,0.0024
clean,3-118658-A-41.wav,0.1172,0.0037,0.0099,0.1273,0.0010,0.0102,0.0079,0.0007,0.0096,0.0009
clean,3-118658-B-41.wav,0.0004,0.0003,0.0038,0.0011,0.0002,0.0040,0.0012,0.0005,0.0160,0.0007
clean,3-118972-A-41.wav,0.0005,0.0001,0.0085,0.0011,0.0001,0.0026,0.0012,0.0005,0.0091,0.0003
clean,3-118972-B-41.wav,0.0007,0.0003,0.0167,0.0023,0.0001,0.0033,0.0013,0.0019,0.0043,0.0020
clean,3-119120-A-48.wav,0.0038,0.0022,0.0008,0.0061,0.0007,0.0020,0.0054,0.1001,0.0068,0.0039
clean,3-119120-B-48.wav,0.0159,0.0137,0.0138,0.0203,0.0124,0.0148,0.1316,0.0370,0.0577,0.0142
clean,3-119120-C-48.wav,0.0007,0.0014,0.0012,0.0019,0.0005,0.0032,0.0061,0.0078,0.0045,0.0021
clean,3-119120-D-48.wav,0.0034,0.0021,0.0026,0.0128,0.0023,0.0089,0.0067,0.0257,0.0274,0.0095
clean,3-119120-E-48.wav,0.0020,0.0034,0.0036,0.0036,0.0025,0.0131,0.0023,0.0077,0.0098,0.0037
clean,3-119455-A-44.wav,0.0003,0.0006,0.0086,0.0013,0.0003,0.0042,0.0059,0.0009,0.0161,0.0010
clean,3-119459-A-26.wav,0.0049,0.3641,0.0274,0.1046,0.1226,0.9261,0.0186,0.0107,0.0332,0.0054
clean,3-120526-A-37.wav,0.0011,0.0011,0.0018,0.0023,0.0004,0.0035,0.0017,0.0009,0.0157,0.0028
clean,3-120526-B-37.wav,0.0003,0.0007,0.0031,0.0008,0.0002,0.0011,0.0005,0.0005,0.0137,0.0102
clean,3-120644-A-12.wav,0.0020,0.0050,0.0049,0.0018,0.0004,0.0139,0.0043,0.0057,0.0125,0.0004
clean,3-121348-A-9.wav,0.0090,0.0021,0.0098,0.0155,0.0061,0.0082,0.0109,0.0019,0.0310,0.0058
clean,3-122110-A-46.wav,0.0005,0.0005,0.0151,0.0012,0.0003,0.0038,0.0011,0.0029,0.0216,0.0030
clean,3-123086-A-28.wav,0.9697,0.0271,0.0096,0.9464,0.0234,0.0238,0.0113,0.0109,0.0264,0.0036
clean,3-123224-A-19.wav,0.0015,0.0015,0.0052,0.0049,0.0047,0.0084,0.0094,0.0021,0.0152,0.0004
clean,3-124376-A-3.wav,0.0012,0.0011,0.0684,0.0045,0.0027,0.0277,0.0015,0.0003,0.0062,0.0005
clean,3-124376-B-3.wav,0.0019,0.0035,0.0326,0.0188,0.0027,0.0573,0.0046,0.0005,0.0050,0.0003
clean,3-124600-A-19.wav,0.0045,0.0029,0.0059,0.0114,0.0134,0.0194,0.0120,0.0072,0.0045,0.0125
clean,3-124795-A-28.wav,0.8487,0.0050,0.0248,0.7505,0.0061,0.0098,0.0109,0.0043,0.0310,0.0058
clean,3-124925-A-9.wav,0.0150,0.0024,0.0098,0.0155,0.0061,0.0082,0.0109,0.0019,0.0310,0.0083
clean,3-124958-A-28.wav,0.9298,0.0349,0.0049,0.9210,0.0539,0.0185,0.0118,0.0272,0.0119,0.0176
clean,3-125418-A-24.wav,0.0119,0.9997,0.0765,0.0128,0.0464,0.0271,0.0324,0.0029,0.0303,0.0061
clean,3-125548-A-32.wav,0.0007,0.0006,0.0140,0.0023,0.0005,0.0097,0.0032,0.0002,0.0255,0.0014
clean,3-126113-A-26.wav,0.0198,0.0192,0.0357,0.0598,0.0046,0.3958,0.0327,0.0090,0.0414,0.0017
clean,3-126358-A-3.wav,0.0000,0.0002,0.0149,0.0002,0.0002,0.0012,0.0003,0.0001,0.0087,0.0002
clean,3-126358-B-3.wav,0.0011,0.0010,0.0290,0.0043,0.0007,0.0073,0.0054,0.0012,0.0074,0.0009
clean,3-126391-A-27.wav,0.0069,0.0006,0.0147,0.0465,0.0008,0.0235,0.0110,0.0025,0.0117,0.0049
clean,3-126391-B-27.wav,0.0112,0.0005,0.0100,0.0990,0.0004,0.0046,0.0249,0.0004,0.0101,0.0027
clean,3-127874-A-17.wav,0.0035,0.0009,0.0127,0.0079,0.0038,0.0162,0.0048,0.0117,0.0073,0.0441
clean,3-127890-A-9.wav,0.0001,0.0018,0.0027,0.0002,0.0002,0.0006,0.0039,0.0002,0.0148,0.0015
clean,3-127890-B-9.wav,0.0008,0.0052,0.0018,0.0058,0.0008,0.0010,0.0037,0.0006,0.0438,0.0015
clean,3-127890-C-9.wav,0.0004,0.0018,0.0026,0.0013,0.0007,0.0009,0.0020,0.0002,0.0215,0.0004
clean,3-128160-A-44.wav,0.0005,0.0006,0.0142,0.0022,0.0008,0.0105,0.0052,0.0017,0.0220,0.0024
clean,3-128512-A-47.wav,0.0174,0.0027,0.0057,0.0142,0.0044,0.0056,0.0248,0.0255,0.0541,0.0031
clean,3-128512-B-47.wav,0.0118,0.0034,0.0088,0.0090,0.0020,0.0184,0.0110,0.0063,0.1136,0.0006
clean,3-129264-A-9.wav,0.0023,0.0016,0.0143,0.0010,0.0007,0.0019,0.0128,0.0206,0.1008,0.0013
clean,3-129338-A-13.wav,0.0008,0.0002,0.0077,0.0014,0.0004,0.0043,0.0021,0.0057,0.0390,0.0005
clean,3-129678-A-13.wav,0.0005,0.0005,0.0046,0.0015,0.0008,0.0042,0.0100,0.0052,0.0345,0.0021
clean,3-130330-A-22.wav,0.0260,0.0100,0.0649,0.0401,0.0280,0.0168,0.0151,0.0026,0.0098,0.0088
clean,3-130998-A-28.wav,0.8324,0.0121,0.0081,0.8767,0.0101,0.0189,0.0128,0.0098,0.0434,0.0131
clean,3-130998-B-28.wav,0.5776,0.0100,0.0101,0.4547,0.0061,0.0080,0.0069,0.0013,0.0240,0.0026
clean,3-131943-A-37.wav,0.0002,0.0005,0.0163,0.0006,0.0001,0.0027,0.0003,0.0002,0.0130,0.0010
clean,3-132340-A-37.wav,0.0002,0.0003,0.0072,0.0007,0.0001,0.0012,0.0002,0.0001,0.0301,0.0002
clean,3-132601-A-24.wav,0.0118,0.9566,0.0224,0.0309,0.0236,0.0201,0.0109,0.0019,0.0356,0.0058
clean,3-132747-A-26.wav,0.2974,0.0080,0.0501,0.3872,0.0113,0.9658,0.0077,0.0075,0.0403,0.0047
clean,3-132830-A-32.wav,0.0019,0.0020,0.0024,0.0037,0.0008,0.0091,0.0034,0.0006,0.0294,0.0013
clean,3-132852-A-10.wav,0.0011,0.0039,0.0088,0.0023,0.0027,0.0213,0.0070,0.0040,0.0238,0.0011
clean,3-133977-A-29.wav,0.0085,0.0024,0.0098,0.0155,0.0061,0.0082,0.0109,0.0028,0.0310,0.0067
clean,3-134049-A-1.wav,0.0030,0.0003,0.0097,0.0053,0.0023,0.0108,0.0052,0.0008,0.0215,0.0114
clean,3-134699-A-16.wav,0.0085,0.0035,0.0082,0.0058,0.0054,0.0089,0.0094,0.0105,0.0352,0.0090
clean,3-134699-B-16.wav,0.0055,0.0043,0.0092,0.0104,0.0049,0.0298,0.0102,0.0067,0.0342,0.0093
clean,3-134699-C-16.wav,0.0113,0.0065,0.0132,0.0187,0.0074,0.0136,0.0177,0.0179,0.0282,0.0126
clean,3-134802-A-13.wav,0.0002,0.0009,0.0060,0.0008,0.0034,0.0085,0.0041,0.0051,0.0011,0.0035
clean,3-135469-A-35.wav,0.0042,0.0037,0.0069,0.0060,0.0052,0.0097,0.0081,0.0227,0.0464,0.0035
clean,3-135650-A-45.wav,0.0260,0.0073,0.0197,0.0235,0.0025,0.0074,0.0212,0.0813,0.0662,0.0045
clean,3-135650-B-45.wav,0.0916,0.0062,0.0684,0.0900,0.0044,0.0123,0.0094,0.0845,0.0430,0.0072
clean,3-136288-A-0.wav,0.0011,0.0008,0.0196,0.0037,0.0036,0.0111,0.8302,0.0027,0.0335,0.0026
clean,3-136451-A-45.wav,0.0008,0.0023,0.0300,0.0013,0.0016,0.0132,0.0020,0.0010,0.0223,0.0041
clean,3-136608-A-16.wav,0.0086,0.0088,0.0067,0.0105,0.0038,0.0220,0.0084,0.0059,0.0616,0.0023
clean,3-137152-A-1.wav,0.0085,0.0017,0.0098,0.0155,0.0061,0.0082,0.0109,0.0024,0.0310,0.0058
clean,3-138114-A-22.wav,0.0014,0.0011,0.0641,0.0063,0.0011,0.0558,0.0007,0.0010,0.0034,0.0015
clean,3-138212-A-45.wav,0.0010,0.0004,0.0156,0.0014,0.0007,0.0063,0.0017,0.0013,0.0660,0.0010
clean,3-139109-A-46.wav,0.0008,0.0031,0.0194,0.0019,0.0010,0.0170,0.0169,0.0005,0.0083,0.0003
clean,3-139331-A-27.wav,0.0038,0.0007,0.0279,0.0149,0.0032,0.0206,0.0060,0.0056,0.0287,0.0087
clean,3-139958-A-37.wav,0.0023,0.0006,0.0040,0.0037,0.0010,0.0059,0.0080,0.0054,0.0964,0.0121
clean,3-140199-A-8.wav,0.0012,0.0001,0.0143,0.0016,0.0004,0.0013,0.0006,0.0065,0.0063,0.0004
clean,3-140199-B-8.wav,0.0014,0.0009,0.0746,0.0018,0.0028,0.0097,0.0011,0.0072,0.0195,0.0011
clean,3-140199-C-8.wav,0.0011,0.0002,0.0344,0.0012,0.0009,0.0026,0.0006,0.0028,0.0414,0.0006
clean,3-140199-D-8.wav,0.0009,0.0005,0.0185,0.0027,0.0030,0.0066,0.0011,0.0116,0.0292,0.0025
clean,3-140323-A-29.wav,0.0163,0.0135,0.0045,0.0197,0.0147,0.0187,0.0413,0.0044,0.0241,0.0096
clean,3-140774-A-10.wav,0.0024,0.0024,0.0607,0.0025,0.0026,0.0256,0.0092,0.0022,0.0233,0.0016
clean,3-141240-A-44.wav,0.0003,0.0004,0.0055,0.0010,0.0003,0.0028,0.0078,0.0019,0.0183,0.0009
clean,3-141240-B-44.wav,0.0008,0.0012,0.0100,0.0019,0.0016,0.0050,0.0060,0.0037,0.0273,0.0045
clean,3-141559-A-45.wav,0.0013,0.0014,0.0148,0.0022,0.0016,0.0097,0.0032,0.0070,0.0597,0.0031
clean,3-141684-A-21.wav,0.0320,0.6833,0.0649,0.1519,0.9967,0.0233,0.0112,0.0209,0.0198,0.0592
clean,3-142005-A-10.wav,0.0062,0.0049,0.0071,0.0088,0.0020,0.0294,0.0027,0.0041,0.0329,0.0009
clean,3-142006-A-10.wav,0.0084,0.0090,0.0080,0.0084,0.0030,0.0347,0.0040,0.0058,0.0549,0.0006
clean,3-142349-A-17.wav,0.0009,0.0011,0.0085,0.0051,0.0003,0.0049,0.0025,0.0004,0.0212,0.0053
clean,3-142593-A-38.wav,0.0005,0.0002,0.0021,0.0010,0.0008,0.0095,0.0008,0.0022,0.0150,0.0004
clean,3-142601-A-21.wav,0.0085,0.0208,0.0106,0.0298,0.9959,0.0096,0.0109,0.0020,0.0310,0.0062
clean,3-142604-A-24.wav,0.0029,0.9998,0.0115,0.0426,0.7331,0.0051,0.0009,0.0015,0.0033,0.0032
clean,3-142605-A-21.wav,0.0568,0.2118,0.0189,0.0996,0.9921,0.0385,0.0170,0.0271,0.0498,0.0085
clean,3-143119-A-21.wav,0.0089,0.6457,0.0278,0.3811,0.9989,0.0085,0.0109,0.0075,0.0307,0.0146
clean,3-143560-A-47.wav,0.0013,0.0003,0.0249,0.0020,0.0002,0.0013,0.0047,0.0003,0.0288,0.0004
clean,3-143562-A-47.wav,0.0003,0.0006,0.0062,0.0016,0.0001,0.0050,0.0020,0.0005,0.0035,0.0017
clean,3-143929-A-10.wav,0.0028,0.0023,0.0040,0.0045,0.0013,0.0110,0.0037,0.0042,0.0180,0.0008
clean,3-143933-A-38.wav,0.0208,0.0043,0.0095,0.0259,0.0087,0.0144,0.0463,0.0043,0.0271,0.0033
clean,3-144028-A-0.wav,0.0003,0.0022,0.0181,0.0027,0.0007,0.0341,0.9449,0.0008,0.0724,0.0006
clean,3-144106-A-32.wav,0.0006,0.0010,0.0094,0.0020,0.0007,0.0063,0.0021,0.0017,0.0161,0.0013
clean,3-144120-A-32.wav,0.0766,0.0194,0.0047,0.0491,0.0136,0.0116,0.0038,0.0071,0.0216,0.0016
clean,3-144128-A-23.wav,0.2240,0.0155,0.0091,0.9153,0.0348,0.0073,0.0016,0.0031,0.0101,0.0022
clean,3-144128-B-23.wav,0.2585,0.0165,0.0132,0.9122,0.0382,0.0078,0.0007,0.0045,0.0114,0.0020
clean,3-144253-A-29.wav,0.0284,0.3618,0.0357,0.5771,0.2996,0.0137,0.0126,0.0010,0.0074,0.0318
clean,3-144259-A-29.wav,0.0394,0.0265,0.0065,0.0463,0.0184,0.0467,0.0069,0.0022,0.0039,0.0053
clean,3-144510-A-30.wav,0.0085,0.0038,0.0098,0.0155,0.0076,0.0082,0.0483,0.0306,0.0310,0.0156
clean,3-144692-A-21.wav,0.0048,0.0511,0.1556,0.0879,0.9980,0.0023,0.0023,0.0005,0.0013,0.0184
clean,3-144827-A-11.wav,0.0012,0.0013,0.0184,0.0025,0.0007,0.0267,0.0019,0.0011,0.0743,0.0004
clean,3-144827-B-11.wav,0.0009,0.0014,0.0115,0.0025,0.0006,0.0149,0.0040,0.0038,0.0306,0.0007
clean,3-144891-A-19.wav,0.0012,0.0009,0.0083,0.0030,0.0016,0.0050,0.0034,0.0022,0.0026,0.0004
clean,3-144891-B-19.wav,0.0005,0.0018,0.0048,0.0012,0.0008,0.0075,0.0059,0.0055,0.0073,0.0009
clean,3-145382-A-1.wav,0.0090,0.0022,0.0098,0.0155,0.0061,0.0082,0.0109,0.0019,0.0310,0.0067
clean,3-145387-A-29.wav,0.0116,0.0260,0.0152,0.0168,0.0186,0.0204,0.0507,0.0086,0.0398,0.0037
clean,3-145487-A-24.wav,0.0085,0.0504,0.0098,0.0155,0.0271,0.3364,0.0109,0.0062,0.0310,0.0058
clean,3-145577-A-43.wav,0.0085,0.0018,0.0098,0.0155,0.0061,0.0082,0.0109,0.0099,0.9535,0.0489
clean,3-145719-A-17.wav,0.0004,0.0017,0.0065,0.0020,0.0009,0.0041,0.0031,0.0003,0.0050,0.0336
clean,3-145774-A-12.wav,0.0015,0.0020,0.0029,0.0021,0.0003,0.0045,0.0032,0.0012,0.0445,0.0002
clean,3-146033-A-13.wav,0.0007,0.0003,0.0059,0.0011,0.0014,0.0022,0.0061,0.0044,0.0359,0.0013
clean,3-146186-A-44.wav,0.0005,0.0004,0.0126,0.0034,0.0008,0.0032,0.0061,0.0006,0.0109,0.0004
clean,3-146697-A-43.wav,0.0179,0.0147,0.0033,0.0260,0.0113,0.0186,0.0214,0.0191,0.5643,0.0039
clean,3-146873-A-24.wav,0.0099,0.9999,0.0098,0.0177,0.0086,0.0082,0.0111,0.0023,0.0310,0.0066
clean,3-146964-A-5.wav,0.2508,0.0040,0.0260,0.1462,0.0012,0.0298,0.0160,0.0083,0.0048,0.0057
clean,3-146965-A-5.wav,0.0160,0.0024,0.0247,0.0185,0.0013,0.0206,0.0482,0.0036,0.0047,0.0035
clean,3-146972-A-5.wav,0.1077,0.0050,0.0755,0.0903,0.0029,0.0265,0.1503,0.0877,0.0732,0.0058
clean,3-147342-A-34.wav,0.0085,0.0025,0.0098,0.0155,0.0273,0.0082,0.0109,0.0019,0.0310,0.2417
clean,3-147343-A-34.wav,0.0185,0.0218,0.0154,0.0287,0.3558,0.0098,0.0127,0.0019,0.0310,0.0059
clean,3-147965-A-12.wav,0.0021,0.0044,0.0037,0.0025,0.0006,0.0083,0.0035,0.0027,0.0050,0.0005
clean,3-148297-A-37.wav,0.0022,0.0022,0.0005,0.0040,0.0032,0.0045,0.0069,0.0015,0.0081,0.0080
clean,3-148330-A-21.wav,0.0296,0.0937,0.0098,0.0440,0.9945,0.0082,0.0109,0.0019,0.0310,0.0058
clean,3-148932-A-34.wav,0.0192,0.0043,0.0098,0.0275,0.0068,0.0111,0.0126,0.0019,0.0310,0.0058
clean,3-149042-A-24.wav,0.0085,0.1928,0.0243,0.0155,0.0750,0.0082,0.0109,0.0019,0.0310,0.0058
clean,3-149189-A-1.wav,0.0085,0.0017,0.0098,0.0155,0.0061,0.0082,0.0109,0.0019,0.0310,0.0058
clean,3-149448-A-17.wav,0.0040,0.0051,0.0113,0.0111,0.0016,0.0461,0.0010,0.0004,0.0152,0.0179
clean,3-149465-A-22.wav,0.0019,0.0011,0.0478,0.0068,0.0009,0.0660,0.0013,0.0024,0.0175,0.0023
clean,3-150231-A-21.wav,0.0085,0.0528,0.0117,0.0185,1.0000,0.0198,0.0142,0.0021,0.0310,0.0061
clean,3-150363-A-38.wav,0.0010,0.0012,0.0048,0.0353,0.0018,0.0016,0.0008,0.0033,0.0729,0.0047
clean,3-150979-A-40.wav,0.0030,0.0049,0.0084,0.0047,0.0019,0.0247,0.0074,0.0018,0.1272,0.0013
clean,3-150979-B-40.wav,0.0038,0.0020,0.0019,0.0058,0.0009,0.0036,0.0072,0.0011,0.0309,0.0003
clean,3-150979-C-40.wav,0.0058,0.0034,0.0055,0.0091,0.0028,0.0091,0.0128,0.0050,0.0378,0.0010
clean,3-151080-A-20.wav,0.0004,0.0034,0.0235,0.0013,0.0013,0.0167,0.0002,0.0042,0.0028,0.0015
clean,3-151081-A-20.wav,0.0012,0.0138,0.0317,0.0915,0.0032,0.0469,0.0022,0.0037,0.0029,0.0015
clean,3-151081-B-20.wav,0.0019,0.0197,0.0630,0.0062,0.0011,0.4803,0.0010,0.0010,0.0030,0.0012
clean,3-151089-A-30.wav,0.0586,0.0037,0.0098,0.1152,0.0061,0.0086,0.0109,0.0103,0.0310,0.0199
clean,3-151206-A-23.wav,0.0470,0.0310,0.0035,0.7509,0.1199,0.0156,0.0006,0.0017,0.0085,0.0021
clean,3-151212-A-24.wav,0.0085,0.9999,0.0242,0.0353,0.0409,0.0118,0.0109,0.0023,0.0310,0.0072
clean,3-151213-A-24.wav,0.0085,0.9999,0.0116,0.0155,0.1893,0.0082,0.0109,0.0019,0.0310,0.0058
clean,3-151255-A-28.wav,0.9603,0.0271,0.0112,0.9655,0.0118,0.0085,0.0021,0.0040,0.0097,0.0041
clean,3-151269-A-35.wav,0.0041,0.0028,0.0105,0.0063,0.0015,0.0152,0.0041,0.0038,0.0780,0.0036
clean,3-151273-A-35.wav,0.0045,0.0031,0.0160,0.0129,0.0071,0.0136,0.0053,0.0040,0.0459,0.0066
clean,3-151557-A-28.wav,0.8883,0.0112,0.0048,0.8748,0.0213,0.0132,0.0127,0.0068,0.0258,0.0017
clean,3-151557-B-28.wav,0.9772,0.0093,0.0100,0.9811,0.0047,0.0051,0.0044,0.0012,0.0609,0.0019
clean,3-152007-A-20.wav,0.0015,0.0273,0.0401,0.0114,0.0707,0.2391,0.0017,0.0031,0.0035,0.0060
clean,3-152007-B-20.wav,0.0020,0.0330,0.0798,0.0774,0.0050,0.1150,0.0001,0.0022,0.0027,0.0016
clean,3-152007-C-20.wav,0.0131,0.1680,0.0427,0.5073,0.4696,0.0425,0.0010,0.0014,0.0762,0.0025
clean,3-152007-D-20.wav,0.0024,0.0629,0.1143,0.0769,0.0167,0.5448,0.0019,0.0011,0.0078,0.0005
clean,3-152007-E-20.wav,0.0002,0.0228,0.0933,0.0024,0.0015,0.0807,0.0001,0.0010,0.0031,0.0013
clean,3-152020-A-36.wav,0.0001,0.0002,0.0056,0.0013,0.0000,0.0021,0.0006,0.0001,0.0005,0.0005
clean,3-152020-B-36.wav,0.0004,0.0007,0.0094,0.0014,0.0005,0.0057,0.0016,0.0001,0.0066,0.0066
clean,3-152020-C-36.wav,0.0023,0.0004,0.0048,0.0021,0.0005,0.0017,0.0048,0.0130,0.0159,0.0043
clean,3-152039-A-3.wav,0.0021,0.0063,0.4934,0.0106,0.0042,0.0909,0.0103,0.0114,0.0597,0.0028
clean,3-152039-B-3.wav,0.0002,0.0008,0.2970,0.0014,0.0022,0.0321,0.1728,0.0025,0.0437,0.0035
clean,3-152594-A-30.wav,0.0085,0.0017,0.0098,0.0155,0.0061,0.0082,0.0109,0.0178,0.0310,0.0058
clean,3-152912-A-26.wav,0.0085,0.0504,0.0457,0.0155,0.0348,0.7518,0.0129,0.0103,0.0349,0.0058
clean,3-152997-A-26.wav,0.0155,0.0377,0.8483,0.4003,0.4327,0.7051,0.0127,0.0096,0.0550,0.0905
clean,3-153057-A-43.wav,0.0085,0.0034,0.0098,0.0155,0.0084,0.0082,0.0109,0.0067,0.7817,0.0299
clean,3-153444-A-32.wav,0.0013,0.0021,0.0047,0.0037,0.0005,0.0098,0.0019,0.0011,0.0240,0.0026
clean,3-154378-A-30.wav,0.0115,0.0026,0.0098,0.0155,0.0061,0.0082,0.0546,0.1118,0.0424,0.0103
clean,3-154439-A-17.wav,0.0018,0.0024,0.0044,0.0071,0.0013,0.0275,0.0043,0.0008,0.0083,0.0047
clean,3-154758-A-44.wav,0.0011,0.0009,0.0185,0.0031,0.0008,0.0056,0.0021,0.0020,0.0369,0.0013
clean,3-154781-A-32.wav,0.0005,0.0012,0.0012,0.0014,0.0005,0.0087,0.0008,0.0017,0.0523,0.0017
clean,3-154926-A-40.wav,0.0096,0.0017,0.0098,0.0239,0.0061,0.0082,0.0109,0.0019,0.0873,0.0058
clean,3-154926-B-40.wav,0.0763,0.0001,0.0034,0.1234,0.0001,0.0012,0.0013,0.0001,0.0008,0.0003
clean,3-154957-A-1.wav,0.0101,0.0022,0.0044,0.0140,0.0066,0.0091,0.0205,0.0143,0.0094,0.0151
clean,3-155130-A-43.wav,0.0235,0.0099,0.0199,0.0330,0.0177,0.0293,0.0196,0.0165,0.9956,0.0045
clean,3-155234-A-43.wav,0.0038,0.0056,0.2412,0.0066,0.0067,0.0206,0.0081,0.0108,0.8226,0.0029
clean,3-155312-A-0.wav,0.0010,0.0047,0.0781,0.0039,0.0406,0.0014,0.9692,0.0005,0.0246,0.0004
clean,3-155556-A-31.wav,0.0085,0.0026,0.0098,0.0155,0.0076,0.0082,0.0109,0.0065,0.0310,0.0100
clean,3-155568-A-32.wav,0.0009,0.0012,0.0072,0.0022,0.0006,0.0062,0.0015,0.0004,0.0242,0.0019
clean,3-155570-A-32.wav,0.0034,0.0045,0.0026,0.0069,0.0006,0.0113,0.0067,0.0014,0.0081,0.0007
clean,3-155577-A-14.wav,0.0105,0.0119,0.0179,0.0120,0.0042,0.0120,0.0090,0.0034,0.0753,0.0034
clean,3-155578-A-14.wav,0.0014,0.0017,0.0740,0.0025,0.0016,0.0314,0.0111,0.0015,0.0186,0.0025
clean,3-155579-A-14.wav,0.0078,0.0039,0.0072,0.0121,0.0025,0.0076,0.0041,0.0028,0.0357,0.0010
clean,3-155583-A-14.wav,0.0069,0.0254,0.0135,0.0084,0.0093,0.0302,0.0156,0.0072,0.1163,0.0136
clean,3-155584-A-14.wav,0.0046,0.0053,0.0226,0.0040,0.0041,0.0158,0.0074,0.0032,0.0282,0.0022
clean,3-155642-A-11.wav,0.0027,0.0017,0.0085,0.0058,0.0014,0.0074,0.0090,0.0059,0.0137,0.0004
clean,3-155642-B-11.wav,0.0014,0.0019,0.0114,0.0019,0.0010,0.0101,0.0052,0.0036,0.0060,0.0005
clean,3-155659-A-34.wav,0.0085,0.0025,0.0098,0.0155,0.0139,0.0082,0.0109,0.0027,0.0310,0.0129
clean,3-155766-A-13.wav,0.0011,0.0005,0.0020,0.0016,0.0007,0.0036,0.0057,0.0018,0.0045,0.0007
clean,3-156391-A-35.wav,0.0113,0.0108,0.0063,0.0178,0.0047,0.0187,0.0153,0.0076,0.0576,0.0051
clean,3-156393-A-35.wav,0.0065,0.0056,0.0042,0.0128,0.0029,0.0205,0.0091,0.0095,0.0647,0.0037
clean,3-156558-A-21.wav,0.0087,0.2989,0.1059,0.0946,0.7599,0.0249,0.0110,0.0049,0.0328,0.0153
clean,3-156581-A-14.wav,0.0021,0.0012,0.0047,0.0054,0.0019,0.0208,0.0022,0.0031,0.0477,0.0070
clean,3-156581-B-14.wav,0.0011,0.0005,0.0043,0.0030,0.0009,0.0068,0.0016,0.0010,0.0297,0.0082
clean,3-156907-A-15.wav,0.0131,0.0115,0.0098,0.0227,0.0184,0.0082,0.0370,0.0191,0.0376,0.0074
clean,3-157149-A-10.wav,0.0037,0.0036,0.0134,0.0036,0.0031,0.0325,0.0036,0.0035,0.0484,0.0009
clean,3-157187-A-12.wav,0.0085,0.0043,0.0098,0.0155,0.0061,0.0082,0.0109,0.0133,0.0310,0.0235
clean,3-157487-A-10.wav,0.0017,0.0032,0.0108,0.0030,0.0015,0.0223,0.0057,0.0043,0.0504,0.0006
clean,3-157492-A-45.wav,0.0053,0.0026,0.0058,0.0055,0.0062,0.0050,0.0031,0.0099,0.0673,0.0019
clean,3-157615-A-10.wav,0.0090,0.0046,0.0079,0.0122,0.0046,0.0375,0.0034,0.0056,0.0555,0.0022
clean,3-157695-A-0.wav,0.0022,0.0038,0.0044,0.0198,0.0038,0.0067,0.8967,0.0006,0.0289,0.0089
clean,3-158056-A-31.wav,0.0051,0.0060,0.0136,0.0074,0.0025,0.0057,0.0043,0.0026,0.0966,0.0091
clean,3-158056-B-31.wav,0.0150,0.0029,0.0102,0.1017,0.0156,0.0015,0.0230,0.0040,0.0240,0.0612
clean,3-158476-A-12.wav,0.0025,0.0055,0.0037,0.0035,0.0012,0.0108,0.0052,0.0043,0.0293,0.0003
clean,3-159346-A-36.wav,0.0042,0.0037,0.0132,0.0082,0.0018,0.0177,0.0045,0.0037,0.0848,0.0043
clean,3-159346-B-36.wav,0.0046,0.0010,0.0133,0.0101,0.0010,0.0087,0.0050,0.0015,0.1060,0.0042
clean,3-159347-A-36.wav,0.0131,0.0017,0.0489,0.0134,0.0014,0.0065,0.0033,0.0013,0.0444,0.0046
clean,3-159347-B-36.wav,0.0034,0.0010,0.0055,0.0089,0.0012,0.0136,0.0040,0.0031,0.0365,0.0041
clean,3-159348-A-36.wav,0.0012,0.0011,0.0066,0.0020,0.0008,0.0047,0.0018,0.0039,0.0213,0.0043
clean,3-159445-A-45.wav,0.0032,0.0026,0.0332,0.0073,0.0043,0.0224,0.0071,0.0026,0.1255,0.0026
clean,3-159445-B-45.wav,0.0028,0.0019,0.0067,0.0036,0.0023,0.0097,0.0105,0.0013,0.0583,0.0059
clean,3-160119-A-15.wav,0.0085,0.0020,0.0098,0.0155,0.0061,0.0082,0.0125,0.0039,0.0354,0.0058
clean,3-160993-A-3.wav,0.0001,0.0002,0.0139,0.0004,0.0002,0.0028,0.0003,0.0002,0.0892,0.0001
clean,3-161010-A-43.wav,0.0545,0.0030,0.0101,0.0810,0.0049,0.0198,0.0098,0.0103,0.4765,0.0063
clean,3-161500-A-17.wav,0.0081,0.0074,0.0205,0.0086,0.0039,0.0196,0.0097,0.0026,0.0145,0.0026
clean,3-162786-A-13.wav,0.0004,0.0006,0.0467,0.0014,0.0012,0.0093,0.0061,0.0030,0.0158,0.0009
clean,3-163288-A-1.wav,0.0085,0.0017,0.0098,0.0155,0.0061,0.0082,0.0300,0.0024,0.0310,0.0058
clean,3-163459-A-0.wav,0.0085,0.0036,0.0098,0.0155,0.0062,0.0082,0.9255,0.0024,0.0310,0.0066
clean,3-163607-A-13.wav,0.0062,0.0025,0.0200,0.0061,0.0033,0.0114,0.0107,0.0046,0.3167,0.0031
clean,3-163607-B-13.wav,0.0232,0.0040,0.0055,0.0205,0.0072,0.0186,0.0097,0.0106,0.0568,0.0097
clean,3-163727-A-3.wav,0.0779,0.0036,0.0080,0.0956,0.0087,0.0048,0.0058,0.0608,0.0437,0.0208
clean,3-164120-A-11.wav,0.0037,0.0012,0.0081,0.0071,0.0013,0.0139,0.0036,0.0028,0.0678,0.0008
clean,3-164216-A-6.wav,0.0001,0.0012,0.0250,0.0006,0.0008,0.0085,0.0737,0.0003,0.0180,0.0002
clean,3-164216-B-6.wav,0.0001,0.0039,0.0225,0.0007,0.0008,0.0022,0.0324,0.0003,0.0005,0.0004
clean,3-164216-C-6.wav,0.0000,0.0018,0.0027,0.0001,0.0002,0.0003,0.0018,0.0001,0.0011,0.0001
clean,3-164592-A-15.wav,0.0356,0.0023,0.0098,0.0408,0.0061,0.0245,0.0109,0.0019,0.0340,0.0058
clean,3-164593-A-15.wav,0.0122,0.0092,0.0098,0.0232,0.0274,0.0255,0.0116,0.0031,0.0346,0.0152
clean,3-164594-A-15.wav,0.0159,0.0037,0.0098,0.0175,0.0069,0.0085,0.0125,0.0073,0.0310,0.0226
clean,3-164595-A-15.wav,0.0085,0.0034,0.0098,0.0155,0.0061,0.0141,0.0471,0.0038,0.0320,0.0058
clean,3-164630-A-11.wav,0.0011,0.0024,0.0066,0.0059,0.0015,0.0108,0.0046,0.0011,0.0163,0.0033
clean,3-164688-A-38.wav,0.0026,0.0020,0.0048,0.0084,0.0012,0.0017,0.0025,0.0040,0.0111,0.0648
clean,3-165856-A-41.wav,0.8689,0.0021,0.0449,0.8852,0.0016,0.0088,0.0094,0.0014,0.0092,0.0027
clean,3-166125-A-23.wav,0.1445,0.0094,0.0034,0.6128,0.0566,0.0245,0.0031,0.0016,0.0310,0.0062
clean,3-166125-B-23.wav,0.1120,0.0151,0.0126,0.6815,0.0925,0.0192,0.0141,0.0021,0.0322,0.0024
clean,3-166324-A-15.wav,0.0035,0.0044,0.0026,0.0149,0.0140,0.0162,0.0096,0.0171,0.0143,0.0333
clean,3-166326-A-15.wav,0.0005,0.0007,0.0065,0.0029,0.0024,0.0046,0.0157,0.0004,0.0193,0.0097
clean,3-166422-A-11.wav,0.0018,0.0012,0.0097,0.0022,0.0005,0.0229,0.0008,0.0036,0.0112,0.0010
clean,3-166546-A-34.wav,0.0043,0.0266,0.0036,0.0097,0.0265,0.0084,0.0064,0.0094,0.0062,0.2882
clean,3-166546-B-34.wav,0.0395,0.1784,0.0045,0.0400,0.0453,0.0092,0.0356,0.0024,0.0188,0.0361
clean,3-167096-A-31.wav,0.0871,0.0265,0.0611,0.0923,0.0411,0.0191,0.0224,0.0170,0.0419,0.0039
clean,3-169907-A-29.wav,0.0005,0.0020,0.0042,0.0029,0.0008,0.0111,0.0018,0.0008,0.0094,0.0006
clean,3-170002-A-34.wav,0.1091,0.0483,0.0071,0.1556,0.0629,0.0324,0.0166,0.0191,0.0216,0.0435
clean,3-170015-A-0.wav,0.0098,0.0060,0.3528,0.0152,0.0084,0.0081,0.9678,0.0028,0.0313,0.0203
clean,3-170312-A-31.wav,0.0086,0.0017,0.0097,0.0156,0.0061,0.0223,0.0109,0.0057,0.0309,0.0082
clean,3-170377-A-38.wav,0.0098,0.0035,0.0215,0.0265,0.0086,0.0135,0.0075,0.0139,0.0098,0.0054
clean,3-170383-A-38.wav,0.0015,0.0027,0.0160,0.0049,0.0040,0.0088,0.0020,0.0142,0.0308,0.0251
clean,3-170574-A-30.wav,0.0097,0.0028,0.0137,0.0181,0.0061,0.0082,0.0117,0.0100,0.0310,0.0096
clean,3-170851-A-31.wav,0.0043,0.0018,0.0027,0.0089,0.0024,0.0061,0.0041,0.0014,0.0336,0.0028
clean,3-171012-A-38.wav,0.0104,0.0019,0.0089,0.0154,0.0029,0.0084,0.0063,0.0052,0.0139,0.0074
clean,3-171041-A-38.wav,0.0033,0.0009,0.0153,0.0095,0.0050,0.0065,0.0098,0.0039,0.0750,0.0143
clean,3-171281-A-6.wav,0.0001,0.0019,0.0061,0.0007,0.0004,0.0039,0.0083,0.0006,0.0057,0.0002
clean,3-171937-A-34.wav,0.1452,0.0048,0.0106,0.0931,0.0084,0.0299,0.0099,0.0061,0.1696,0.0040
clean,3-172179-A-31.wav,0.0029,0.0014,0.0012,0.0083,0.0011,0.0017,0.0015,0.0054,0.0031,0.0071
clean,3-172881-A-48.wav,0.0010,0.0030,0.0034,0.0080,0.0020,0.0101,0.0039,0.0093,0.0118,0.0020
clean,3-172922-A-48.wav,0.0007,0.0032,0.0030,0.0016,0.0011,0.0043,0.0045,0.0022,0.0017,0.0008
clean,3-174840-A-43.wav,0.0063,0.0025,0.3599,0.0186,0.0054,0.0090,0.0141,0.0108,0.9862,0.0082
clean,3-174866-A-29.wav,0.0085,0.0040,0.0098,0.0155,0.0071,0.0082,0.0109,0.0082,0.0310,0.0067
clean,3-177082-A-22.wav,0.0020,0.0016,0.0271,0.0039,0.0012,0.0290,0.0012,0.0016,0.0087,0.0021
clean,3-177083-A-22.wav,0.0022,0.0014,0.0243,0.0048,0.0018,0.0235,0.0050,0.0102,0.0113,0.0028
clean,3-178096-A-6.wav,0.0004,0.0062,0.0203,0.0039,0.0012,0.1013,0.0026,0.0006,0.0016,0.0005
clean,3-180147-A-30.wav,0.2125,0.0064,0.0039,0.1931,0.0059,0.0161,0.0127,0.0715,0.0342,0.0116
clean,3-180256-A-0.wav,0.0011,0.0084,0.0212,0.0043,0.0024,0.0009,0.9652,0.0011,0.0146,0.0027
clean,3-180977-A-0.wav,0.0012,0.0307,0.0113,0.0074,0.0029,0.0013,0.9542,0.0001,0.0080,0.0004
clean,3-181132-A-14.wav,0.0095,0.0092,0.0107,0.0133,0.0055,0.0147,0.0154,0.0068,0.1803,0.0034
clean,3-181278-A-22.wav,0.7387,0.0014,0.3098,0.6684,0.0019,0.0210,0.0040,0.0079,0.0089,0.0043
clean,3-182023-A-30.wav,0.0053,0.0020,0.0027,0.0090,0.0054,0.0064,0.0074,0.0253,0.0139,0.0075
clean,3-182025-A-30.wav,0.0085,0.0019,0.0098,0.0155,0.0061,0.0082,0.0109,0.0645,0.0310,0.0062
clean,3-182710-A-35.wav,0.0057,0.0017,0.0162,0.0109,0.0024,0.0087,0.0064,0.0178,0.0287,0.0075
clean,3-182710-B-35.wav,0.0944,0.5525,0.0059,0.1503,0.0350,0.0190,0.0138,0.0445,0.0658,0.0201
clean,3-185313-A-31.wav,0.0490,0.0069,0.0090,0.1740,0.0401,0.0067,0.0128,0.0229,0.0240,0.0078
clean,3-185456-A-29.wav,0.1376,0.0210,0.0054,0.2047,0.0099,0.0047,0.0011,0.0024,0.0055,0.0005
clean,3-187549-A-6.wav,0.0002,0.0019,0.0080,0.0011,0.0003,0.0012,0.0022,0.0005,0.0228,0.0003
clean,3-187549-B-6.wav,0.0088,0.0056,0.0077,0.0096,0.0039,0.0105,0.0032,0.0032,0.1055,0.0017
clean,3-187710-A-11.wav,0.0030,0.0012,0.0234,0.0101,0.0015,0.0063,0.0029,0.0138,0.0129,0.0229
clean,3-188390-A-6.wav,0.0085,0.0026,0.0098,0.0155,0.0061,0.0082,0.0109,0.0019,0.0310,0.0149
clean,3-188726-A-35.wav,0.0014,0.0011,0.0095,0.0033,0.0017,0.0087,0.0040,0.0044,0.0373,0.0019
clean,3-193767-A-47.wav,0.0026,0.0017,0.0048,0.0065,0.0016,0.0063,0.0112,0.0007,0.1180,0.0005
clean,3-197408-A-8.wav,0.0003,0.0001,0.0246,0.0011,0.0008,0.0088,0.0004,0.0024,0.0093,0.0011
clean,3-197408-B-8.wav,0.0009,0.0002,0.0173,0.0010,0.0004,0.0040,0.0007,0.0011,0.0064,0.0004
clean,3-197408-C-8.wav,0.0079,0.0007,0.0405,0.0102,0.0023,0.0063,0.0040,0.0103,0.0317,0.0025
clean,3-197435-A-22.wav,0.0009,0.0010,0.0023,0.0022,0.0006,0.0101,0.0012,0.0030,0.0077,0.0034
clean,3-197435-B-22.wav,0.0011,0.0018,0.0015,0.0033,0.0013,0.0118,0.0016,0.0035,0.0081,0.0051
clean,3-203371-A-39.wav,0.0085,0.0017,0.0098,0.0155,0.0061,0.0082,0.0109,0.0233,0.0310,0.5274
clean,3-203373-A-39.wav,0.0086,0.0017,0.0098,0.0156,0.0062,0.0082,0.0109,0.0019,0.0310,1.0000
clean,3-203374-A-39.wav,0.0085,0.0022,0.0114,0.0155,0.0065,0.0082,0.0109,0.0031,0.0310,0.9525
clean,3-203375-A-39.wav,0.0085,0.0017,0.0098,0.0155,0.0061,0.0082,0.0109,0.0019,0.0310,0.9995
clean,3-203377-A-39.wav,0.0096,0.0020,0.0098,0.0155,0.0061,0.0082,0.0109,0.0021,0.0310,0.9946
clean,3-20861-A-8.wav,0.0017,0.0002,0.0203,0.0039,0.0018,0.0084,0.0026,0.0053,0.0080,0.0005
clean,3-208820-A-49.wav,0.0040,0.0017,0.0231,0.0067,0.0025,0.0339,0.0062,0.0021,0.0153,0.0049
clean,3-216280-A-39.wav,0.0085,0.0017,0.0098,0.0155,0.0082,0.0082,0.0109,0.0037,0.0310,0.9917
clean,3-216281-A-39.wav,0.0086,0.0019,0.0112,0.0172,0.0070,0.0082,0.0114,0.0024,0.0310,0.9746
clean,3-216284-A-39.wav,0.0085,0.0017,0.0098,0.0155,0.0061,0.0082,0.0109,0.0019,0.0310,0.9968
clean,3-233151-A-2.wav,0.0224,0.3872,0.0166,0.0432,0.0233,0.0099,0.0109,0.0096,0.0310,0.0080
clean,3-243726-A-43.wav,0.0018,0.0031,0.0219,0.0024,0.0018,0.0075,0.0062,0.0021,0.8079,0.0016
clean,3-246513-A-16.wav,0.0042,0.0011,0.0065,0.0060,0.0011,0.0056,0.0210,0.0032,0.1118,0.0041
clean,3-246513-B-16.wav,0.0073,0.0031,0.0165,0.0108,0.0030,0.0040,0.0179,0.0021,0.0591,0.0041
clean,3-249913-A-25.wav,0.0067,0.0079,0.0033,0.0132,0.0030,0.0083,0.0150,0.0204,0.0476,0.0055
clean,3-251617-A-48.wav,0.0012,0.0023,0.0072,0.0039,0.0024,0.0016,0.0150,0.1315,0.0064,0.0168
clean,3-253081-A-2.wav,0.0010,0.0556,0.0155,0.0080,0.0120,0.0588,0.0152,0.5905,0.0046,0.0022
clean,3-253084-A-2.wav,0.0030,0.1855,0.7099,0.0150,0.0074,0.0057,0.0013,0.0010,0.0029,0.0121
clean,3-253084-B-2.wav,0.0070,0.0312,0.0673,0.0420,0.0491,0.0095,0.0033,0.0028,0.0024,0.0033
clean,3-253084-C-2.wav,0.0120,0.0046,0.0159,0.0191,0.0035,0.0086,0.0220,0.0031,0.0017,0.0249
clean,3-253084-D-2.wav,0.1494,0.0087,0.0055,0.1300,0.0050,0.0029,0.0095,0.0031,0.0022,0.0025
clean,3-253084-E-2.wav,0.0042,0.0330,0.0526,0.0194,0.0139,0.0094,0.0025,0.0023,0.0034,0.0017
clean,3-257858-A-2.wav,0.0040,0.0017,0.0053,0.0153,0.0006,0.0014,0.0023,0.0033,0.0012,0.0130
clean,3-259622-A-44.wav,0.0009,0.0012,0.0226,0.0035,0.0009,0.0079,0.0025,0.0004,0.0255,0.0009
clean,3-51376-A-42.wav,0.0001,0.0002,0.0066,0.0005,0.0001,0.0035,0.0023,0.0036,0.1206,0.0005
clean,3-51731-A-42.wav,0.0011,0.0005,0.0077,0.0013,0.0013,0.0041,0.0040,0.0028,0.1210,0.0004
clean,3-51731-B-42.wav,0.0005,0.0002,0.0082,0.0008,0.0007,0.0042,0.0010,0.0036,0.2948,0.0012
clean,3-51909-A-42.wav,0.0002,0.0001,0.0204,0.0008,0.0001,0.0018,0.0012,0.0006,0.2524,0.0006
clean,3-51909-B-42.wav,0.0002,0.0002,0.0108,0.0013,0.0002,0.0061,0.0015,0.0006,0.2961,0.0012
clean,3-58772-A-42.wav,0.0004,0.0014,0.0752,0.0017,0.0009,0.0104,0.0013,0.0010,0.0581,0.0003
clean,3-62878-A-42.wav,0.0003,0.0005,0.0197,0.0008,0.0004,0.0117,0.0013,0.0007,0.2948,0.0007
clean,3-62878-B-42.wav,0.0085,0.0017,0.0166,0.0155,0.0061,0.0095,0.0197,0.0019,0.0886,0.0093
clean,3-65748-A-12.wav,0.0023,0.0028,0.0137,0.0022,0.0002,0.0083,0.0026,0.0013,0.0195,0.0003
clean,3-68630-A-40.wav,0.0022,0.0005,0.0061,0.0035,0.0009,0.0118,0.0046,0.0005,0.0589,0.0009
clean,3-68630-B-40.wav,0.0008,0.0009,0.0071,0.0018,0.0014,0.0190,0.0042,0.0013,0.0779,0.0045
clean,3-68630-C-40.wav,0.0033,0.0014,0.0100,0.0047,0.0010,0.0089,0.0035,0.0025,0.0344,0.0020
clean,3-70962-A-4.wav,0.0038,0.0012,0.0099,0.0089,0.0014,0.0044,0.0204,0.0005,0.0160,0.0013
clean,3-70962-B-4.wav,0.0008,0.0031,0.0708,0.0028,0.0039,0.0645,0.0041,0.0003,0.0059,0.0009
clean,3-70962-C-4.wav,0.0018,0.0007,0.0114,0.0035,0.0017,0.0063,0.0081,0.0015,0.0176,0.0049
clean,3-71964-A-4.wav,0.0001,0.0001,0.0059,0.0007,0.0004,0.0024,0.0028,0.0004,0.0043,0.0004
clean,3-71964-B-4.wav,0.0006,0.0003,0.0106,0.0025,0.0008,0.0053,0.0019,0.0005,0.0077,0.0013
clean,3-71964-C-4.wav,0.0002,0.0001,0.0085,0.0007,0.0003,0.0042,0.0018,0.0003,0.0029,0.0004
clean,3-83527-A-4.wav,0.0009,0.0017,0.0912,0.0020,0.0077,0.0117,0.0033,0.0012,0.0204,0.0012
clean,3-87936-A-46.wav,0.0008,0.0005,0.0140,0.0028,0.0003,0.0023,0.0029,0.0019,0.0111,0.0002
clean,3-87936-B-46.wav,0.0034,0.0021,0.0187,0.0111,0.0049,0.0167,0.0027,0.0058,0.0290,0.0045
clean,3-92637-A-18.wav,0.0002,0.0001,0.0229,0.0008,0.0002,0.0026,0.0002,0.0042,0.0353,0.0101
clean,3-93010-A-18.wav,0.0014,0.0027,0.0154,0.0077,0.0017,0.0124,0.0036,0.0015,0.0157,0.0255
clean,3-94342-A-25.wav,0.0059,0.0029,0.0040,0.0094,0.0023,0.0237,0.0048,0.0269,0.0134,0.0043
clean,3-94343-A-25.wav,0.0023,0.0046,0.0064,0.0047,0.0023,0.0214,0.0079,0.0144,0.0122,0.0045
clean,3-94344-A-25.wav,0.0027,0.0051,0.0035,0.0054,0.0025,0.0211,0.0036,0.0226,0.0055,0.0198
clean,3-94355-A-33.wav,0.4303,0.0107,0.0279,0.4214,0.0111,0.0276,0.0223,0.0266,0.0318,0.0076
clean,3-95694-A-5.wav,0.0487,0.0026,0.1160,0.0344,0.0022,0.0046,0.0274,0.0016,0.0245,0.0008
clean,3-95695-A-5.wav,0.0111,0.0044,0.0116,0.0143,0.0042,0.0264,0.0089,0.0359,0.0695,0.0023
clean,3-95695-B-5.wav,0.0267,0.0507,0.0322,0.0505,0.0511,0.1476,0.1659,0.0124,0.0240,0.0107
clean,3-95697-A-5.wav,0.0104,0.0051,0.0098,0.0155,0.0097,0.0082,0.0109,0.0029,0.0310,0.0058
clean,3-95698-A-5.wav,0.0899,0.0176,0.0877,0.1430,0.0845,0.2645,0.4979,0.0159,0.0562,0.0031
clean,3-96606-A-49.wav,0.0011,0.0002,0.0069,0.0148,0.0003,0.0052,0.0014,0.0003,0.0081,0.0011
clean,3-96606-B-49.wav,0.0008,0.0005,0.0114,0.0042,0.0008,0.0082,0.0011,0.0003,0.0033,0.0006
clean,3-97909-A-49.wav,0.0010,0.0002,0.0613,0.0119,0.0004,0.0048,0.0003,0.0000,0.0013,0.0002
clean,3-97909-B-49.wav,0.0011,0.0006,0.1006,0.0122,0.0015,0.0102,0.0010,0.0009,0.0049,0.0012
clean,3-98193-A-46.wav,0.0000,0.0004,0.0091,0.0002,0.0001,0.0008,0.0001,0.0005,0.0063,0.0026
clean,3-98771-A-18.wav,0.0015,0.0007,0.0111,0.0043,0.0008,0.0064,0.0010,0.0006,0.0051,0.0042
clean,3-98869-A-46.wav,0.0005,0.0003,0.0077,0.0009,0.0003,0.0039,0.0016,0.0010,0.0095,0.0004
clean,4-102844-A-49.wav,0.0027,0.0002,0.0083,0.0191,0.0002,0.0036,0.0002,0.0000,0.0038,0.0002
clean,4-102844-B-49.wav,0.0038,0.0002,0.0386,0.0255,0.0004,0.0232,0.0002,0.0001,0.0077,0.0000
clean,4-102844-C-49.wav,0.0021,0.0004,0.0079,0.0194,0.0004,0.0058,0.0003,0.0004,0.0044,0.0003
clean,4-102871-A-42.wav,0.0011,0.0002,0.0232,0.0012,0.0006,0.0058,0.0031,0.0013,0.4854,0.0005
clean,4-107117-A-33.wav,0.0456,0.0012,0.0075,0.0360,0.0023,0.0167,0.0072,0.0045,0.0738,0.0036
clean,4-107120-A-33.wav,0.0085,0.0017,0.0181,0.0155,0.0061,0.0082,0.0109,0.0113,0.0310,0.0058
clean,4-107122-A-33.wav,0.0206,0.0009,0.0270,0.0248,0.0017,0.0069,0.0007,0.0067,0.0174,0.0030
clean,4-108352-A-33.wav,0.0021,0.0003,0.0041,0.0016,0.0002,0.0011,0.0012,0.2156,0.0054,0.0004
clean,4-111671-A-42.wav,0.0003,0.0005,0.0064,0.0007,0.0004,0.0029,0.0034,0.0004,0.2449,0.0002
clean,4-111671-B-42.wav,0.0001,0.0002,0.0044,0.0002,0.0001,0.0027,0.0019,0.0001,0.0607,0.0007
clean,4-117627-A-25.wav,0.0032,0.0041,0.0050,0.0086,0.0023,0.0181,0.0052,0.0309,0.0110,0.0108
clean,4-117630-A-25.wav,0.0034,0.0030,0.0047,0.0108,0.0047,0.0287,0.0072,0.0125,0.0154,0.0150
clean,4-119647-A-48.wav,0.1681,0.0041,0.0080,0.0958,0.0037,0.0043,0.0112,0.0614,0.0089,0.0025
clean,4-119647-B-48.wav,0.0571,0.0057,0.0047,0.0223,0.0056,0.0099,0.0067,0.0583,0.0036,0.0069
clean,4-119647-C-48.wav,0.0173,0.0038,0.0028,0.0174,0.0026,0.0034,0.0057,0.0155,0.0107,0.0058
clean,4-119647-D-48.wav,0.0005,0.0015,0.0026,0.0027,0.0011,0.0035,0.0031,0.0105,0.0061,0.0019
clean,4-119648-A-48.wav,0.0004,0.0019,0.0012,0.0056,0.0017,0.0044,0.0019,0.0095,0.0114,0.0197
clean,4-119648-B-48.wav,0.0002,0.0017,0.0012,0.0019,0.0013,0.0086,0.0028,0.0041,0.0236,0.0039
clean,4-119648-C-48.wav,0.0007,0.0023,0.0015,0.0031,0.0008,0.0020,0.0038,0.0262,0.0071,0.0047
clean,4-119648-D-48.wav,0.0018,0.0013,0.0031,0.0079,0.0012,0.0087,0.0054,0.0036,0.0091,0.0016
clean,4-119720-A-18.wav,0.0011,0.0003,0.0308,0.0034,0.0004,0.0042,0.0021,0.0009,0.0103,0.0008
clean,4-120160-A-5.wav,0.0085,0.0018,0.0098,0.0155,0.0061,0.0082,0.0109,0.0032,0.0310,0.0141
clean,4-121532-A-42.wav,0.0003,0.0005,0.0219,0.0022,0.0005,0.0102,0.0050,0.0018,0.0412,0.0004
clean,4-123680-A-18.wav,0.0004,0.0005,0.0224,0.0028,0.0004,0.0402,0.0026,0.0002,0.0129,0.0010
clean,4-125070-A-19.wav,0.0013,0.0017,0.0030,0.0027,0.0041,0.0055,0.0023,0.0270,0.0689,0.0099
clean,4-125071-A-19.wav,0.0011,0.0008,0.0040,0.0047,0.0022,0.0030,0.0091,0.0011,0.0093,0.0002
clean,4-125072-A-19.wav,0.0030,0.0007,0.0053,0.0085,0.0016,0.0036,0.0026,0.0009,0.0132,0.0002
clean,4-125072-B-19.wav,0.0009,0.0004,0.0127,0.0025,0.0004,0.0015,0.0063,0.0026,0.0024,0.0010
clean,4-125825-A-46.wav,0.0011,0.0007,0.0086,0.0034,0.0009,0.0042,0.0026,0.0012,0.0156,0.0028
clean,4-125825-B-46.wav,0.0005,0.0004,0.0067,0.0022,0.0002,0.0019,0.0032,0.0015,0.0257,0.0023
clean,4-125929-A-40.wav,0.0010,0.0006,0.0057,0.0050,0.0013,0.0012,0.0014,0.0054,0.0034,0.0033
clean,4-126046-A-18.wav,0.0007,0.0003,0.0143,0.0007,0.0004,0.0034,0.0023,0.0196,0.0132,0.0024
clean,4-126532-A-18.wav,0.0003,0.0003,0.0032,0.0005,0.0001,0.0004,0.0006,0.0026,0.0046,0.0003
clean,4-128659-A-33.wav,0.0009,0.0005,0.0062,0.0008,0.0015,0.0041,0.0010,0.0092,0.0215,0.0018
clean,4-130584-A-4.wav,0.0003,0.0001,0.5999,0.0007,0.0003,0.0117,0.0005,0.0005,0.0124,0.0001
clean,4-130891-A-7.wav,0.0026,0.0019,0.0617,0.0067,0.0055,0.0148,0.0175,0.0797,0.0075,0.0095
clean,4-132383-A-2.wav,0.0983,0.0196,0.2731,0.1599,0.0142,0.0314,0.0162,0.0073,0.0151,0.0017
clean,4-132383-B-2.wav,0.0101,0.0477,0.0826,0.0207,0.0104,0.0584,0.3187,0.0010,0.0055,0.0150
clean,4-132803-A-26.wav,0.2830,0.0065,0.2989,0.4430,0.0227,0.8664,0.0105,0.0123,0.1453,0.0120
clean,4-132810-A-26.wav,0.0048,0.0193,0.2149,0.0127,0.0201,0.9892,0.0041,0.0046,0.0167,0.0059
clean,4-132816-A-26.wav,0.0003,0.0013,0.6672,0.1424,0.0082,0.9677,0.0055,0.0003,0.0028,0.0069
clean,4-132839-A-33.wav,0.0710,0.0009,0.0443,0.0369,0.0030,0.0274,0.0071,0.0217,0.0701,0.0181
clean,4-133047-A-5.wav,0.0016,0.0009,0.0093,0.0076,0.0018,0.0023,0.0046,0.0041,0.0235,0.0014
clean,4-133047-B-5.wav,0.0155,0.0072,0.0346,0.0337,0.0334,0.1562,0.1710,0.0019,0.0111,0.0070
clean,4-133047-C-5.wav,0.0021,0.0023,0.0374,0.0071,0.0031,0.0536,0.0097,0.0032,0.0389,0.0024
clean,4-133674-A-26.wav,0.2915,0.0042,0.0555,0.1338,0.0050,0.5248,0.0259,0.0088,0.0264,0.0017
clean,4-133895-A-7.wav,0.0115,0.0017,0.0270,0.0155,0.0279,0.0187,0.0109,0.0086,0.0310,0.0058
clean,4-135439-A-18.wav,0.0003,0.0002,0.0956,0.0013,0.0002,0.0014,0.0004,0.0016,0.0026,0.0031
clean,4-136381-A-9.wav,0.0085,0.0017,0.0098,0.0155,0.0061,0.0082,0.0109,0.0035,0.0310,0.0058
clean,4-138344-A-9.wav,0.0144,0.0356,0.0041,0.0511,0.0639,0.0106,0.0060,0.0039,0.0192,0.0064
clean,4-140034-A-46.wav,0.0003,0.0004,0.0186,0.0008,0.0002,0.0041,0.0031,0.0006,0.0415,0.0007
clean,4-141365-A-18.wav,0.0007,0.0010,0.0124,0.0026,0.0009,0.0134,0.0029,0.0042,0.0053,0.0018
clean,4-143118-A-7.wav,0.0095,0.0043,0.0328,0.0197,0.0031,0.0066,0.0083,0.0066,0.0472,0.0012
clean,4-143118-B-7.wav,0.0125,0.0045,0.0119,0.0116,0.0095,0.0143,0.0074,0.0132,0.0616,0.0015
clean,4-144083-A-16.wav,0.0035,0.0024,0.0161,0.0063,0.0016,0.0189,0.0078,0.0085,0.1177,0.0019
clean,4-144083-B-16.wav,0.0046,0.0034,0.0115,0.0069,0.0020,0.0104,0.0168,0.0088,0.0501,0.0091
clean,4-144083-C-16.wav,0.0063,0.0007,0.0179,0.0096,0.0013,0.0068,0.0092,0.0056,0.0563,0.0048
clean,4-144085-A-16.wav,0.0057,0.0008,0.0135,0.0091,0.0014,0.0043,0.0061,0.0095,0.0366,0.0029
clean,4-144468-A-27.wav,0.0085,0.0031,0.0095,0.0439,0.0014,0.0187,0.0046,0.0013,0.0060,0.0021
clean,4-144468-B-27.wav,0.0024,0.0027,0.8451,0.0288,0.0078,0.0094,0.0059,0.0213,0.0115,0.0054
clean,4-145006-A-18.wav,0.0254,0.0036,0.0111,0.0548,0.0028,0.0111,0.0029,0.0014,0.0094,0.0069
clean,4-145081-A-9.wav,0.0001,0.0011,0.0029,0.0002,0.0002,0.0018,0.0021,0.0003,0.0608,0.0002
clean,4-146200-A-36.wav,0.0023,0.0047,0.0143,0.0034,0.0028,0.0183,0.0069,0.0025,0.0439,0.0061
clean,4-147240-A-2.wav,0.0013,0.0007,0.0148,0.0021,0.0005,0.0030,0.0003,0.0009,0.0019,0.0009
clean,4-147240-B-2.wav,0.0143,0.0062,0.4798,0.0316,0.0178,0.0393,0.0071,0.0305,0.0384,0.0105
clean,4-147657-A-46.wav,0.0010,0.0009,0.0140,0.0027,0.0015,0.0067,0.0091,0.0026,0.2017,0.0013
clean,4-147658-A-46.wav,0.0004,0.0005,0.0130,0.0011,0.0002,0.0045,0.0018,0.0015,0.0041,0.0006
clean,4-149294-A-41.wav,0.1834,0.0042,0.0259,0.1284,0.0033,0.0217,0.0064,0.0013,0.0244,0.0033
clean,4-149294-B-41.wav,0.0091,0.0049,0.0416,0.0140,0.0009,0.0129,0.0044,0.0037,0.0475,0.0035
clean,4-149940-A-5.wav,0.0117,0.0102,0.0261,0.0341,0.0012,0.1698,0.0848,0.0257,0.0039,0.0066
clean,4-149940-B-5.wav,0.0102,0.0129,0.0342,0.0145,0.0057,0.0335,0.0254,0.0111,0.0311,0.0072
clean,4-150364-A-46.wav,0.0002,0.0003,0.0184,0.0027,0.0003,0.0054,0.0008,0.0004,0.0124,0.0005
clean,4-150364-B-46.wav,0.0004,0.0002,0.0151,0.0014,0.0002,0.0057,0.0009,0.0004,0.0114,0.0006
clean,4-151242-A-37.wav,0.0005,0.0004,0.0040,0.0020,0.0013,0.0013,0.0019,0.0000,0.0034,0.0029
clean,4-152958-A-18.wav,0.0022,0.0026,0.0289,0.0061,0.0017,0.0083,0.0051,0.0174,0.0098,0.0156
clean,4-152995-A-24.wav,0.0133,1.0000,0.0098,0.0953,0.0764,0.0190,0.0159,0.0019,0.0507,0.0122
clean,4-154405-A-27.wav,0.0017,0.0022,0.0028,0.0102,0.0005,0.0177,0.0701,0.0001,0.0046,0.0008
clean,4-154405-B-27.wav,0.0262,0.0032,0.0136,0.8443,0.0039,0.0300,0.0139,0.0002,0.0021,0.0014
clean,4-154443-A-24.wav,0.0099,0.1444,0.0098,0.0155,0.0070,0.0082,0.0109,0.0025,0.0310,0.4000
clean,4-154793-A-4.wav,0.0011,0.0002,0.0172,0.0021,0.0003,0.0036,0.0081,0.0007,0.0110,0.0010
clean,4-155650-A-24.wav,0.0516,1.0000,0.0195,0.3148,0.0332,0.0249,0.0030,0.0222,0.0043,0.0066
clean,4-155650-B-24.wav,0.0104,1.0000,0.0192,0.0114,0.0449,0.0070,0.0181,0.0069,0.0853,0.0071
clean,4-155670-A-26.wav,0.0015,0.0049,0.3864,0.0046,0.0029,0.8788,0.0036,0.0056,0.0165,0.0023
clean,4-156227-A-9.wav,0.0088,0.0063,0.0069,0.0090,0.0030,0.0165,0.0059,0.0033,0.0576,0.0005
clean,4-156827-A-46.wav,0.0002,0.0004,0.0071,0.0011,0.0003,0.0046,0.0019,0.0002,0.0094,0.0003
clean,4-156843-A-21.wav,0.0119,0.7104,0.0108,0.0504,0.9731,0.0082,0.0114,0.0207,0.0310,0.0119
clean,4-156844-A-21.wav,0.0585,0.8130,0.0850,0.4028,0.9968,0.0208,0.0078,0.0054,0.0105,0.0189
clean,4-156993-A-19.wav,0.0048,0.0019,0.0246,0.0045,0.0035,0.0102,0.0045,0.0108,0.0238,0.0007
clean,4-157296-A-24.wav,0.0116,0.9984,0.0822,0.1141,0.3951,0.2798,0.0014,0.0010,0.0117,0.0126
clean,4-157297-A-21.wav,0.0042,0.3377,0.3808,0.0347,0.9962,0.0503,0.0014,0.0020,0.0043,0.0044
clean,4-157611-A-41.wav,0.0007,0.0010,0.0121,0.0021,0.0006,0.0056,0.0053,0.0022,0.0095,0.0007
clean,4-157611-B-41.wav,0.0121,0.0020,0.0098,0.0236,0.0010,0.0050,0.0033,0.0014,0.0496,0.0006
clean,4-158653-A-32.wav,0.0006,0.0069,0.0013,0.0022,0.0007,0.0056,0.0007,0.0008,0.0101,0.0027
clean,4-159426-A-9.wav,0.0085,0.0027,0.0098,0.0155,0.0065,0.0082,0.0140,0.0020,0.0381,0.0153
clean,4-159609-A-14.wav,0.0035,0.0096,0.0130,0.0084,0.0056,0.0193,0.0764,0.0098,0.0422,0.0019
clean,4-159609-B-14.wav,0.0112,0.0081,0.0080,0.0184,0.0141,0.0166,0.0121,0.0101,0.1400,0.0091
clean,4-160036-A-33.wav,0.0012,0.0012,0.0055,0.0020,0.0019,0.0083,0.0052,0.0061,0.0231,0.0028
clean,4-160036-B-33.wav,0.1239,0.0021,0.0292,0.1193,0.0043,0.0034,0.0047,0.0096,0.1054,0.0027
clean,4-160999-A-10.wav,0.0014,0.0031,0.0144,0.0045,0.0011,0.0160,0.0048,0.0016,0.0256,0.0021
clean,4-161099-A-47.wav,0.0059,0.0009,0.0116,0.0069,0.0008,0.0039,0.0177,0.0041,0.0497,0.0005
clean,4-161099-B-47.wav,0.0007,0.0002,0.0142,0.0038,0.0005,0.0007,0.0015,0.0055,0.0006,0.0051
clean,4-161100-A-47.wav,0.0010,0.0009,0.0133,0.0022,0.0007,0.0042,0.0052,0.0015,0.0121,0.0014
clean,4-161103-A-47.wav,0.0003,0.0003,0.0029,0.0012,0.0001,0.0010,0.0008,0.0001,0.0002,0.0012
clean,4-161105-A-47.wav,0.0018,0.0004,0.0105,0.0032,0.0002,0.0020,0.0075,0.0016,0.0090,0.0003
clean,4-161105-B-47.wav,0.0003,0.0003,0.0062,0.0025,0.0000,0.0010,0.0004,0.0003,0.0003,0.0003
clean,4-161127-A-10.wav,0.0028,0.0030,0.0067,0.0034,0.0040,0.0330,0.0044,0.0051,0.0442,0.0010
clean,4-161303-A-5.wav,0.0015,0.0037,0.0130,0.0061,0.0014,0.0020,0.0017,0.0031,0.0314,0.0030
clean,4-161303-B-5.wav,0.0102,0.0017,0.0098,0.0155,0.0061,0.0082,0.0109,0.0048,0.0310,0.0225
clean,4-161519-A-19.wav,0.0017,0.0025,0.0048,0.0061,0.0027,0.0042,0.0037,0.0018,0.0117,0.0009
clean,4-161579-A-40.wav,0.0312,0.0017,0.0098,0.0292,0.0061,0.0082,0.0109,0.0035,0.0310,0.0058
clean,4-161579-B-40.wav,0.0019,0.0007,0.0110,0.0032,0.0003,0.0021,0.0026,0.0003,0.0124,0.0002
clean,4-163264-A-10.wav,0.0024,0.0031,0.0060,0.0048,0.0018,0.0267,0.0026,0.0054,0.0534,0.0027
clean,4-163606-A-16.wav,0.0081,0.0025,0.0067,0.0099,0.0018,0.0093,0.0065,0.0082,0.0738,0.0227
clean,4-163608-B-16.wav,0.0048,0.0028,0.0104,0.0091,0.0036,0.0156,0.0066,0.0062,0.0309,0.0053
clean,4-163609-A-16.wav,0.0043,0.0009,0.0044,0.0101,0.0015,0.0064,0.0081,0.0058,0.0538,0.0018
clean,4-163609-B-16.wav,0.0027,0.0011,0.0042,0.0090,0.0018,0.0045,0.0085,0.1587,0.0659,0.0072
clean,4-163697-A-13.wav,0.0037,0.0017,0.0244,0.0068,0.0018,0.0131,0.0095,0.0013,0.0254,0.0020
clean,4-164021-A-1.wav,0.0089,0.0122,0.0041,0.0133,0.0074,0.0126,0.0277,0.0030,0.0239,0.0084
clean,4-164064-A-1.wav,0.0089,0.0026,0.0092,0.0160,0.0082,0.0080,0.0107,0.0038,0.0310,0.0133
clean,4-164064-B-1.wav,0.0085,0.0025,0.0102,0.0155,0.0061,0.0082,0.1755,0.0020,0.0310,0.0064
clean,4-164064-C-1.wav,0.0108,0.0024,0.0094,0.0173,0.0075,0.0100,0.0128,0.0026,0.0309,0.0079
clean,4-164206-A-10.wav,0.0070,0.0029,0.0058,0.0082,0.0037,0.0356,0.0038,0.0100,0.0625,0.0007
clean,4-164243-A-26.wav,0.0014,0.0073,0.2551,0.0108,0.2128,0.9574,0.0113,0.0070,0.0695,0.0102
clean,4-164661-A-12.wav,0.0018,0.0028,0.0049,0.0028,0.0005,0.0058,0.0049,0.0057,0.0114,0.0004
clean,4-164661-B-12.wav,0.0017,0.0016,0.0013,0.0019,0.0013,0.0058,0.0038,0.0291,0.0145,0.0089
clean,4-164859-A-1.wav,0.0085,0.0017,0.0097,0.0155,0.0061,0.0082,0.0135,0.0019,0.0310,0.0058
clean,4-165606-A-45.wav,0.0021,0.0014,0.1615,0.0029,0.0030,0.0106,0.0053,0.0057,0.0733,0.0068
clean,4-165791-A-45.wav,0.0062,0.0034,0.0044,0.0088,0.0022,0.0081,0.0117,0.0113,0.0749,0.0041
clean,4-165791-B-45.wav,0.0022,0.0037,0.0149,0.0035,0.0023,0.0101,0.0038,0.0110,0.0761,0.0037
clean,4-165813-A-19.wav,0.0020,0.0009,0.0080,0.0014,0.0011,0.0026,0.0026,0.0004,0.0129,0.0003
clean,4-165813-B-19.wav,0.0034,0.0031,0.0052,0.0142,0.0049,0.0082,0.0673,0.0094,0.0733,0.0008
clean,4-165823-A-41.wav,0.0008,0.0005,0.0289,0.0014,0.0002,0.0046,0.0007,0.0020,0.0030,0.0002
clean,4-165823-B-41.wav,0.0017,0.0002,0.0058,0.0033,0.0002,0.0023,0.0006,0.0027,0.0028,0.0006
clean,4-165845-A-45.wav,0.0012,0.0095,0.0209,0.0024,0.0036,0.0157,0.0466,0.0082,0.0543,0.0017
clean,4-165845-B-45.wav,0.0012,0.0046,0.0122,0.0019,0.0034,0.0252,0.0067,0.1063,0.0428,0.0030
clean,4-165933-A-45.wav,0.0013,0.0029,0.0479,0.0018,0.0028,0.0264,0.0275,0.0060,0.1241,0.0109
clean,4-166661-A-10.wav,0.0018,0.0012,0.0069,0.0036,0.0013,0.0336,0.0034,0.0059,0.0338,0.0007
clean,4-167063-A-11.wav,0.0008,0.0022,0.0053,0.0018,0.0010,0.0120,0.0022,0.0023,0.0420,0.0008
clean,4-167063-B-11.wav,0.0013,0.0016,0.0072,0.0027,0.0015,0.0098,0.0043,0.0039,0.0261,0.0013
clean,4-167063-C-11.wav,0.0008,0.0016,0.0077,0.0018,0.0007,0.0111,0.0060,0.0028,0.0103,0.0005
clean,4-167077-A-20.wav,0.0075,0.9746,0.0156,0.0392,0.4759,0.6933,0.0059,0.0141,0.0022,0.0030
clean,4-167077-B-20.wav,0.0009,0.0270,0.1068,0.0082,0.0773,0.2263,0.0002,0.0070,0.0055,0.0086
clean,4-167077-C-20.wav,0.0008,0.0123,0.1313,0.0033,0.0113,0.3153,0.0114,0.0020,0.0037,0.0009
clean,4-167155-A-32.wav,0.0008,0.0008,0.0038,0.0028,0.0011,0.0031,0.0029,0.0017,0.0120,0.0033
clean,4-167571-A-26.wav,0.0086,0.0023,0.0326,0.0156,0.0062,0.4664,0.0109,0.0065,0.0310,0.0058
clean,4-167642-A-21.wav,0.0085,0.2947,0.0101,0.0156,0.9993,0.0082,0.0109,0.0039,0.0310,0.0114
clean,4-168155-A-15.wav,0.0015,0.0030,0.0033,0.0053,0.0058,0.0065,0.0207,0.0003,0.0262,0.0034
clean,4-168446-A-45.wav,0.0019,0.0006,0.0078,0.0020,0.0008,0.0184,0.0020,0.0169,0.0502,0.0005
clean,4-168868-A-17.wav,0.0004,0.0015,0.0072,0.0029,0.0005,0.0016,0.0012,0.0004,0.0030,0.0115
clean,4-169127-A-41.wav,0.0235,0.0060,0.0037,0.0349,0.0013,0.0167,0.0016,0.0029,0.0412,0.0032
clean,4-169127-B-41.wav,0.0005,0.0006,0.0049,0.0012,0.0002,0.0027,0.0007,0.0020,0.0018,0.0010
clean,4-169508-A-37.wav,0.0012,0.0002,0.0129,0.0023,0.0001,0.0027,0.0005,0.0003,0.0154,0.0007
clean,4-169726-A-24.wav,0.0085,0.9999,0.0414,0.0989,0.0834,0.0329,0.0109,0.0979,0.0310,0.0183
clean,4-170078-A-1.wav,0.0087,0.0027,0.0096,0.0162,0.0058,0.0079,0.2262,0.1731,0.0273,0.0406
clean,4-170247-A-12.wav,0.0010,0.0011,0.0053,0.0023,0.0003,0.0087,0.0032,0.0017,0.0266,0.0002
clean,4-170247-B-12.wav,0.0018,0.0034,0.0034,0.0028,0.0011,0.0090,0.0087,0.0017,0.0158,0.0004
clean,4-171207-A-12.wav,0.0018,0.0152,0.0050,0.0018,0.0013,0.0067,0.0198,0.0018,0.0122,0.0002
clean,4-171396-A-24.wav,0.0546,0.9996,0.1436,0.0410,0.0937,0.0470,0.0183,0.0019,0.0399,0.0069
clean,4-171519-A-21.wav,0.1015,0.4794,0.0384,0.2586,0.9943,0.0086,0.0519,0.0021,0.0310,0.0107
clean,4-171652-A-44.wav,0.0011,0.0003,0.0018,0.0026,0.0002,0.0038,0.0017,0.0004,0.0008,0.0002
clean,4-171706-A-23.wav,0.1495,0.0271,0.0161,0.9270,0.0063,0.0210,0.0011,0.0018,0.0098,0.0017
clean,4-171823-A-13.wav,0.0014,0.0036,0.0212,0.0032,0.0018,0.0222,0.0054,0.0116,0.0302,0.0015
clean,4-172143-A-13.wav,0.0022,0.0010,0.0057,0.0031,0.0015,0.0069,0.0121,0.0065,0.0226,0.0006
clean,4-172180-A-32.wav,0.0095,0.0074,0.0026,0.0171,0.0045,0.0229,0.0067,0.0037,0.0249,0.0089
clean,4-172366-A-37.wav,0.0020,0.0010,0.0183,0.0044,0.0002,0.0018,0.0015,0.0001,0.0042,0.0005
clean,4-172377-A-17.wav,0.0149,0.0034,0.0072,0.0262,0.0068,0.0106,0.0054,0.0015,0.0192,0.0329
clean,4-172500-A-27.wav,0.0266,0.0029,0.0104,0.0498,0.0038,0.0075,0.0122,0.0030,0.0208,0.0116
clean,4-172500-B-27.wav,0.0551,0.0079,0.0081,0.0534,0.0087,0.0860,0.0909,0.0011,0.0078,0.0054
clean,4-172500-C-27.wav,0.0300,0.0006,0.0119,0.1258,0.0027,0.0020,0.0095,0.0008,0.0344,0.0178
clean,4-172500-D-27.wav,0.0533,0.0068,0.0097,0.1231,0.0261,0.0068,0.0246,0.0028,0.0222,0.0159
clean,4-172732-A-36.wav,0.0017,0.0018,0.0195,0.0038,0.0015,0.0119,0.0027,0.0004,0.0106,0.0042
clean,4-172733-A-36.wav,0.0019,0.0018,0.0137,0.0044,0.0010,0.0055,0.0024,0.0006,0.0101,0.0041
clean,4-172734-A-36.wav,0.0014,0.0009,0.0135,0.0016,0.0016,0.0080,0.0045,0.0018,0.0171,0.0035
clean,4-172736-A-36.wav,0.0034,0.0009,0.0151,0.0037,0.0012,0.0076,0.0038,0.0012,0.0495,0.0012
clean,4-172736-B-36.wav,0.0014,0.0022,0.0157,0.0024,0.0006,0.0070,0.0038,0.0008,0.0196,0.0026
clean,4-172742-A-32.wav,0.0159,0.0020,0.0098,0.0167,0.0061,0.0082,0.0109,0.0025,0.0424,0.0058
clean,4-173865-A-9.wav,0.0001,0.0045,0.0011,0.0004,0.0006,0.0003,0.0037,0.0000,0.0077,0.0002
clean,4-173865-B-9.wav,0.0082,0.0089,0.0080,0.0178,0.0131,0.0222,0.0103,0.0089,0.0539,0.0051
clean,4-174797-A-15.wav,0.0034,0.0076,0.0060,0.0286,0.0021,0.0080,0.0341,0.1810,0.0029,0.0039
clean,4-174860-A-3.wav,0.3712,0.0016,0.6218,0.2869,0.0022,0.0044,0.0195,0.0011,0.0050,0.0225
clean,4-174860-B-3.wav,0.0408,0.0031,0.0274,0.0310,0.0032,0.0226,0.0255,0.0058,0.0239,0.0112
clean,4-175000-A-40.wav,0.0024,0.0020,0.0022,0.0022,0.0016,0.0040,0.0099,0.0025,0.0373,0.0012
clean,4-175000-B-40.wav,0.0008,0.0022,0.0127,0.0015,0.0004,0.0022,0.0070,0.0015,0.0087,0.0002
clean,4-175000-C-40.wav,0.0010,0.0030,0.0039,0.0022,0.0002,0.0019,0.0049,0.0007,0.0100,0.0003
clean,4-175025-A-34.wav,0.0087,0.0113,0.0438,0.0105,0.0038,0.0150,0.0058,0.0028,0.0282,0.0056
clean,4-175845-A-43.wav,0.0080,0.0040,0.0175,0.0144,0.0037,0.0160,0.0293,0.0069,0.9671,0.0053
clean,4-175846-A-43.wav,0.0085,0.0017,0.0098,0.0155,0.0061,0.0082,0.0109,0.0034,0.9606,0.0101
clean,4-175855-A-43.wav,0.0085,0.0021,0.0098,0.0155,0.0061,0.0082,0.0109,0.0105,0.9959,0.0214
clean,4-175856-A-43.wav,0.0019,0.0007,0.0100,0.0021,0.0021,0.0060,0.0087,0.0025,0.9884,0.0007
clean,4-175945-A-38.wav,0.0064,0.0030,0.0060,0.0069,0.0038,0.0781,0.0070,0.0061,0.0879,0.0008
clean,4-176631-A-43.wav,0.0019,0.0023,0.0174,0.0050,0.0009,0.0034,0.0176,0.0092,0.9432,0.0007
clean,4-176638-A-43.wav,0.0005,0.0002,0.0068,0.0038,0.0004,0.0012,0.0099,0.0012,0.9902,0.0006
clean,4-176914-A-23.wav,0.0092,0.0051,0.0098,0.0694,0.0490,0.0082,0.0109,0.0054,0.0310,0.0108
clean,4-177243-A-32.wav,0.0076,0.0010,0.0027,0.0240,0.0019,0.0076,0.0046,0.0004,0.0603,0.0017
clean,4-177250-A-10.wav,0.0076,0.0092,0.0080,0.0099,0.0066,0.0793,0.0043,0.0052,0.0481,0.0015
clean,4-177835-A-24.wav,0.0085,0.9997,0.0428,0.0309,0.1274,0.0137,0.0109,0.0034,0.0310,0.0064
clean,4-178402-A-43.wav,0.0271,0.0054,0.0031,0.0227,0.0061,0.0274,0.0121,0.0017,0.9295,0.0038
clean,4-178881-A-45.wav,0.0012,0.0057,0.0143,0.0036,0.0045,0.0122,0.0031,0.0052,0.0335,0.0074
clean,4-179836-A-34.wav,0.0085,0.0021,0.0098,0.0155,0.0061,0.0082,0.0109,0.0019,0.0310,0.0151
clean,4-179984-A-38.wav,0.0073,0.0279,0.0817,0.0300,0.0165,0.0484,0.0081,0.0077,0.0487,0.0217
clean,4-180337-A-28.wav,0.8770,0.0488,0.0163,0.9193,0.0270,0.0162,0.0094,0.0065,0.0398,0.0086
clean,4-180380-A-10.wav,0.0013,0.0015,0.0072,0.0018,0.0019,0.0226,0.0031,0.0019,0.0375,0.0007
clean,4-180453-A-17.wav,0.0140,0.0071,0.0085,0.0135,0.0067,0.0357,0.0079,0.0013,0.0139,0.0523
clean,4-181035-A-38.wav,0.0038,0.0020,0.0042,0.0062,0.0036,0.0027,0.0074,0.0192,0.0430,0.0156
clean,4-181286-A-10.wav,0.0188,0.0111,0.0032,0.0263,0.0110,0.0427,0.0065,0.0139,0.0378,0.0039
clean,4-181362-A-13.wav,0.0424,0.0052,0.0099,0.0452,0.0101,0.0270,0.0069,0.0207,0.0190,0.0019
clean,4-181563-A-12.wav,0.0028,0.0017,0.0061,0.0042,0.0004,0.0139,0.0057,0.0027,0.0302,0.0001
clean,4-181599-A-26.wav,0.0817,0.0441,0.3121,0.2665,0.0946,0.9149,0.0386,0.0030,0.0356,0.0018
clean,4-181628-A-17.wav,0.0006,0.0008,0.0085,0.0043,0.0006,0.0176,0.0052,0.0003,0.0112,0.0499
clean,4-181707-A-32.wav,0.0005,0.0008,0.0048,0.0019,0.0005,0.0058,0.0008,0.0002,0.0278,0.0006
clean,4-181708-A-32.wav,0.0007,0.0010,0.0065,0.0016,0.0012,0.0046,0.0013,0.0017,0.0334,0.0024
clean,4-181865-A-38.wav,0.0035,0.0023,0.0042,0.0066,0.0087,0.0072,0.0038,0.0120,0.0512,0.0014
clean,4-181955-A-3.wav,0.0001,0.0010,0.0219,0.0006,0.0009,0.0065,0.0011,0.0002,0.0158,0.0002
clean,4-181955-B-3.wav,0.0022,0.0005,0.0146,0.0078,0.0010,0.0019,0.0011,0.0002,0.0572,0.0007
clean,4-181955-C-3.wav,0.0003,0.0013,0.0217,0.0019,0.0009,0.0068,0.0025,0.0008,0.0476,0.0187
clean,4-181999-A-36.wav,0.0005,0.0006,0.0072,0.0014,0.0004,0.0027,0.0010,0.0004,0.0277,0.0015
clean,4-182034-A-30.wav,0.0213,0.0130,0.0078,0.0319,0.0185,0.0619,0.0163,0.0133,0.0238,0.0042
clean,4-182039-A-30.wav,0.0085,0.0021,0.0098,0.0155,0.0080,0.0200,0.0109,0.1034,0.0310,0.0125
clean,4-182041-A-30.wav,0.0085,0.0017,0.0098,0.0155,0.0061,0.0082,0.0109,0.0038,0.0310,0.0058
clean,4-182314-A-7.wav,0.0411,0.0142,0.0161,0.0758,0.0186,0.0184,0.0187,0.0174,0.0540,0.0078
clean,4-182314-B-7.wav,0.0038,0.0023,0.0034,0.0046,0.0030,0.0043,0.0154,0.0066,0.0140,0.0016
clean,4-182368-A-12.wav,0.0190,0.0101,0.0061,0.0517,0.0032,0.0092,0.0209,0.0096,0.0089,0.0043
clean,4-182369-A-12.wav,0.0055,0.0018,0.0046,0.0060,0.0008,0.0068,0.0140,0.0034,0.0142,0.0005
clean,4-182395-A-0.wav,0.0094,0.0036,0.0098,0.0166,0.0062,0.0082,0.8619,0.0024,0.0310,0.0063
clean,4-182613-A-11.wav,0.0046,0.0045,0.0193,0.0043,0.0018,0.0296,0.0079,0.0027,0.0313,0.0011
clean,4-182613-B-11.wav,0.0013,0.0021,0.0145,0.0028,0.0008,0.0150,0.0100,0.0041,0.0112,0.0009
clean,4-182795-A-14.wav,0.0091,0.0030,0.0043,0.0163,0.0038,0.0062,0.0043,0.0033,0.0760,0.0019
clean,4-182839-A-17.wav,0.0049,0.0035,0.0129,0.0079,0.0010,0.0043,0.0023,0.0012,0.0176,0.0027
clean,4-183487-A-1.wav,0.0177,0.6081,0.0388,0.0528,0.0408,0.0285,0.0078,0.0126,0.0167,0.0534
clean,4-183882-A-28.wav,0.8872,0.0249,0.0085,0.9053,0.0020,0.0094,0.0129,0.0032,0.0035,0.0009
clean,4-183882-B-28.wav,0.8620,0.0253,0.0237,0.8916,0.0300,0.0397,0.0276,0.0224,0.0068,0.0050
clean,4-183992-A-0.wav,0.0371,0.0038,0.0136,0.0476,0.0032,0.0065,0.9381,0.0043,0.0593,0.0044
clean,4-184235-A-28.wav,0.7687,0.0268,0.0067,0.6407,0.0084,0.0293,0.0532,0.0089,0.0616,0.0028
clean,4-184237-A-28.wav,0.9508,0.0412,0.0077,0.9384,0.2137,0.0222,0.0189,0.0245,0.0466,0.0178
clean,4-184434-A-21.wav,0.2004,0.9733,0.0574,0.3749,0.9582,0.0601,0.0123,0.0121,0.0217,0.0156
clean,4-184575-A-0.wav,0.0012,0.0025,0.0037,0.0053,0.0013,0.0012,0.9564,0.0010,0.0187,0.0002
clean,4-185415-A-21.wav,0.0124,0.7870,0.0098,0.0179,0.9645,0.0090,0.0110,0.0035,0.0348,0.0100
clean,4-185575-A-20.wav,0.0435,0.0052,0.0688,0.4902,0.0081,0.2330,0.0123,0.0019,0.0652,0.0028
clean,4-185575-B-20.wav,0.0048,0.0258,0.4269,0.0071,0.0061,0.3009,0.0777,0.0008,0.0098,0.0002
clean,4-185575-C-20.wav,0.0136,0.0523,0.4319,0.0495,0.0457,0.8243,0.0581,0.0007,0.0159,0.0006
clean,4-185613-A-32.wav,0.0006,0.0010,0.0025,0.0018,0.0002,0.0050,0.0010,0.0001,0.0106,0.0011
clean,4-185619-A-21.wav,0.0116,0.9056,0.1707,0.2300,0.9887,0.2437,0.0133,0.0106,0.0310,0.0140
clean,4-186518-A-30.wav,0.0073,0.0171,0.0024,0.0118,0.0396,0.0044,0.3336,0.0146,0.0249,0.0147
clean,4-186693-A-17.wav,0.0017,0.0092,0.0023,0.0050,0.0010,0.0224,0.0056,0.0014,0.0106,0.0130
clean,4-186935-A-44.wav,0.0009,0.0007,0.0072,0.0017,0.0011,0.0046,0.0019,0.0026,0.0415,0.0030
clean,4-186936-A-44.wav,0.0004,0.0007,0.0055,0.0023,0.0003,0.0103,0.0040,0.0068,0.0023,0.0032
clean,4-186938-A-44.wav,0.0085,0.0017,0.0098,0.0155,0.0061,0.0082,0.0109,0.0036,0.0370,0.0257
clean,4-186940-A-44.wav,0.0019,0.0014,0.0062,0.0030,0.0014,0.0059,0.0036,0.0016,0.1088,0.0015
clean,4-186962-A-44.wav,0.0004,0.0014,0.0045,0.0050,0.0010,0.0082,0.0038,0.0010,0.0081,0.0070
clean,4-187284-A-30.wav,0.0101,0.0027,0.0024,0.0086,0.0036,0.0066,0.0112,0.1109,0.0486,0.0070
clean,4-187384-A-34.wav,0.0265,0.0054,0.0098,0.0542,0.0232,0.0082,0.0115,0.0019,0.0310,0.0058
clean,4-187504-A-17.wav,0.0012,0.0026,0.0047,0.0038,0.0015,0.0207,0.0012,0.0019,0.0243,0.0029
clean,4-187504-B-17.wav,0.0038,0.0079,0.0292,0.0066,0.0024,0.0255,0.0022,0.0008,0.0081,0.0027
clean,4-187769-A-14.wav,0.0122,0.0112,0.0177,0.0160,0.0152,0.0425,0.0243,0.0120,0.1491,0.0126
clean,4-187769-B-14.wav,0.0039,0.0078,0.0026,0.0079,0.0021,0.0059,0.0145,0.0016,0.0579,0.0028
clean,4-188003-A-34.wav,0.0517,0.0093,0.2273,0.0300,0.0056,0.0288,0.0045,0.0102,0.0465,0.0048
clean,4-188033-A-38.wav,0.0074,0.0022,0.0035,0.0135,0.0015,0.0075,0.0037,0.0689,0.0182,0.0043
clean,4-188191-A-29.wav,0.9380,0.0195,0.0108,0.9216,0.1024,0.0074,0.0019,0.0004,0.0025,0.0058
clean,4-188191-B-29.wav,0.0217,0.0110,0.0086,0.0162,0.0022,0.0108,0.0038,0.0015,0.0082,0.0037
clean,4-188191-C-29.wav,0.0143,0.0162,0.0127,0.0243,0.0154,0.0211,0.0053,0.0037,0.0227,0.0065
clean,4-188287-A-9.wav,0.0005,0.0015,0.0015,0.0024,0.0004,0.0008,0.0176,0.0000,0.0180,0.0001
clean,4-188293-A-15.wav,0.0015,0.0026,0.0012,0.0070,0.0039,0.0040,0.0460,0.0016,0.0180,0.0070
clean,4-188293-B-15.wav,0.0019,0.0040,0.0017,0.0050,0.0030,0.0026,0.0335,0.0041,0.0324,0.0032
clean,4-188595-A-29.wav,0.0661,0.0515,0.0263,0.6977,0.0515,0.0106,0.0109,0.0087,0.0525,0.0058
clean,4-188703-A-8.wav,0.0040,0.0076,0.2999,0.0078,0.0268,0.0222,0.0113,0.0304,0.0273,0.0031
clean,4-188703-B-8.wav,0.0020,0.0012,0.0420,0.0031,0.0020,0.0071,0.0069,0.0034,0.0310,0.0005
clean,4-188703-C-8.wav,0.0006,0.0007,0.0736,0.0019,0.0050,0.0052,0.0195,0.0061,0.0719,0.0008
clean,4-188703-D-8.wav,0.0048,0.0097,0.1168,0.0156,0.0243,0.0179,0.0132,0.0134,0.0410,0.0072
clean,4-188878-A-30.wav,0.0882,0.0399,0.0134,0.0757,0.0275,0.0769,0.0139,0.0316,0.1129,0.0142
clean,4-189332-A-37.wav,0.0010,0.0006,0.0078,0.0027,0.0003,0.0017,0.0010,0.0002,0.0145,0.0054
clean,4-189828-A-22.wav,0.0005,0.0010,0.0305,0.0015,0.0010,0.0221,0.0013,0.0027,0.0044,0.0038
clean,4-189830-A-22.wav,0.0016,0.0011,0.6195,0.0041,0.0016,0.0404,0.0011,0.0202,0.0109,0.0009
clean,4-189832-A-22.wav,0.0012,0.0010,0.0167,0.0042,0.0015,0.0121,0.0014,0.0150,0.0147,0.0047
clean,4-189832-B-22.wav,0.0007,0.0012,0.0151,0.0027,0.0008,0.0143,0.0010,0.0028,0.0043,0.0048
clean,4-189833-A-22.wav,0.0013,0.0014,0.0179,0.0060,0.0012,0.0159,0.0012,0.0017,0.0062,0.0023
clean,4-189836-A-22.wav,0.0010,0.0019,0.0205,0.0030,0.0009,0.0187,0.0011,0.0049,0.0044,0.0031
clean,4-189838-A-22.wav,0.0010,0.0018,0.0325,0.0029,0.0023,0.0202,0.0024,0.0033,0.0055,0.0025
clean,4-191015-A-43.wav,0.0069,0.0043,0.0087,0.0113,0.0028,0.0287,0.0139,0.0069,0.7202,0.0062
clean,4-191246-A-7.wav,0.0015,0.0018,0.0457,0.0038,0.0016,0.0427,0.0122,0.0033,0.0021,0.0062
clean,4-191246-B-7.wav,0.0058,0.0027,0.0529,0.0071,0.0193,0.0112,0.0089,0.0133,0.0529,0.0186
clean,4-191297-A-28.wav,0.9741,0.0135,0.0116,0.9655,0.0056,0.0104,0.0094,0.0018,0.0131,0.0006
clean,4-191327-A-38.wav,0.0471,0.0259,0.0121,0.0503,0.0888,0.0118,0.0101,0.0042,0.0212,0.0088
clean,4-191687-A-0.wav,0.0021,0.0067,0.0100,0.0302,0.0037,0.0015,0.9624,0.0165,0.0288,0.0587
clean,4-192068-A-31.wav,0.0011,0.0008,0.0034,0.0033,0.0026,0.0022,0.0017,0.0004,0.0082,0.0021
clean,4-192236-A-0.wav,0.0024,0.0042,0.0563,0.0220,0.0035,0.0027,0.9568,0.0007,0.0460,0.0031
clean,4-193480-A-40.wav,0.0029,0.0004,0.0041,0.0046,0.0005,0.0046,0.0024,0.0005,0.0147,0.0008
clean,4-193480-B-40.wav,0.0065,0.0040,0.0066,0.0088,0.0056,0.0101,0.0106,0.0059,0.1207,0.0014
clean,4-194246-A-13.wav,0.0182,0.0092,0.0035,0.0188,0.0080,0.0253,0.0234,0.0241,0.0566,0.0036
clean,4-194680-A-36.wav,0.0091,0.0149,0.0213,0.0366,0.0105,0.0171,0.0170,0.0221,0.0089,0.0114
clean,4-194711-A-38.wav,0.0012,0.0005,0.0064,0.0015,0.0025,0.0060,0.0040,0.0022,0.0147,0.0016
clean,4-194754-A-0.wav,0.0179,0.0124,0.0131,0.0252,0.0141,0.0081,0.9348,0.0036,0.0281,0.0012
clean,4-194808-A-29.wav,0.0166,0.0154,0.0136,0.0219,0.0329,0.0082,0.0151,0.0027,0.0310,0.0065
clean,4-194979-A-25.wav,0.0040,0.0032,0.0158,0.0122,0.0046,0.0117,0.0155,0.0046,0.0264,0.0018
clean,4-194981-A-25.wav,0.0031,0.0048,0.0034,0.0066,0.0017,0.0067,0.0055,0.0223,0.0310,0.0055
clean,4-195305-A-31.wav,0.0078,0.0005,0.0604,0.0193,0.0030,0.0024,0.0027,0.0002,0.0085,0.0104
clean,4-195451-A-44.wav,0.0003,0.0012,0.0116,0.0016,0.0009,0.0061,0.0045,0.0005,0.0205,0.0006
clean,4-195497-A-11.wav,0.0004,0.0008,0.0042,0.0013,0.0004,0.0074,0.0019,0.0026,0.0041,0.0006
clean,4-195497-B-11.wav,0.0014,0.0023,0.0040,0.0026,0.0011,0.0105,0.0043,0.0036,0.0324,0.0017
clean,4-195707-A-13.wav,0.0032,0.0034,0.0063,0.0052,0.0035,0.0081,0.0143,0.0115,0.0591,0.0062
clean,4-195805-A-13.wav,0.0047,0.0015,0.0058,0.0066,0.0018,0.0027,0.0073,0.0015,0.0639,0.0033
clean,4-196671-A-8.wav,0.0012,0.0001,0.0148,0.0022,0.0005,0.0010,0.0089,0.0012,0.0050,0.0003
clean,4-196671-B-8.wav,0.0003,0.0001,0.0232,0.0004,0.0004,0.0018,0.0019,0.0048,0.0200,0.0004
clean,4-196672-A-8.wav,0.0004,0.0001,0.0168,0.0005,0.0003,0.0014,0.0003,0.0024,0.0031,0.0004
clean,4-197103-A-6.wav,0.0002,0.0045,0.0066,0.0004,0.0006,0.0088,0.0307,0.0002,0.0373,0.0002
clean,4-197454-A-28.wav,0.9625,0.0190,0.0035,0.9673,0.0125,0.0235,0.0082,0.0033,0.0135,0.0023
clean,4-197454-B-28.wav,0.9678,0.0104,0.0109,0.9352,0.0047,0.0154,0.0027,0.0030,0.0037,0.0019
clean,4-197871-A-15.wav,0.0085,0.0017,0.0098,0.0155,0.0061,0.0082,0.0109,0.0019,0.1757,0.0087
clean,4-198025-A-23.wav,0.1795,0.0138,0.0039,0.8800,0.0527,0.0160,0.0010,0.0345,0.0207,0.0126
clean,4-198360-A-49.wav,0.0008,0.0001,0.0125,0.0039,0.0001,0.0071,0.0002,0.0004,0.0085,0.0002
clean,4-198360-B-49.wav,0.0009,0.0039,0.0378,0.0061,0.0020,0.0243,0.0021,0.0758,0.0132,0.0017
clean,4-198360-C-49.wav,0.0031,0.0039,0.0171,0.0077,0.0126,0.0205,0.0031,0.1561,0.0076,0.0106
clean,4-198841-A-37.wav,0.0003,0.0003,0.0186,0.0006,0.0006,0.0112,0.0007,0.0009,0.0898,0.0012
clean,4-198962-A-25.wav,0.0016,0.0010,0.0011,0.0042,0.0016,0.0028,0.0086,0.2374,0.0028,0.0033
clean,4-198962-B-25.wav,0.0048,0.0017,0.0035,0.0077,0.0009,0.0048,0.0033,0.5788,0.0067,0.0011
clean,4-198965-A-38.wav,0.0021,0.0007,0.0176,0.0036,0.0024,0.0061,0.0030,0.0112,0.0537,0.0035
clean,4-199261-A-0.wav,0.0029,0.1637,0.0072,0.0128,0.0109,0.0460,0.9576,0.0056,0.0820,0.0428
clean,4-200330-A-6.wav,0.0035,0.0057,0.0551,0.0051,0.0007,0.0087,0.0058,0.0012,0.0026,0.0015
clean,4-200330-B-6.wav,0.0053,0.0037,0.0895,0.0051,0.0014,0.0099,0.0023,0.0151,0.0081,0.0002
clean,4-201300-A-31.wav,0.0107,0.0019,0.0098,0.0155,0.0061,0.0082,0.0109,0.0031,0.0413,0.0058
clean,4-201800-A-31.wav,0.0084,0.0017,0.0157,0.0178,0.0055,0.0086,0.0145,0.0004,0.0409,0.0112
clean,4-201988-A-44.wav,0.0115,0.0045,0.0078,0.0118,0.0025,0.0037,0.0029,0.0053,0.0093,0.0030
clean,4-202298-A-31.wav,0.0026,0.0009,0.0072,0.0051,0.0012,0.0027,0.0020,0.0007,0.0044,0.0119
clean,4-202749-A-13.wav,0.0017,0.0014,0.0071,0.0035,0.0031,0.0184,0.0094,0.0085,0.0579,0.0016
clean,4-204115-A-39.wav,0.0085,0.0160,0.0098,0.0155,0.0350,0.0111,0.0109,0.0112,0.0310,0.2330
clean,4-204119-A-39.wav,0.0085,0.0017,0.0098,0.0155,0.0061,0.0082,0.0109,0.0286,0.0505,0.0886
clean,4-204121-A-39.wav,0.0085,0.0027,0.0098,0.0155,0.0061,0.0209,0.0109,0.0194,0.0494,0.1220
clean,4-204123-A-39.wav,0.0085,0.0024,0.0117,0.0155,0.0064,0.0090,0.0109,0.0527,0.0310,0.4363
clean,4-204202-A-29.wav,0.0197,0.0232,0.0305,0.1483,0.1964,0.0082,0.0109,0.0019,0.0310,0.0367
clean,4-204612-A-31.wav,0.0024,0.0031,0.0055,0.0064,0.0086,0.0027,0.0363,0.0031,0.2334,0.0050
clean,4-204618-A-11.wav,0.0029,0.0018,0.0299,0.0097,0.0010,0.0197,0.0037,0.0014,0.0339,0.0005
clean,4-204683-A-31.wav,0.0044,0.0061,0.0108,0.0166,0.0048,0.0068,0.0101,0.0043,0.0690,0.0072
clean,4-204684-A-37.wav,0.0002,0.0002,0.0069,0.0004,0.0002,0.0014,0.0004,0.0002,0.0134,0.0002
clean,4-204777-A-39.wav,0.0001,0.0005,0.0031,0.0010,0.0006,0.0009,0.0005,0.0001,0.0056,1.0000
clean,4-204777-B-39.wav,0.0046,0.0022,0.0080,0.0051,0.0050,0.0021,0.0008,0.0035,0.0083,1.0000
clean,4-204777-C-39.wav,0.0026,0.0004,0.0082,0.0030,0.0017,0.0073,0.0014,0.0026,0.0489,1.0000
clean,4-204830-A-6.wav,0.0005,0.0007,0.0051,0.0017,0.0004,0.0009,0.0008,0.0006,0.0034,0.0001
clean,4-205526-A-23.wav,0.1477,0.0646,0.0054,0.7090,0.1079,0.0364,0.0019,0.0035,0.0126,0.0035
clean,4-205526-B-23.wav,0.5015,0.0578,0.0090,0.8566,0.0219,0.0072,0.0012,0.0065,0.0100,0.0045
clean,4-205738-A-22.wav,0.0009,0.0009,0.0135,0.0033,0.0005,0.0542,0.0012,0.0006,0.0085,0.0018
clean,4-207116-A-23.wav,0.1466,0.0192,0.0057,0.7300,0.0186,0.0173,0.0258,0.0166,0.0240,0.0067
clean,4-207124-A-0.wav,0.0004,0.0015,0.0097,0.0028,0.0016,0.0011,0.9490,0.0005,0.0846,0.0003
clean,4-208021-A-1.wav,0.0085,0.0153,0.0098,0.0155,0.0083,0.0098,0.1087,0.0145,0.0310,0.0204
clean,4-209536-A-37.wav,0.0002,0.0001,0.0056,0.0008,0.0001,0.0012,0.0029,0.0004,0.0219,0.0003
clean,4-209698-A-37.wav,0.0085,0.0017,0.0098,0.0155,0.0061,0.0082,0.0109,0.0019,0.1032,0.0089
clean,4-210000-A-23.wav,0.7096,0.0460,0.0116,0.9575,0.0272,0.0157,0.0083,0.0016,0.0476,0.0047
clean,4-210000-B-23.wav,0.6717,0.0921,0.0096,0.9897,0.0355,0.0257,0.0151,0.0083,0.0267,0.0063
clean,4-210309-A-31.wav,0.0151,0.0050,0.0157,0.0419,0.0202,0.0345,0.0196,0.0221,0.0310,0.0105
clean,4-210593-A-29.wav,0.1200,0.0135,0.0083,0.0956,0.0080,0.0169,0.0223,0.0049,0.0174,0.0024
clean,4-211502-A-30.wav,0.0085,0.0017,0.0098,0.0155,0.0061,0.0082,0.0109,0.4887,0.0310,0.0185
clean,4-212604-A-15.wav,0.0038,0.0028,0.0034,0.0060,0.0014,0.0049,0.0049,0.0068,0.0254,0.0032
clean,4-212604-B-15.wav,0.0011,0.0014,0.0019,0.0021,0.0010,0.0012,0.0064,0.0007,0.0055,0.0054
clean,4-212604-C-15.wav,0.0064,0.0083,0.0017,0.0088,0.0019,0.0035,0.0073,0.0021,0.0159,0.0026
clean,4-212698-A-39.wav,0.0085,0.0025,0.0098,0.0155,0.0061,0.0082,0.0114,0.0054,0.0310,0.0105
clean,4-212728-A-34.wav,0.0085,0.0054,0.0098,0.0155,0.0223,0.0082,0.0109,0.0019,0.0310,0.0063
clean,4-213193-A-29.wav,0.0044,0.0083,0.0080,0.0097,0.0068,0.0125,0.0041,0.0040,0.0064,0.0120
clean,4-213915-A-3.wav,0.0005,0.0010,0.0374,0.0025,0.0010,0.0030,0.0016,0.0006,0.0487,0.0003
clean,4-213915-B-3.wav,0.0004,0.0003,0.0188,0.0016,0.0007,0.0036,0.0005,0.0003,0.0015,0.0001
clean,4-213915-C-3.wav,0.0002,0.0003,0.0315,0.0016,0.0013,0.0042,0.0008,0.0002,0.0347,0.0006
clean,4-215635-A-34.wav,0.0085,0.0017,0.0098,0.0155,0.0061,0.0082,0.0109,0.0019,0.0310,0.0145
clean,4-216211-A-14.wav,0.0031,0.0018,0.0126,0.0078,0.0031,0.0140,0.0093,0.0005,0.0193,0.0048
clean,4-216349-A-34.wav,0.0085,0.0017,0.0098,0.0157,0.0063,0.0082,0.0110,0.0020,0.0310,0.0060
clean,4-218199-A-35.wav,0.0073,0.0106,0.0274,0.0065,0.0041,0.0263,0.0114,0.0170,0.0163,0.0025
clean,4-218199-B-35.wav,0.0009,0.0025,0.0214,0.0022,0.0011,0.0146,0.0064,0.0178,0.0139,0.0029
clean,4-218199-C-35.wav,0.0064,0.0034,0.0227,0.0082,0.0014,0.0094,0.0054,0.0042,0.0605,0.0042
clean,4-218199-D-35.wav,0.0010,0.0009,0.0069,0.0018,0.0012,0.0040,0.0015,0.0013,0.0203,0.0006
clean,4-218199-E-35.wav,0.2832,0.0022,0.0444,0.1542,0.0042,0.0092,0.0026,0.0065,0.0259,0.0014
clean,4-218199-F-35.wav,0.0063,0.0035,0.0103,0.0087,0.0036,0.0104,0.0096,0.0594,0.0186,0.0052
clean,4-218199-G-35.wav,0.0130,0.0023,0.0280,0.0351,0.0047,0.0446,0.0040,0.0139,0.0172,0.0065
clean,4-218199-H-35.wav,0.0002,0.0006,0.0197,0.0005,0.0005,0.0102,0.0015,0.0029,0.0345,0.0004
clean,4-218304-A-25.wav,0.0055,0.0035,0.0033,0.0087,0.0021,0.0233,0.0036,0.0331,0.0105,0.0040
clean,4-218304-B-25.wav,0.0026,0.0021,0.0059,0.0048,0.0019,0.0268,0.0067,0.0093,0.0146,0.0022
clean,4-223125-A-14.wav,0.0068,0.0047,0.0103,0.0094,0.0027,0.0072,0.0061,0.0077,0.0526,0.0256
clean,4-223127-A-14.wav,0.0131,0.0045,0.0059,0.0240,0.0076,0.0079,0.0043,0.0043,0.0576,0.0015
clean,4-232495-A-6.wav,0.0001,0.0046,0.0184,0.0003,0.0002,0.1485,0.0245,0.0002,0.0068,0.0001
clean,4-234644-A-2.wav,0.0020,0.0005,0.0680,0.0046,0.0004,0.0342,0.0038,0.0012,0.0032,0.0022
clean,4-234879-A-6.wav,0.0267,0.0318,0.0246,0.0310,0.0075,0.0129,0.0130,0.0012,0.0136,0.0013
clean,4-244318-A-6.wav,0.0000,0.0002,0.0026,0.0002,0.0002,0.0017,0.0024,0.0002,0.0026,0.0004
clean,4-250864-A-8.wav,0.0239,0.0024,0.2238,0.0505,0.0014,0.0085,0.0044,0.0030,0.0288,0.0008
clean,4-250869-A-2.wav,0.3007,0.0101,0.1915,0.3356,0.0160,0.1264,0.0212,0.0337,0.0078,0.0036
clean,4-250869-B-2.wav,0.0133,0.0018,0.1109,0.1305,0.0078,0.0084,0.0037,0.0013,0.0034,0.0005
clean,4-250869-C-2.wav,0.1133,0.0022,0.1931,0.0697,0.0022,0.0435,0.0152,0.0080,0.0098,0.0541
clean,4-251645-A-49.wav,0.0045,0.0004,0.0192,0.0376,0.0007,0.0073,0.0024,0.0001,0.0012,0.0001
clean,4-251645-B-49.wav,0.0011,0.0001,0.0112,0.0179,0.0004,0.0195,0.0006,0.0001,0.0008,0.0001
clean,4-251959-A-47.wav,0.0250,0.0025,0.0095,0.0261,0.0016,0.0170,0.0100,0.0081,0.0811,0.0038
clean,4-253649-A-6.wav,0.0054,0.0126,0.0708,0.0114,0.0468,0.0686,0.0608,0.0165,0.0046,0.0045
clean,4-255371-A-47.wav,0.0014,0.0030,0.0067,0.0032,0.0014,0.0035,0.0067,0.0030,0.0174,0.0020
clean,4-261068-A-30.wav,0.0016,0.0011,0.0014,0.0051,0.0008,0.0083,0.0053,0.0346,0.0010,0.0023
clean,4-264453-A-34.wav,0.1773,0.0168,0.0065,0.1485,0.0138,0.0216,0.0040,0.0013,0.0140,0.0103
clean,4-59579-A-20.wav,0.0005,0.0016,0.0517,0.0053,0.0025,0.0348,0.0006,0.0026,0.0036,0.0003
clean,4-59579-B-20.wav,0.0085,0.2302,0.0179,0.0252,0.0111,0.5845,0.0109,0.0019,0.0310,0.0058
clean,4-67358-A-42.wav,0.0004,0.0002,0.0071,0.0007,0.0006,0.0038,0.0021,0.0012,0.0804,0.0006
clean,4-80761-A-42.wav,0.0003,0.0010,0.0226,0.0012,0.0003,0.0050,0.0016,0.0018,0.0328,0.0004
clean,4-90014-A-42.wav,0.0002,0.0001,0.0052,0.0003,0.0002,0.0034,0.0012,0.0019,0.2535,0.0010
clean,4-90014-B-42.wav,0.0009,0.0004,0.0175,0.0008,0.0004,0.0061,0.0020,0.0030,0.7002,0.0006
clean,4-99193-A-4.wav,0.0013,0.0005,0.0381,0.0029,0.0005,0.0085,0.0021,0.0048,0.0107,0.0004
clean,4-99193-B-4.wav,0.0009,0.0004,0.0506,0.0025,0.0009,0.0230,0.0092,0.0017,0.0107,0.0014
clean,4-99644-A-4.wav,0.0114,0.0034,0.0195,0.0175,0.0062,0.0068,0.0081,0.0019,0.0283,0.0005
clean,4-99644-B-4.wav,0.0003,0.0001,0.0027,0.0010,0.0002,0.0017,0.0039,0.0002,0.0066,0.0006
clean,4-99644-C-4.wav,0.0002,0.0001,0.0033,0.0004,0.0002,0.0025,0.0025,0.0008,0.0044,0.0009
clean,4-99644-D-4.wav,0.0269,0.0015,0.0079,0.0246,0.0035,0.0031,0.0062,0.0018,0.0300,0.0011
clean,5-103415-A-2.wav,0.0008,0.0004,0.1391,0.0010,0.0004,0.0023,0.0450,0.0007,0.0059,0.0007
clean,5-103416-A-2.wav,0.0085,0.0017,0.1307,0.0155,0.0061,0.0255,0.0109,0.0051,0.1025,0.0058
clean,5-103418-A-2.wav,0.0085,0.0210,0.0632,0.0240,0.0154,0.0082,0.5812,0.0039,0.0310,0.0086
clean,5-103420-A-2.wav,0.0085,0.0017,0.0098,0.0156,0.0061,0.0082,0.0109,0.0019,0.0310,0.0058
clean,5-103421-A-2.wav,0.0001,0.0008,0.0215,0.0002,0.0000,0.0066,0.0012,0.0001,0.0050,0.0000
clean,5-103422-A-2.wav,0.0085,0.0017,0.0098,0.0155,0.0061,0.0082,0.0109,0.0019,0.0310,0.0058
clean,5-117118-A-42.wav,0.0005,0.0006,0.0247,0.0010,0.0002,0.0022,0.0019,0.0012,0.2210,0.0001
clean,5-117120-A-42.wav,0.0001,0.0001,0.0058,0.0005,0.0002,0.0042,0.0025,0.0009,0.6647,0.0015
clean,5-117122-A-42.wav,0.0003,0.0008,0.0256,0.0021,0.0002,0.0039,0.0010,0.0012,0.0631,0.0001
clean,5-117250-A-2.wav,0.0085,0.0020,0.0098,0.0155,0.0061,0.0082,0.0109,0.0031,0.0310,0.0058
clean,5-117773-A-16.wav,0.0047,0.0063,0.0075,0.0088,0.0044,0.0281,0.0057,0.0093,0.0376,0.0024
clean,5-127990-A-2.wav,0.0095,0.0092,0.1448,0.0318,0.0129,0.0471,0.2714,0.0024,0.0117,0.0039
clean,5-133989-A-42.wav,0.0003,0.0004,0.0192,0.0011,0.0007,0.0188,0.0021,0.0047,0.4648,0.0065
clean,5-133989-B-42.wav,0.0006,0.0007,0.0260,0.0014,0.0012,0.0119,0.0035,0.0101,0.2068,0.0007
clean,5-141683-A-35.wav,0.0073,0.0042,0.0052,0.0092,0.0019,0.0105,0.0081,0.0046,0.0561,0.0040
clean,5-147297-A-27.wav,0.0074,0.0011,0.0058,0.0452,0.0018,0.0088,0.0036,0.0007,0.0168,0.0166
clean,5-150409-A-42.wav,0.0014,0.0004,0.0156,0.0030,0.0014,0.0061,0.0017,0.0083,0.6735,0.0028
clean,5-151085-A-20.wav,0.0011,0.0068,0.0325,0.0054,0.0006,0.3801,0.0003,0.0037,0.0026,0.0029
clean,5-156026-A-4.wav,0.0281,0.0029,0.0151,0.0482,0.0034,0.0100,0.0144,0.0008,0.0104,0.0008
clean,5-156026-B-4.wav,0.2082,0.0039,0.0038,0.1731,0.0065,0.0087,0.2394,0.0141,0.1191,0.0018
clean,5-156026-C-4.wav,0.0766,0.0062,0.0039,0.0639,0.0097,0.0137,0.0123,0.0064,0.2167,0.0051
clean,5-156026-D-4.wav,0.0026,0.0006,0.0044,0.0035,0.0028,0.0028,0.0142,0.0005,0.0054,0.0006
clean,5-156698-A-18.wav,0.0014,0.0003,0.0171,0.0055,0.0010,0.0065,0.0027,0.0008,0.0045,0.0032
clean,5-156999-A-19.wav,0.0009,0.0018,0.0053,0.0032,0.0022,0.0046,0.0016,0.0040,0.0032,0.0016
clean,5-156999-B-19.wav,0.0006,0.0003,0.0018,0.0054,0.0005,0.0011,0.0041,0.0034,0.0078,0.0014
clean,5-156999-C-19.wav,0.0007,0.0014,0.0075,0.0038,0.0014,0.0084,0.0069,0.0021,0.0092,0.0046
clean,5-156999-D-19.wav,0.0050,0.0006,0.0029,0.0153,0.0004,0.0032,0.0033,0.0089,0.0307,0.0022
clean,5-156999-E-19.wav,0.0060,0.0037,0.0104,0.0084,0.0026,0.0165,0.0118,0.0136,0.0139,0.0044
clean,5-157204-A-16.wav,0.0491,0.0033,0.0086,0.0498,0.0061,0.0104,0.0051,0.0111,0.0419,0.0070
clean,5-157204-B-16.wav,0.0037,0.0017,0.0172,0.0063,0.0014,0.0098,0.0030,0.0062,0.0499,0.0034
clean,5-160551-A-42.wav,0.0008,0.0009,0.0078,0.0014,0.0014,0.0115,0.0012,0.0016,0.0663,0.0004
clean,5-160614-A-48.wav,0.0012,0.0012,0.0664,0.0040,0.0006,0.0163,0.0028,0.0016,0.0096,0.0022
clean,5-160614-B-48.wav,0.0009,0.0009,0.0057,0.0030,0.0004,0.0208,0.0030,0.0010,0.0269,0.0009
clean,5-160614-C-48.wav,0.0023,0.0039,0.0114,0.0047,0.0043,0.0210,0.0121,0.0293,0.0203,0.0012
clean,5-160614-D-48.wav,0.0005,0.0015,0.0043,0.0016,0.0005,0.0097,0.0045,0.0017,0.0172,0.0011
clean,5-160614-E-48.wav,0.0010,0.0015,0.0045,0.0022,0.0004,0.0058,0.0029,0.0091,0.0024,0.0031
clean,5-160614-F-48.wav,0.0013,0.0007,0.2167,0.0023,0.0007,0.0110,0.0064,0.0041,0.0100,0.0004
clean,5-160614-G-48.wav,0.0017,0.0020,0.0061,0.0070,0.0012,0.0074,0.0060,0.0054,0.0049,0.0019
clean,5-160614-H-48.wav,0.0012,0.0014,0.0067,0.0050,0.0007,0.0085,0.0035,0.0022,0.0100,0.0005
clean,5-161270-A-33.wav,0.0677,0.0070,0.0125,0.1588,0.0075,0.0125,0.0098,0.0087,0.0092,0.0097
clean,5-161270-B-33.wav,0.1029,0.0038,0.0090,0.1388,0.0062,0.0192,0.0110,0.0070,0.0273,0.0058
clean,5-169983-A-5.wav,0.0038,0.0017,0.0889,0.0071,0.0030,0.0051,0.1631,0.0030,0.1013,0.0021
clean,5-170338-A-41.wav,0.7610,0.0017,0.0163,0.6956,0.0009,0.0078,0.0030,0.0102,0.0307,0.0015
clean,5-170338-B-41.wav,0.0029,0.0015,0.0083,0.0070,0.0003,0.0024,0.0014,0.0008,0.0050,0.0017
clean,5-171118-A-26.wav,0.0135,0.0833,0.5814,0.1144,0.0934,0.7823,0.0041,0.0512,0.0096,0.0128
clean,5-171653-A-41.wav,0.0131,0.0005,0.0023,0.0428,0.0004,0.0062,0.0004,0.0035,0.0030,0.0002
clean,5-172299-A-5.wav,0.0007,0.0023,0.0709,0.0016,0.0019,0.0024,0.0242,0.0005,0.1327,0.0050
clean,5-172639-A-5.wav,0.0047,0.0182,0.0856,0.0576,0.0174,0.0283,0.0136,0.0043,0.0178,0.4875
clean,5-173568-A-33.wav,0.0085,0.0017,0.0098,0.0155,0.0061,0.0082,0.0109,0.0039,0.1959,0.0427
clean,5-177034-A-18.wav,0.3545,0.0157,0.0180,0.7872,0.0173,0.0047,0.0021,0.0066,0.0026,0.0050
clean,5-177614-A-5.wav,0.0085,0.0017,0.0341,0.0155,0.0061,0.0082,0.0109,0.0028,0.0679,0.0058
clean,5-177779-A-33.wav,0.0093,0.0027,0.0059,0.0093,0.0090,0.0134,0.0125,0.0200,0.0203,0.0112
clean,5-177957-A-40.wav,0.0042,0.0020,0.0032,0.0170,0.0013,0.0072,0.0099,0.0015,0.0266,0.0007
clean,5-177957-B-40.wav,0.0095,0.0015,0.0025,0.0116,0.0035,0.0056,0.0163,0.0054,0.1183,0.0008
clean,5-177957-C-40.wav,0.0029,0.0007,0.0022,0.0042,0.0003,0.0014,0.0027,0.0007,0.0129,0.0005
clean,5-177957-D-40.wav,0.0016,0.0015,0.0030,0.0037,0.0007,0.0039,0.0067,0.0040,0.0455,0.0003
clean,5-177957-E-40.wav,0.0008,0.0008,0.0026,0.0012,0.0003,0.0015,0.0038,0.0011,0.0152,0.0003
clean,5-178997-A-24.wav,0.0499,0.5422,0.4638,0.0890,0.2153,0.0869,0.0063,0.0088,0.0142,0.0346
clean,5-179294-A-46.wav,0.0022,0.0022,0.0244,0.0055,0.0045,0.0054,0.0079,0.0030,0.0106,0.0040
clean,5-179496-A-16.wav,0.0017,0.0004,0.0124,0.0031,0.0012,0.0053,0.0053,0.0046,0.1748,0.0054
clean,5-179496-B-16.wav,0.0029,0.0006,0.0108,0.0034,0.0010,0.0045,0.0092,0.0025,0.0504,0.0074
clean,5-179860-A-43.wav,0.0096,0.0050,0.0098,0.0155,0.0061,0.0082,0.0120,0.0028,0.9862,0.0060
clean,5-179863-A-43.wav,0.0085,0.0027,0.0098,0.0155,0.0061,0.0082,0.0128,0.0025,0.9864,0.0087
clean,5-179865-A-43.wav,0.0085,0.0017,0.0098,0.0155,0.0061,0.0082,0.0109,0.0055,0.9804,0.0105
clean,5-179866-A-43.wav,0.0085,0.0017,0.0098,0.0155,0.0061,0.0082,0.0109,0.0055,0.9765,0.0103
clean,5-179868-A-43.wav,0.0034,0.0129,0.6574,0.0092,0.0232,0.0402,0.0115,0.0274,0.7820,0.0104
clean,5-180156-A-43.wav,0.0049,0.0028,0.0125,0.0075,0.0033,0.0218,0.0082,0.0039,0.9416,0.0015
clean,5-180156-B-43.wav,0.0010,0.0035,0.0092,0.0045,0.0032,0.0072,0.0117,0.0083,0.9591,0.0022
clean,5-180156-C-43.wav,0.0016,0.0024,0.0156,0.0023,0.0021,0.0078,0.0131,0.0014,0.9358,0.0012
clean,5-180229-A-27.wav,0.0034,0.0028,0.0218,0.0139,0.0030,0.2027,0.0035,0.0005,0.0119,0.0008
clean,5-181458-A-33.wav,0.0016,0.0016,0.0152,0.0077,0.0059,0.0155,0.0117,0.0896,0.1717,0.0742
clean,5-181766-A-10.wav,0.0025,0.0016,0.0098,0.0028,0.0012,0.0196,0.0031,0.0021,0.1173,0.0006
clean,5-181977-A-35.wav,0.0081,0.0026,0.0253,0.0187,0.0042,0.0275,0.0095,0.0116,0.0501,0.0057
clean,5-182007-A-36.wav,0.0021,0.0024,0.0081,0.0046,0.0021,0.0069,0.0042,0.0009,0.0271,0.0060
clean,5-182010-A-36.wav,0.0009,0.0007,0.0025,0.0028,0.0006,0.0030,0.0017,0.0004,0.0337,0.0009
clean,5-182012-A-36.wav,0.0005,0.0007,0.0052,0.0015,0.0005,0.0043,0.0014,0.0003,0.0214,0.0040
clean,5-182404-A-18.wav,0.0004,0.0007,0.0133,0.0009,0.0002,0.0018,0.0014,0.0028,0.0054,0.0006
clean,5-184323-A-42.wav,0.0014,0.0003,0.0092,0.0040,0.0004,0.0039,0.0046,0.0040,0.0335,0.0008
clean,5-184871-A-24.wav,0.0098,0.9998,0.0265,0.1009,0.8185,0.0109,0.0045,0.0039,0.0128,0.0580
clean,5-185516-A-27.wav,0.0012,0.0007,0.0026,0.0030,0.0007,0.0055,0.0059,0.0018,0.0271,0.0168
clean,5-185579-A-41.wav,0.0008,0.0004,0.0181,0.0027,0.0005,0.0043,0.0014,0.0014,0.0044,0.0008
clean,5-185579-B-41.wav,0.0004,0.0008,0.0036,0.0010,0.0003,0.0032,0.0005,0.0010,0.0109,0.0013
clean,5-185908-A-18.wav,0.0006,0.0006,0.0521,0.0034,0.0002,0.0110,0.0021,0.0003,0.0029,0.0019
clean,5-186924-A-12.wav,0.0005,0.0032,0.0057,0.0010,0.0005,0.0152,0.0052,0.0024,0.0063,0.0007
clean,5-187201-A-4.wav,0.0010,0.0010,0.0368,0.0054,0.0015,0.0117,0.0072,0.0009,0.0041,0.0009
clean,5-187201-B-4.wav,0.0011,0.0006,0.0094,0.0043,0.0006,0.0053,0.0022,0.0009,0.0033,0.0020
clean,5-187444-A-33.wav,0.0089,0.0005,0.0539,0.0361,0.0007,0.0076,0.0047,0.0236,0.4396,0.0066
clean,5-187979-A-21.wav,0.0085,0.9736,0.0575,0.0374,0.9784,0.0082,0.0109,0.0029,0.0310,0.0065
clean,5-188365-A-36.wav,0.0010,0.0006,0.0042,0.0018,0.0005,0.0144,0.0024,0.0002,0.0466,0.0025
clean,5-188495-A-19.wav,0.0034,0.0018,0.0021,0.0126,0.0056,0.0031,0.0095,0.0739,0.0218,0.0036
clean,5-188606-A-33.wav,0.0109,0.0025,0.0191,0.0197,0.0061,0.0086,0.0109,0.1563,0.0310,0.0064
clean,5-188655-A-10.wav,0.0052,0.0051,0.0063,0.0052,0.0023,0.0358,0.0073,0.0057,0.0534,0.0006
clean,5-188716-A-46.wav,0.0002,0.0004,0.0053,0.0014,0.0002,0.0071,0.0007,0.0004,0.0079,0.0023
clean,5-188796-A-45.wav,0.0016,0.0013,0.0208,0.0018,0.0011,0.0095,0.0127,0.0028,0.0406,0.0008
clean,5-188945-A-45.wav,0.0003,0.0004,0.0103,0.0006,0.0003,0.0063,0.0009,0.0003,0.0462,0.0024
clean,5-189212-A-12.wav,0.0012,0.0016,0.0025,0.0017,0.0004,0.0055,0.0051,0.0028,0.0116,0.0003
clean,5-189237-A-12.wav,0.0079,0.0016,0.0017,0.0065,0.0012,0.0032,0.0142,0.0028,0.0074,0.0005
clean,5-189795-A-4.wav,0.0006,0.0003,0.0069,0.0018,0.0004,0.0070,0.0009,0.0005,0.0049,0.0002
clean,5-191131-A-40.wav,0.0103,0.0038,0.0092,0.0106,0.0049,0.0077,0.0127,0.0035,0.0716,0.0010
clean,5-191497-A-33.wav,0.3542,0.0063,0.0408,0.2815,0.0053,0.0508,0.0520,0.0074,0.0148,0.0032
clean,5-192191-A-19.wav,0.0025,0.0015,0.0062,0.0065,0.0045,0.0038,0.0040,0.0309,0.0024,0.0023
clean,5-193339-A-10.wav,0.0045,0.0044,0.0085,0.0057,0.0032,0.0462,0.0054,0.0064,0.0302,0.0044
clean,5-193473-A-12.wav,0.0033,0.0021,0.0047,0.0034,0.0008,0.0073,0.0037,0.0056,0.0138,0.0006
clean,5-193473-B-12.wav,0.0013,0.0021,0.0032,0.0025,0.0007,0.0100,0.0033,0.0044,0.0288,0.0002
clean,5-194533-A-21.wav,0.0237,0.2074,0.0699,0.0946,0.9991,0.3038,0.0161,0.0167,0.0131,0.0313
clean,5-194892-A-10.wav,0.0047,0.0033,0.0112,0.0071,0.0021,0.0230,0.0023,0.0047,0.0404,0.0017
clean,5-194899-A-3.wav,0.0054,0.0023,0.0517,0.0119,0.0161,0.0059,0.0081,0.0119,0.0169,0.0225
clean,5-194899-B-3.wav,0.0035,0.0009,0.1174,0.0216,0.0020,0.0024,0.0037,0.0004,0.0038,0.0028
clean,5-194899-C-3.wav,0.0053,0.0043,0.0149,0.0155,0.0120,0.0177,0.0038,0.0027,0.0146,0.0153
clean,5-194899-D-3.wav,0.0037,0.0007,0.0175,0.0099,0.0015,0.0181,0.0059,0.0020,0.0102,0.0208
clean,5-194930-A-1.wav,0.0254,0.0152,0.0109,0.0215,0.0217,0.0269,0.6893,0.0070,0.0315,0.0225
clean,5-194930-B-1.wav,0.0403,0.0706,0.0664,0.0484,0.0409,0.0419,0.0580,0.0858,0.0250,0.0091
clean,5-194932-A-7.wav,0.0554,0.0032,0.0114,0.1038,0.0012,0.0062,0.0038,0.0024,0.0055,0.0029
clean,5-195517-A-7.wav,0.0698,0.0030,0.0107,0.0691,0.0061,0.0438,0.0100,0.0043,0.0227,0.0026
clean,5-195518-A-7.wav,0.0389,0.0056,0.0522,0.0627,0.0014,0.0123,0.0103,0.0050,0.0083,0.0245
clean,5-195557-A-19.wav,0.0041,0.0009,0.0053,0.0052,0.0013,0.0051,0.0028,0.0008,0.0023,0.0001
clean,5-195710-A-10.wav,0.0137,0.0107,0.0132,0.0129,0.0127,0.0277,0.0074,0.0136,0.0389,0.0039
clean,5-197118-A-45.wav,0.0199,0.0116,0.0086,0.0517,0.0143,0.0220,0.0051,0.0055,0.0762,0.0102
clean,5-197121-A-45.wav,0.0126,0.0023,0.0183,0.0223,0.0033,0.0215,0.0028,0.0032,0.0296,0.0029
clean,5-197121-B-45.wav,0.0018,0.0008,0.0069,0.0018,0.0004,0.0079,0.0014,0.0047,0.0710,0.0013
clean,5-197446-A-7.wav,0.0058,0.0175,0.0149,0.0077,0.0046,0.0214,0.0075,0.0136,0.0089,0.0018
clean,5-197913-A-18.wav,0.0008,0.0051,0.0037,0.0057,0.0031,0.0053,0.0055,0.0022,0.0107,0.0248
clean,5-197988-A-46.wav,0.0046,0.0005,0.0099,0.0076,0.0006,0.0027,0.0088,0.0027,0.0373,0.0038
clean,5-198278-A-7.wav,0.0007,0.0004,0.0118,0.0021,0.0007,0.0025,0.0065,0.0029,0.0113,0.0028
clean,5-198278-B-7.wav,0.0005,0.0004,0.0137,0.0029,0.0022,0.0016,0.0037,0.0045,0.0062,0.0022
clean,5-198278-C-7.wav,0.0007,0.0003,0.0236,0.0024,0.0016,0.0028,0.0040,0.0030,0.0055,0.0040
clean,5-198321-A-10.wav,0.0042,0.0042,0.0252,0.0068,0.0043,0.0415,0.0029,0.0031,0.0401,0.0018
clean,5-198373-A-46.wav,0.0011,0.0005,0.0113,0.0027,0.0005,0.0033,0.0019,0.0008,0.0175,0.0030
clean,5-198411-A-20.wav,0.0006,0.0040,0.0972,0.0036,0.0019,0.0972,0.0017,0.0034,0.0068,0.0008
clean,5-198411-B-20.wav,0.0011,0.0037,0.6237,0.0066,0.0133,0.9715,0.0147,0.0020,0.0026,0.0025
clean,5-198411-C-20.wav,0.0055,0.0333,0.1751,0.0097,0.0017,0.2854,0.0042,0.0028,0.0100,0.0020
clean,5-198411-D-20.wav,0.0003,0.0115,0.1554,0.0012,0.0003,0.4770,0.0008,0.0022,0.0097,0.0014
clean,5-198411-E-20.wav,0.0002,0.0051,0.0601,0.0020,0.0003,0.3563,0.0004,0.0022,0.0031,0.0039
clean,5-198411-F-20.wav,0.0006,0.0017,0.1887,0.0050,0.0021,0.3756,0.0004,0.0020,0.0014,0.0016
clean,5-198411-G-20.wav,0.0071,0.0300,0.1627,0.0243,0.0094,0.8675,0.0012,0.0096,0.0112,0.0130
clean,5-198600-A-45.wav,0.0009,0.0006,0.0142,0.0017,0.0008,0.0034,0.0011,0.0003,0.0583,0.0034
clean,5-198891-A-8.wav,0.4583,0.0007,0.0045,0.2649,0.0022,0.0031,0.0050,0.0019,0.0243,0.0012
clean,5-198891-B-8.wav,0.0010,0.0001,0.0104,0.0019,0.0077,0.0022,0.0016,0.0026,0.0131,0.0006
clean,5-198891-C-8.wav,0.0002,0.0004,0.0194,0.0006,0.0010,0.0330,0.0006,0.0051,0.0073,0.0007
clean,5-198891-D-8.wav,0.0007,0.0002,0.0280,0.0015,0.0003,0.0057,0.0022,0.0029,0.0463,0.0007
clean,5-199284-A-45.wav,0.0035,0.0021,0.0105,0.0080,0.0014,0.0074,0.0030,0.0277,0.0559,0.0029
clean,5-199284-B-45.wav,0.0010,0.0011,0.0151,0.0034,0.0005,0.0051,0.0023,0.0011,0.0330,0.0044
clean,5-200329-A-8.wav,0.0167,0.0024,0.0801,0.0124,0.0066,0.0192,0.0264,0.0055,0.0399,0.0028
clean,5-200329-B-8.wav,0.0101,0.0005,0.0157,0.0111,0.0016,0.0045,0.0173,0.0118,0.0063,0.0003
clean,5-200329-C-8.wav,0.0065,0.0005,0.0558,0.0064,0.0014,0.0109,0.0031,0.0170,0.0071,0.0005
clean,5-200334-A-1.wav,0.0055,0.0066,0.0038,0.0060,0.0020,0.0078,0.0131,0.0028,0.0383,0.0023
clean,5-200334-B-1.wav,0.0058,0.0043,0.0015,0.0071,0.0016,0.0029,0.0149,0.0036,0.0155,0.0046
clean,5-200339-A-1.wav,0.0010,0.0062,0.0104,0.0014,0.0017,0.0028,0.0089,0.0016,0.0060,0.0011
clean,5-200461-A-11.wav,0.0011,0.0019,0.0091,0.0086,0.0006,0.0057,0.0065,0.0069,0.0159,0.0008
clean,5-200461-B-11.wav,0.0031,0.0080,0.0581,0.0068,0.0032,0.0188,0.0046,0.0075,0.0408,0.0015
clean,5-201170-A-46.wav,0.0005,0.0005,0.0184,0.0013,0.0002,0.0042,0.0025,0.0007,0.0358,0.0008
clean,5-201172-A-46.wav,0.0444,0.0444,0.0270,0.1339,0.0242,0.0601,0.0093,0.0026,0.0286,0.0037
clean,5-201194-A-38.wav,0.0008,0.0008,0.0081,0.0014,0.0024,0.0061,0.0018,0.0072,0.0156,0.0218
clean,5-201274-A-21.wav,0.0510,0.0644,0.0230,0.0513,0.9965,0.0124,0.1007,0.0077,0.0607,0.0058
clean,5-201664-A-18.wav,0.0024,0.0004,0.0330,0.0035,0.0014,0.0042,0.0009,0.0016,0.0012,0.0006
clean,5-202020-A-18.wav,0.0002,0.0002,0.0064,0.0006,0.0001,0.0009,0.0004,0.0007,0.0010,0.0024
clean,5-202220-A-21.wav,0.0077,0.7653,0.1030,0.7501,0.9944,0.0680,0.0179,0.0022,0.0085,0.0104
clean,5-202540-A-18.wav,0.0007,0.0001,0.0210,0.0013,0.0001,0.0022,0.0031,0.0003,0.0018,0.0022
clean,5-202795-A-3.wav,0.4170,0.0013,0.0159,0.6437,0.0044,0.0008,0.0115,0.0003,0.0345,0.0018
clean,5-202898-A-10.wav,0.0020,0.0041,0.0050,0.0046,0.0013,0.0477,0.0033,0.0027,0.0211,0.0030
clean,5-203128-A-0.wav,0.0054,0.0074,0.0219,0.0083,0.0018,0.0014,0.9725,0.0009,0.0169,0.0014
clean,5-203128-B-0.wav,0.0004,0.0070,0.0137,0.0031,0.0025,0.0009,0.9644,0.0004,0.1996,0.0030
clean,5-203739-A-10.wav,0.0016,0.0047,0.0214,0.0023,0.0016,0.0322,0.0068,0.0033,0.0229,0.0023
clean,5-204114-A-29.wav,0.0002,0.0014,0.0034,0.0005,0.0008,0.0038,0.0015,0.0015,0.0117,0.0010
clean,5-204352-A-13.wav,0.0010,0.0011,0.0056,0.0011,0.0005,0.0041,0.0087,0.0042,0.0151,0.0020
clean,5-204352-B-13.wav,0.0002,0.0002,0.0081,0.0004,0.0002,0.0060,0.0034,0.0035,0.0238,0.0002
clean,5-204604-A-24.wav,0.0090,0.9999,0.0098,0.0204,0.8137,0.0115,0.0109,0.0019,0.0310,0.0246
clean,5-204741-A-46.wav,0.0012,0.0025,0.0064,0.0035,0.0007,0.0093,0.0047,0.0010,0.0026,0.0235
clean,5-205090-A-32.wav,0.0032,0.0065,0.0070,0.0114,0.0020,0.0198,0.0028,0.0135,0.2124,0.0043
clean,5-205589-A-17.wav,0.0021,0.0044,0.0099,0.0066,0.0024,0.0136,0.0012,0.0011,0.0059,0.0030
clean,5-205589-B-17.wav,0.0026,0.0018,0.0119,0.0086,0.0022,0.0161,0.0009,0.0008,0.0059,0.0024
clean,5-205898-A-40.wav,0.0128,0.0008,0.0061,0.0081,0.0012,0.0083,0.0018,0.0010,0.1235,0.0005
clean,5-207681-A-24.wav,0.0057,0.9999,0.1960,0.0752,0.0991,0.0020,0.0057,0.0066,0.0039,0.0088
clean,5-207781-A-17.wav,0.0085,0.0017,0.0098,0.0155,0.0061,0.0192,0.0109,0.0025,0.0310,0.0179
clean,5-207811-A-35.wav,0.0048,0.0021,0.0072,0.0172,0.0017,0.0051,0.0054,0.0017,0.0352,0.0037
clean,5-207811-B-35.wav,0.0043,0.0014,0.0109,0.0103,0.0017,0.0059,0.0037,0.0019,0.0187,0.0035
clean,5-207836-A-29.wav,0.0006,0.0013,0.0062,0.0017,0.0009,0.0127,0.0056,0.0039,0.0430,0.0048
clean,5-207836-B-29.wav,0.0021,0.0025,0.0041,0.0114,0.0092,0.0035,0.0020,0.0039,0.0051,0.0031
clean,5-207836-C-29.wav,0.1132,0.0039,0.0051,0.1238,0.0009,0.0038,0.0110,0.0019,0.0117,0.0011
clean,5-207836-D-29.wav,0.0041,0.0083,0.2148,0.0042,0.0015,0.0027,0.0228,0.0135,0.0043,0.0017
clean,5-208030-A-0.wav,0.0015,0.0184,0.0389,0.0133,0.0056,0.0006,0.9897,0.0003,0.0102,0.0032
clean,5-208624-A-38.wav,0.0010,0.0001,0.1221,0.0011,0.0002,0.0112,0.0006,0.0058,0.0056,0.0013
clean,5-208761-A-24.wav,0.0028,1.0000,0.0207,0.0419,0.0475,0.0118,0.0008,0.0002,0.0008,0.0330
clean,5-208810-A-11.wav,0.0012,0.0012,0.0073,0.0027,0.0008,0.0075,0.0026,0.0029,0.0081,0.0010
clean,5-208810-B-11.wav,0.0013,0.0022,0.0101,0.0032,0.0011,0.0140,0.0048,0.0028,0.0130,0.0008
clean,5-209698-A-38.wav,0.0011,0.0004,0.0260,0.0022,0.0023,0.0089,0.0023,0.0006,0.0238,0.0006
clean,5-209719-A-24.wav,0.0085,0.7233,0.0440,0.0155,0.0324,0.0082,0.0117,0.0022,0.0310,0.0082
clean,5-209833-A-38.wav,0.0045,0.0010,0.0416,0.0084,0.0035,0.0147,0.0066,0.0022,0.0412,0.0207
clean,5-209989-A-22.wav,0.0010,0.0010,0.0915,0.0032,0.0008,0.0602,0.0019,0.0080,0.0065,0.0031
clean,5-209992-A-44.wav,0.0005,0.0019,0.0543,0.0023,0.0028,0.0309,0.0067,0.0023,0.0783,0.0007
clean,5-209992-B-44.wav,0.0028,0.0028,0.0093,0.0037,0.0018,0.0178,0.0030,0.0017,0.0421,0.0016
clean,5-210540-A-13.wav,0.0002,0.0009,0.0081,0.0006,0.0008,0.0125,0.0053,0.0043,0.0100,0.0012
clean,5-210571-A-38.wav,0.0379,0.0109,0.0100,0.0396,0.0054,0.0105,0.0693,0.0037,0.0437,0.0037
clean,5-210612-A-37.wav,0.0002,0.0021,0.0014,0.0023,0.0009,0.0041,0.0009,0.0006,0.0303,0.0192
clean,5-211197-A-24.wav,0.0549,1.0000,0.0115,0.1139,0.7757,0.0103,0.0220,0.0076,0.0213,0.0210
clean,5-211408-A-37.wav,0.0004,0.0008,0.0105,0.0010,0.0010,0.0041,0.0049,0.0011,0.0175,0.0007
clean,5-212050-A-27.wav,0.0042,0.0002,0.0052,0.4051,0.0008,0.0033,0.0042,0.0001,0.0155,0.0016
clean,5-212054-A-36.wav,0.0007,0.0002,0.0092,0.0025,0.0003,0.0019,0.0006,0.0004,0.0299,0.0052
clean,5-212059-A-36.wav,0.0004,0.0004,0.0090,0.0012,0.0002,0.0037,0.0023,0.0001,0.0309,0.0042
clean,5-212181-A-38.wav,0.0057,0.0025,0.0052,0.0165,0.0054,0.0095,0.0068,0.0180,0.0429,0.0289
clean,5-212454-A-0.wav,0.0008,0.0018,0.0112,0.0197,0.0065,0.0030,0.9242,0.0002,0.0511,0.0012
clean,5-212730-A-17.wav,0.0009,0.0106,0.0055,0.0060,0.0009,0.0183,0.0013,0.0008,0.0030,0.0026
clean,5-212734-A-17.wav,0.0012,0.0031,0.0089,0.0027,0.0011,0.0084,0.0015,0.0003,0.0109,0.0102
clean,5-212736-A-17.wav,0.0012,0.0147,0.0050,0.0054,0.0011,0.0104,0.0014,0.0005,0.0077,0.0023
clean,5-213077-A-11.wav,0.0013,0.0011,0.0074,0.0043,0.0007,0.0190,0.0063,0.0045,0.0091,0.0009
clean,5-213293-A-23.wav,0.3438,0.0047,0.0064,0.9824,0.0124,0.0090,0.0010,0.0018,0.0284,0.0037
clean,5-213802-A-12.wav,0.0056,0.0034,0.0038,0.0053,0.0008,0.0115,0.0030,0.0023,0.0286,0.0010
clean,5-213836-A-9.wav,0.0159,0.0149,0.0034,0.0593,0.0144,0.0214,0.0075,0.0154,0.0400,0.0159
clean,5-213836-B-9.wav,0.0023,0.0023,0.0056,0.0027,0.0035,0.0047,0.0021,0.0018,0.1035,0.0024
clean,5-213836-C-9.wav,0.0036,0.0013,0.0074,0.0051,0.0010,0.0010,0.0012,0.0004,0.0259,0.0013
clean,5-213836-D-9.wav,0.0005,0.0004,0.0027,0.0016,0.0006,0.0005,0.0009,0.0001,0.0584,0.0027
clean,5-213855-A-0.wav,0.0002,0.0003,0.0903,0.0017,0.0027,0.0028,0.7312,0.0011,0.0532,0.0013
clean,5-214362-A-17.wav,0.0153,0.0006,0.0182,0.0129,0.0003,0.0117,0.0028,0.0005,0.0077,0.0021
clean,5-214759-A-5.wav,0.4560,0.0078,0.0120,0.4598,0.0132,0.0321,0.0241,0.0017,0.0425,0.0038
clean,5-214759-B-5.wav,0.0266,0.0151,0.2917,0.0269,0.0242,0.1348,0.0140,0.0038,0.0160,0.0033
clean,5-214869-A-9.wav,0.0001,0.0009,0.0055,0.0002,0.0003,0.0007,0.0029,0.0001,0.0150,0.0002
clean,5-215005-A-32.wav,0.0065,0.0014,0.0028,0.0102,0.0015,0.0058,0.0012,0.0023,0.0241,0.0007
clean,5-215172-A-13.wav,0.0020,0.0031,0.0043,0.0036,0.0034,0.0079,0.0181,0.0081,0.0102,0.0024
clean,5-215179-A-13.wav,0.0056,0.0049,0.0058,0.0164,0.0174,0.0086,0.0099,0.0464,0.0331,0.0054
clean,5-215445-A-47.wav,0.0004,0.0002,0.0051,0.0012,0.0002,0.0008,0.0042,0.0011,0.0064,0.0008
clean,5-215447-A-47.wav,0.0028,0.0018,0.0641,0.0052,0.0016,0.0056,0.0154,0.0028,0.0596,0.0018
clean,5-215449-A-47.wav,0.0014,0.0012,0.0121,0.0032,0.0020,0.0028,0.0058,0.0042,0.0076,0.0071
clean,5-215634-A-17.wav,0.0616,0.0037,0.0021,0.0455,0.0062,0.0160,0.0108,0.0095,0.0100,0.0144
clean,5-215658-A-12.wav,0.0018,0.0078,0.0095,0.0035,0.0046,0.0089,0.0171,0.0077,0.0236,0.0038
clean,5-215658-B-12.wav,0.0015,0.0033,0.0043,0.0033,0.0009,0.0067,0.0141,0.0027,0.0163,0.0025
clean,5-216131-A-32.wav,0.0010,0.0018,0.0023,0.0025,0.0005,0.0056,0.0020,0.0002,0.0086,0.0037
clean,5-216213-A-13.wav,0.0002,0.0003,0.0372,0.0005,0.0007,0.0135,0.0038,0.0067,0.0236,0.0011
clean,5-216214-A-13.wav,0.0019,0.0016,0.0052,0.0071,0.0042,0.0100,0.0052,0.0057,0.0130,0.0009
clean,5-216216-A-13.wav,0.0009,0.0008,0.0075,0.0019,0.0013,0.0080,0.0078,0.0097,0.0134,0.0006
clean,5-216368-A-28.wav,0.9887,0.0072,0.0101,0.9924,0.0025,0.0108,0.0069,0.0012,0.0031,0.0010
clean,5-216370-A-41.wav,0.0009,0.0003,0.0039,0.0015,0.0004,0.0126,0.0017,0.0004,0.0040,0.0002
clean,5-216370-B-41.wav,0.0012,0.0005,0.0078,0.0015,0.0004,0.0069,0.0013,0.0117,0.0152,0.0036
clean,5-217158-A-0.wav,0.0014,0.0006,0.0139,0.0021,0.0014,0.0028,0.7104,0.0019,0.3127,0.0007
clean,5-217186-A-16.wav,0.0049,0.0057,0.0120,0.0087,0.0056,0.0247,0.0251,0.0362,0.1047,0.0035
clean,5-217186-B-16.wav,0.0028,0.0008,0.0099,0.0046,0.0010,0.0042,0.0107,0.0083,0.0440,0.0070
clean,5-217186-C-16.wav,0.0026,0.0006,0.0137,0.0044,0.0010,0.0098,0.0153,0.0053,0.1063,0.0057
clean,5-218196-A-27.wav,0.0129,0.0017,0.0106,0.1567,0.0023,0.0437,0.0117,0.0003,0.0073,0.0027
clean,5-218196-B-27.wav,0.0138,0.0031,0.0173,0.0552,0.0052,0.0501,0.0148,0.0007,0.0252,0.0053
clean,5-218494-A-22.wav,0.0086,0.0019,0.0146,0.0220,0.0062,0.0304,0.0110,0.0311,0.0310,0.0070
clean,5-218980-A-30.wav,0.0085,0.0038,0.0129,0.0155,0.0067,0.0091,0.0281,0.1415,0.0310,0.0246
clean,5-218981-A-30.wav,0.0085,0.0017,0.0098,0.0155,0.0061,0.0082,0.0109,0.1547,0.0310,0.0183
clean,5-219044-A-46.wav,0.0008,0.0007,0.0069,0.0023,0.0003,0.0028,0.0021,0.0155,0.0288,0.0003
clean,5-219242-A-37.wav,0.0018,0.0003,0.0032,0.0062,0.0008,0.0014,0.0014,0.0001,0.0078,0.0060
clean,5-219242-B-37.wav,0.0020,0.0011,0.0124,0.0053,0.0025,0.0042,0.0011,0.0003,0.0222,0.0061
clean,5-219318-A-31.wav,0.0171,0.0028,0.0021,0.0282,0.0040,0.0029,0.0030,0.0005,0.0069,0.0035
clean,5-219342-A-38.wav,0.0029,0.0011,0.0084,0.0116,0.0031,0.0081,0.0059,0.0096,0.0273,0.0178
clean,5-219379-A-11.wav,0.0004,0.0005,0.0095,0.0012,0.0003,0.0116,0.0034,0.0029,0.0183,0.0007
clean,5-219379-B-11.wav,0.0007,0.0004,0.0122,0.0018,0.0008,0.0193,0.0027,0.0018,0.0093,0.0003
clean,5-219379-C-11.wav,0.0006,0.0009,0.0120,0.0018,0.0006,0.0118,0.0054,0.0022,0.0547,0.0002
clean,5-220026-A-21.wav,0.0093,0.0855,0.0276,0.1036,0.9999,0.0083,0.0110,0.0020,0.0320,0.0062
clean,5-220027-A-21.wav,0.0111,0.1589,0.1017,0.0194,0.9997,0.0140,0.0113,0.0027,0.0310,0.0073
clean,5-220939-A-27.wav,0.0087,0.0081,0.0098,0.0375,0.2132,0.0256,0.3018,0.0019,0.0310,0.0058
clean,5-220955-A-40.wav,0.0065,0.0051,0.0178,0.0100,0.0062,0.0204,0.0166,0.0233,0.0592,0.0014
clean,5-221518-A-21.wav,0.0099,0.7447,0.0770,0.0822,0.9983,0.0947,0.0009,0.0007,0.0005,0.0007
clean,5-221528-A-39.wav,0.0121,0.0030,0.0098,0.0155,0.0061,0.0082,0.0109,0.0027,0.0419,0.9246
clean,5-221529-A-39.wav,0.0125,0.0035,0.0098,0.0156,0.0062,0.0095,0.0130,0.0091,0.0310,0.3372
clean,5-221567-A-22.wav,0.0026,0.0021,0.2091,0.0044,0.0039,0.0177,0.0039,0.0110,0.0073,0.0209
clean,5-221568-A-22.wav,0.0116,0.0108,0.2382,0.0156,0.0060,0.0500,0.0076,0.0245,0.0153,0.0044
clean,5-221593-A-21.wav,0.0085,0.6119,0.0235,0.0880,0.9946,0.0082,0.0875,0.0023,0.0940,0.0060
clean,5-221878-A-34.wav,0.0352,0.0117,0.0047,0.0479,0.0103,0.0212,0.0032,0.0038,0.0152,0.0049
clean,5-221950-A-22.wav,0.0013,0.0011,0.3062,0.0062,0.0014,0.0786,0.0012,0.0072,0.0060,0.0043
clean,5-222041-A-9.wav,0.0033,0.0038,0.0137,0.0056,0.0015,0.0075,0.0044,0.0008,0.0469,0.0015
clean,5-222524-A-41.wav,0.0015,0.0013,0.0116,0.0039,0.0008,0.0028,0.0075,0.0014,0.0331,0.0009
clean,5-222894-A-32.wav,0.0036,0.0027,0.0018,0.0039,0.0003,0.0058,0.0018,0.0001,0.0126,0.0002
clean,5-223099-A-32.wav,0.0022,0.0036,0.0020,0.0098,0.0019,0.0062,0.0047,0.0042,0.0369,0.0021
clean,5-223099-B-32.wav,0.0010,0.0019,0.0091,0.0042,0.0011,0.0050,0.0026,0.0003,0.0197,0.0021
clean,5-223103-A-31.wav,0.0161,0.0053,0.0017,0.0198,0.0023,0.0042,0.0028,0.0006,0.0089,0.0050
clean,5-223176-A-37.wav,0.0006,0.0007,0.0026,0.0016,0.0004,0.0011,0.0043,0.0003,0.0201,0.0492
clean,5-223317-A-31.wav,0.0034,0.0019,0.0066,0.0099,0.0074,0.0014,0.0020,0.0012,0.0239,0.0082
clean,5-223810-A-35.wav,0.0016,0.0033,0.0437,0.0029,0.0033,0.0127,0.0180,0.0095,0.0436,0.0160
clean,5-231551-A-36.wav,0.0018,0.0018,0.0101,0.0062,0.0012,0.0059,0.0072,0.0136,0.0321,0.0060
clean,5-231762-A-0.wav,0.0085,0.0021,0.0105,0.0155,0.0061,0.0082,0.9609,0.0027,0.0310,0.0070
clean,5-232272-A-44.wav,0.0015,0.0008,0.0070,0.0041,0.0004,0.0038,0.0016,0.0012,0.0162,0.0018
clean,5-232802-A-31.wav,0.0085,0.0019,0.0098,0.0155,0.0061,0.0082,0.0109,0.0029,0.0310,0.0058
clean,5-232816-A-23.wav,0.1159,0.0055,0.0060,0.2988,0.0265,0.0253,0.0121,0.0068,0.1690,0.0045
clean,5-233019-A-31.wav,0.0272,0.0189,0.0054,0.0338,0.0105,0.0163,0.0287,0.0221,0.0236,0.0040
clean,5-233160-A-1.wav,0.0085,0.0017,0.0098,0.0155,0.0061,0.0082,0.0109,0.0046,0.0399,0.0065
clean,5-233260-A-23.wav,0.1214,0.0099,0.0024,0.8053,0.0102,0.0042,0.0419,0.0378,0.0249,0.0108
clean,5-233312-A-28.wav,0.9618,0.0034,0.0125,0.9266,0.0096,0.0174,0.0070,0.0102,0.1266,0.0029
clean,5-233605-A-39.wav,0.0085,0.0017,0.0098,0.0155,0.2751,0.0082,0.0109,0.0033,0.0310,0.1354
clean,5-233607-A-39.wav,0.0085,0.0035,0.0098,0.0155,0.0061,0.0082,0.0109,0.0036,0.0310,0.8100
clean,5-233645-A-37.wav,0.0015,0.0014,0.0062,0.0040,0.0008,0.0029,0.0015,0.0020,0.0366,0.0301
clean,5-233787-A-7.wav,0.0304,0.0010,0.0131,0.0139,0.0018,0.0107,0.0023,0.0014,0.0243,0.0033
clean,5-234145-A-28.wav,0.9389,0.0117,0.0182,0.9406,0.0079,0.0144,0.0128,0.0108,0.0104,0.0025
clean,5-234247-A-37.wav,0.0002,0.0003,0.1358,0.0002,0.0000,0.0118,0.0004,0.0000,0.0220,0.0014
clean,5-234263-A-25.wav,0.0085,0.0017,0.0098,0.0155,0.0061,0.0082,0.0109,0.1891,0.0310,0.0537
clean,5-234335-A-23.wav,0.3050,0.0110,0.0062,0.9439,0.0526,0.0047,0.0008,0.0033,0.0224,0.0016
clean,5-234855-A-25.wav,0.0185,0.0065,0.0093,0.0369,0.0066,0.0192,0.0117,0.0359,0.0178,0.0175
clean,5-234879-A-1.wav,0.0085,0.0042,0.0098,0.0155,0.0061,0.0082,0.0109,0.0034,0.0310,0.0088
clean,5-234879-B-1.wav,0.0159,0.0028,0.0098,0.0192,0.0073,0.0082,0.0109,0.0048,0.0310,0.0126
clean,5-234923-A-32.wav,0.0006,0.0011,0.0040,0.0017,0.0006,0.0092,0.0025,0.0003,0.0072,0.0016
clean,5-235507-A-44.wav,0.0012,0.0006,0.0054,0.0023,0.0007,0.0063,0.0015,0.0020,0.0343,0.0010
clean,5-235593-A-23.wav,0.1448,0.0037,0.0608,0.8787,0.0610,0.0382,0.0008,0.0163,0.0155,0.0058
clean,5-235644-A-30.wav,0.0085,0.0017,0.0098,0.0155,0.0061,0.0082,0.0109,0.0036,0.0310,0.0261
clean,5-235671-A-38.wav,0.0793,0.0207,0.0167,0.1780,0.0638,0.0607,0.0133,0.0790,0.0368,0.0331
clean,5-235874-A-28.wav,0.8431,0.0116,0.0580,0.8185,0.0326,0.0080,0.0196,0.0175,0.0120,0.0423
clean,5-235893-A-28.wav,0.9821,0.0179,0.0157,0.9809,0.0342,0.0192,0.0077,0.0161,0.0113,0.0328
clean,5-235956-A-47.wav,0.0048,0.0013,0.0095,0.0092,0.0041,0.0042,0.0076,0.0050,0.1226,0.0014
clean,5-236288-A-28.wav,0.9241,0.0104,0.0132,0.9487,0.0121,0.0233,0.0066,0.0042,0.0500,0.0022
clean,5-236299-A-34.wav,0.0085,0.0155,0.0098,0.0155,0.0061,0.0082,0.0109,0.0019,0.0310,0.0058
clean,5-237315-A-31.wav,0.0095,0.0042,0.0016,0.0131,0.0020,0.0172,0.0059,0.0030,0.0133,0.0018
clean,5-237499-A-4.wav,0.0266,0.0037,0.0205,0.0712,0.0042,0.0137,0.0026,0.0043,0.0184,0.0010
clean,5-237795-A-34.wav,0.0034,0.0019,0.0022,0.0232,0.0165,0.0068,0.0032,0.0015,0.0246,0.0070
clean,5-238021-A-35.wav,0.0097,0.0060,0.0045,0.0196,0.0021,0.0090,0.0057,0.0022,0.0949,0.0083
clean,5-238492-A-23.wav,0.1024,0.0057,0.0133,0.8726,0.0204,0.0171,0.0263,0.0186,0.0310,0.0091
clean,5-238926-A-31.wav,0.0073,0.0026,0.0034,0.0077,0.0018,0.0050,0.0081,0.0041,0.0506,0.0015
clean,5-238938-A-27.wav,0.0164,0.0056,0.0320,0.1001,0.0049,0.0777,0.0262,0.0059,0.0125,0.0082
clean,5-240671-A-44.wav,0.0003,0.0008,0.0071,0.0030,0.0007,0.0020,0.0082,0.0005,0.0156,0.0005
clean,5-241846-A-15.wav,0.0025,0.0039,0.0342,0.0179,0.0029,0.0106,0.0053,0.0011,0.0403,0.0010
clean,5-242490-A-14.wav,0.0103,0.0084,0.0064,0.0119,0.0089,0.0075,0.0253,0.0108,0.1000,0.0051
clean,5-242491-A-14.wav,0.0153,0.0034,0.0034,0.0321,0.0030,0.0116,0.0261,0.0116,0.0605,0.0060
clean,5-242492-A-3.wav,0.0049,0.0026,0.0027,0.0043,0.0042,0.0078,0.0147,0.0020,0.0397,0.0093
clean,5-242711-A-9.wav,0.0011,0.0019,0.0169,0.0045,0.0017,0.0058,0.0033,0.0029,0.0369,0.0016
clean,5-242932-A-26.wav,0.0053,0.0444,0.1342,0.0085,0.0049,0.9398,0.0038,0.0015,0.0059,0.0004
clean,5-242932-B-26.wav,0.0117,0.9152,0.1647,0.0299,0.0268,0.9111,0.0011,0.0022,0.0192,0.0033
clean,5-243025-A-25.wav,0.0022,0.0023,0.0036,0.0098,0.0008,0.0086,0.0042,0.0115,0.0121,0.0032
clean,5-243036-A-29.wav,0.0085,0.0130,0.0098,0.0155,0.0076,0.0153,0.0109,0.0045,0.0310,0.0058
clean,5-243448-A-14.wav,0.0029,0.0064,0.0042,0.0098,0.0068,0.0089,0.0069,0.0028,0.0615,0.0035
clean,5-243449-A-14.wav,0.0029,0.0006,0.0143,0.0077,0.0020,0.0094,0.0119,0.0026,0.0415,0.0161
clean,5-243450-A-14.wav,0.0023,0.0013,0.0033,0.0075,0.0012,0.0040,0.0078,0.0005,0.0334,0.0035
clean,5-243459-A-14.wav,0.0013,0.0048,0.0071,0.0039,0.0030,0.0063,0.0067,0.0029,0.0407,0.0042
clean,5-243459-B-14.wav,0.0020,0.0035,0.0158,0.0048,0.0041,0.0178,0.0064,0.0025,0.0258,0.0058
clean,5-243635-A-29.wav,0.0210,0.0036,0.0098,0.0225,0.0061,0.0082,0.0284,0.0034,0.0360,0.0159
clean,5-243773-A-44.wav,0.0014,0.0027,0.0112,0.0035,0.0017,0.0102,0.0035,0.0023,0.0198,0.0014
clean,5-243773-B-44.wav,0.0020,0.0020,0.0159,0.0036,0.0015,0.0129,0.0050,0.0015,0.0306,0.0010
clean,5-243783-A-44.wav,0.0017,0.0023,0.0080,0.0034,0.0019,0.0083,0.0017,0.0020,0.0128,0.0014
clean,5-244178-A-32.wav,0.0010,0.0028,0.0029,0.0041,0.0009,0.0079,0.0029,0.0002,0.0052,0.0015
clean,5-244310-A-25.wav,0.0085,0.0042,0.0121,0.0163,0.0063,0.0261,0.0076,0.0146,0.0362,0.0018
clean,5-244315-A-6.wav,0.0007,0.0044,0.0410,0.0023,0.0004,0.0045,0.0027,0.0003,0.0063,0.0008
clean,5-244315-B-6.wav,0.0008,0.0012,0.0719,0.0026,0.0006,0.0181,0.0186,0.0012,0.0065,0.0010
clean,5-244315-C-6.wav,0.0005,0.0052,0.0098,0.0018,0.0004,0.0106,0.0028,0.0012,0.0037,0.0013
clean,5-244327-A-34.wav,0.0003,0.0009,0.0016,0.0016,0.0020,0.0027,0.0009,0.0002,0.0024,0.0042
clean,5-244459-A-28.wav,0.9259,0.0167,0.0063,0.9496,0.0226,0.0298,0.0243,0.0262,0.1039,0.0219
clean,5-244526-A-26.wav,0.0152,0.0124,0.0821,0.0197,0.0205,0.9608,0.0051,0.0023,0.0484,0.0005
clean,5-244651-A-31.wav,0.0356,0.0020,0.0056,0.0279,0.0049,0.0103,0.0092,0.0008,0.0417,0.0021
clean,5-244933-A-34.wav,0.0049,0.0865,0.0104,0.0048,0.0128,0.0224,0.0073,0.0044,0.0201,0.0042
clean,5-245040-A-35.wav,0.0926,0.0086,0.0251,0.0827,0.0043,0.0111,0.0081,0.0249,0.0318,0.0029
clean,5-248341-A-6.wav,0.0023,0.0746,0.0077,0.0031,0.0006,0.0043,0.0068,0.0083,0.0055,0.0593
clean,5-248341-B-6.wav,0.0006,0.0022,0.0117,0.0018,0.0001,0.0055,0.0117,0.0023,0.0016,0.0021
clean,5-248341-C-6.wav,0.0001,0.0030,0.0022,0.0002,0.0001,0.0124,0.0010,0.0002,0.0012,0.0020
clean,5-249748-A-28.wav,0.7826,0.0159,0.0148,0.8399,0.0089,0.0152,0.0132,0.0058,0.0453,0.0048
clean,5-249937-A-22.wav,0.0019,0.0009,0.0192,0.0059,0.0011,0.0308,0.0018,0.0022,0.0099,0.0033
clean,5-250026-A-30.wav,0.0011,0.0004,0.0019,0.0031,0.0015,0.0009,0.0029,0.0108,0.0017,0.0019
clean,5-250026-B-30.wav,0.0018,0.0015,0.0128,0.0068,0.0005,0.0031,0.0011,0.0648,0.0058,0.0022
clean,5-250258-A-49.wav,0.0809,0.0164,0.0062,0.2761,0.0397,0.0219,0.0050,0.0037,0.0226,0.0035
clean,5-250629-A-37.wav,0.0008,0.0014,0.0124,0.0025,0.0008,0.0068,0.0022,0.0002,0.0129,0.0058
clean,5-250753-A-34.wav,0.0012,0.0005,0.1906,0.0019,0.0024,0.0123,0.0046,0.0152,0.0078,0.0300
clean,5-251426-A-30.wav,0.0016,0.0031,0.0029,0.0060,0.0042,0.0020,0.0261,0.1855,0.0043,0.0091
clean,5-251426-B-30.wav,0.0336,0.0053,0.0042,0.0312,0.0075,0.0144,0.0137,0.0192,0.0381,0.0064
clean,5-251489-A-24.wav,0.0086,0.9976,0.0098,0.0266,0.0444,0.0082,0.0109,0.0019,0.0310,0.0058
clean,5-251957-A-47.wav,0.0022,0.0024,0.0133,0.0041,0.0017,0.0139,0.0070,0.0094,0.0851,0.0046
clean,5-251962-A-47.wav,0.0043,0.0060,0.0095,0.0051,0.0026,0.0379,0.0098,0.0076,0.1474,0.0047
clean,5-251963-A-47.wav,0.0070,0.0018,0.0108,0.0071,0.0022,0.0210,0.0064,0.0037,0.1007,0.0107
clean,5-251971-A-47.wav,0.0021,0.0018,0.0161,0.0072,0.0014,0.0048,0.0038,0.0031,0.0294,0.0420
clean,5-252248-A-34.wav,0.0100,0.0094,0.0112,0.0228,0.0266,0.0182,0.0109,0.0019,0.0310,0.0064
clean,5-253085-A-3.wav,0.0013,0.0014,0.0346,0.0030,0.0083,0.0080,0.0039,0.0044,0.0364,0.0350
clean,5-253085-B-3.wav,0.0007,0.0004,0.2045,0.0033,0.0038,0.0022,0.0066,0.0008,0.0077,0.0124
clean,5-253094-A-49.wav,0.0015,0.0007,0.0100,0.0165,0.0003,0.0086,0.0004,0.0001,0.0022,0.0002
clean,5-253094-B-49.wav,0.0032,0.0144,0.0082,0.0120,0.0568,0.0106,0.0025,0.0234,0.0216,0.1050
clean,5-253094-C-49.wav,0.0018,0.0005,0.0070,0.0068,0.0003,0.0050,0.0007,0.0007,0.0040,0.0009
clean,5-253094-D-49.wav,0.0013,0.0001,0.0140,0.0134,0.0002,0.0044,0.0004,0.0002,0.0042,0.0003
clean,5-253101-A-49.wav,0.1039,0.0006,0.0048,0.3849,0.0011,0.0048,0.0002,0.0002,0.0040,0.0064
clean,5-253101-B-49.wav,0.0033,0.0002,0.0048,0.0904,0.0004,0.0039,0.0001,0.0005,0.0032,0.0021
clean,5-253101-C-49.wav,0.0060,0.0001,0.0079,0.0847,0.0003,0.0055,0.0002,0.0000,0.0041,0.0040
clean,5-253534-A-26.wav,0.0020,0.0195,0.2051,0.0093,0.0149,0.9823,0.0058,0.0012,0.0051,0.0046
clean,5-254160-A-22.wav,0.0711,0.0088,0.2608,0.0553,0.0011,0.0487,0.0082,0.0029,0.0152,0.0004
clean,5-254832-A-15.wav,0.0063,0.0013,0.0064,0.0204,0.0021,0.0034,0.0052,0.0006,0.0042,0.0048
clean,5-254832-B-15.wav,0.0067,0.0142,0.0066,0.0113,0.0048,0.0102,0.0041,0.0013,0.0112,0.0014
clean,5-256452-A-5.wav,0.0085,0.0058,0.0098,0.0155,0.0118,0.0117,0.0109,0.0052,0.0310,0.0134
clean,5-256512-A-30.wav,0.0226,0.0051,0.0033,0.0165,0.0100,0.0056,0.0115,0.0189,0.0324,0.0242
clean,5-257349-A-15.wav,0.0014,0.0020,0.0057,0.0094,0.0048,0.0048,0.0069,0.0016,0.0144,0.0049
clean,5-257642-A-39.wav,0.0028,0.0029,0.0054,0.0068,0.0015,0.0064,0.0011,0.0283,0.0126,0.9920
clean,5-257839-A-14.wav,0.0029,0.0043,0.0041,0.0071,0.0025,0.0063,0.0093,0.0020,0.0213,0.0027
clean,5-259169-A-5.wav,0.0085,0.0026,0.0105,0.0155,0.0075,0.0082,0.0109,0.0033,0.0310,0.0096
clean,5-259180-A-15.wav,0.0085,0.0032,0.0098,0.0155,0.0079,0.0082,0.0138,0.0019,0.0310,0.0260
clean,5-259514-A-26.wav,0.0666,0.1552,0.0705,0.2747,0.0613,0.8676,0.0145,0.1564,0.0185,0.0211
clean,5-259640-A-29.wav,0.0122,0.0047,0.0301,0.0399,0.0227,0.0274,0.0109,0.0029,0.0310,0.0066
clean,5-260011-A-34.wav,0.0085,0.0017,0.0098,0.0155,0.0061,0.0082,0.0109,0.0030,0.0310,0.0264
clean,5-260164-A-23.wav,0.0423,0.0155,0.0036,0.8906,0.0212,0.0037,0.0066,0.0048,0.0083,0.0046
clean,5-260432-A-39.wav,0.0088,0.0018,0.0098,0.0156,0.0061,0.0082,0.0111,0.0026,0.0310,0.9174
clean,5-260433-A-39.wav,0.0085,0.0017,0.0098,0.0155,0.0061,0.0082,0.0109,0.0019,0.0310,0.9738
clean,5-260434-A-39.wav,0.0085,0.0017,0.0098,0.0155,0.0061,0.0082,0.0109,0.0019,0.0310,0.9998
clean,5-260875-A-35.wav,0.0052,0.0037,0.0080,0.0096,0.0025,0.0086,0.0049,0.0044,0.0403,0.0014
clean,5-261325-A-9.wav,0.0005,0.0031,0.0387,0.0022,0.0015,0.0043,0.0072,0.0003,0.0044,0.0018
clean,5-261433-A-15.wav,0.0085,0.0028,0.0098,0.0155,0.0061,0.0082,0.0109,0.0054,0.0346,0.0073
clean,5-261439-A-15.wav,0.0828,0.1091,0.0096,0.1286,0.0688,0.0687,0.0162,0.0145,0.1172,0.0051
clean,5-261464-A-23.wav,0.2498,0.0204,0.0051,0.1795,0.0145,0.0110,0.0036,0.0038,0.0473,0.0016
clean,5-262641-A-15.wav,0.0424,0.0098,0.0033,0.0237,0.0043,0.0128,0.0199,0.0041,0.2484,0.0127
clean,5-262957-A-22.wav,0.0055,0.0014,0.0196,0.0117,0.0015,0.0333,0.0020,0.0010,0.0177,0.0020
clean,5-263490-A-25.wav,0.0075,0.0080,0.0121,0.0094,0.0113,0.0236,0.0093,0.0325,0.0828,0.0070
clean,5-263491-A-25.wav,0.0061,0.0104,0.0053,0.0145,0.0034,0.0109,0.0099,0.0115,0.0316,0.0039
clean,5-263501-A-25.wav,0.0031,0.0107,0.0105,0.0100,0.0112,0.0129,0.0064,0.0114,0.0260,0.0048
clean,5-263775-A-26.wav,0.0445,0.9839,0.1327,0.4373,0.6070,0.3751,0.0026,0.0074,0.0282,0.0070
clean,5-263775-B-26.wav,0.0077,0.9674,0.1546,0.3682,0.2402,0.3747,0.6620,0.0025,0.0729,0.0993
clean,5-263831-A-6.wav,0.0039,0.0073,0.0235,0.0042,0.0045,0.0157,0.0500,0.0073,0.1246,0.0009
clean,5-263831-B-6.wav,0.0000,0.0002,0.0033,0.0001,0.0000,0.0002,0.0024,0.0002,0.0019,0.0001
clean,5-263902-A-36.wav,0.0006,0.0012,0.0200,0.0014,0.0014,0.0097,0.0014,0.0003,0.0143,0.0057
clean,5-51149-A-25.wav,0.0025,0.0027,0.0040,0.0036,0.0008,0.0088,0.0015,0.8736,0.0052,0.0045
clean,5-61635-A-8.wav,0.0013,0.0001,0.0076,0.0023,0.0003,0.0017,0.0155,0.0017,0.0051,0.0002
clean,5-9032-A-0.wav,0.0085,0.0139,0.0109,0.0175,0.0360,0.0151,0.9189,0.0019,0.0310,0.0058
ac_10dB,1-100032-A-0.wav,0.0080,0.0074,0.0150,0.0184,0.0184,0.0184,0.5865,0.0051,0.0483,0.0017
ac_10dB,1-100038-A-14.wav,0.0031,0.0047,0.0126,0.0049,0.0032,0.0199,0.0416,0.0062,0.0677,0.0048
ac_10dB,1-100210-A-36.wav,0.0025,0.0023,0.0071,0.0057,0.0011,0.0144,0.0026,0.0020,0.0518,0.0015
ac_10dB,1-100210-B-36.wav,0.0032,0.0024,0.0132,0.0070,0.0015,0.0083,0.0030,0.0013,0.0321,0.0037
ac_10dB,1-101296-A-19.wav,0.0053,0.0034,0.0050,0.0055,0.0026,0.0068,0.0064,0.0093,0.0519,0.0010
ac_10dB,1-101296-B-19.wav,0.0679,0.0050,0.0051,0.0418,0.0040,0.0037,0.0454,0.0080,0.0036,0.0021
ac_10dB,1-101336-A-30.wav,0.0075,0.0062,0.0032,0.0104,0.0035,0.0135,0.0159,0.0325,0.0343,0.0024
ac_10dB,1-101404-A-34.wav,0.0077,0.0045,0.0238,0.0140,0.0048,0.0337,0.0086,0.0076,0.0528,0.0030
ac_10dB,1-103298-A-9.wav,0.0026,0.0009,0.0029,0.0014,0.0005,0.0039,0.0045,0.0018,0.0182,0.0004
ac_10dB,1-103995-A-30.wav,0.0125,0.0066,0.0343,0.0195,0.0088,0.0233,0.0095,0.0250,0.0678,0.0033
ac_10dB,1-103999-A-30.wav,0.0070,0.0039,0.0092,0.0070,0.0024,0.0261,0.0062,0.0528,0.1373,0.0013
ac_10dB,1-104089-A-22.wav,0.0012,0.0006,0.0185,0.0042,0.0004,0.0276,0.0014,0.0025,0.0111,0.0022
ac_10dB,1-104089-B-22.wav,0.0008,0.0005,0.0206,0.0026,0.0005,0.0281,0.0011,0.0017,0.0159,0.0021
ac_10dB,1-105224-A-22.wav,0.0013,0.0006,0.0187,0.0033,0.0005,0.0264,0.0015,0.0011,0.0185,0.0007
ac_10dB,1-110389-A-0.wav,0.0102,0.0083,0.0235,0.0109,0.0097,0.0239,0.3433,0.0266,0.0981,0.0033
ac_10dB,1-110537-A-22.wav,0.0020,0.0011,0.0400,0.0035,0.0011,0.0170,0.0009,0.0034,0.0220,0.0009
ac_10dB,1-115521-A-19.wav,0.0129,0.0081,0.0061,0.0227,0.0041,0.0095,0.0111,0.0072,0.0489,0.0008
ac_10dB,1-115545-A-48.wav,0.0057,0.0050,0.0076,0.0094,0.0046,0.0198,0.0069,0.0571,0.1010,0.0124
ac_10dB,1-115545-B-48.wav,0.0309,0.0261,0.0087,0.0527,0.0238,0.0251,0.0235,0.1381,0.0373,0.0164
ac_10dB,1-115545-C-48.wav,0.0050,0.0058,0.0171,0.0057,0.0023,0.0224,0.0091,0.3327,0.1028,0.0015
ac_10dB,1-115546-A-48.wav,0.0065,0.0039,0.0095,0.0069,0.0026,0.0279,0.0063,0.0069,0.0683,0.0013
ac_10dB,1-115920-A-22.wav,0.0009,0.0005,0.0103,0.0014,0.0002,0.0182,0.0006,0.0030,0.0124,0.0006
ac_10dB,1-115920-B-22.wav,0.0036,0.0021,0.1641,0.0061,0.0005,0.0472,0.0033,0.0059,0.0221,0.0024
ac_10dB,1-115921-A-22.wav,0.0016,0.0014,0.0536,0.0024,0.0008,0.0406,0.0021,0.0048,0.0255,0.0016
ac_10dB,1-116765-A-41.wav,0.0173,0.0009,0.0244,0.0135,0.0007,0.0019,0.0017,0.0009,0.0311,0.0007
ac_10dB,1-11687-A-47.wav,0.0076,0.0058,0.0041,0.0444,0.0074,0.0137,0.0053,0.0095,0.0182,0.0319
ac_10dB,1-118206-A-31.wav,0.0287,0.0069,0.0086,0.0323,0.0053,0.0242,0.0109,0.0233,0.0515,0.0077
ac_10dB,1-118559-A-17.wav,0.0080,0.0038,0.0060,0.0087,0.0026,0.0090,0.0055,0.0017,0.0348,0.0461
ac_10dB,1-119125-A-45.wav,0.0060,0.0025,0.0071,0.0091,0.0021,0.0071,0.0045,0.0050,0.0527,0.0049
ac_10dB,1-121951-A-8.wav,0.0191,0.0349,0.0840,0.0272,0.0793,0.0535,0.0283,0.0176,0.1184,0.0022
ac_10dB,1-12653-A-15.wav,0.0033,0.0130,0.0069,0.0041,0.0056,0.0037,0.0014,0.0016,0.0087,0.0035
ac_10dB,1-12654-A-15.wav,0.0110,0.0099,0.0030,0.0247,0.0093,0.0086,0.0056,0.0052,0.0219,0.0038
ac_10dB,1-12654-B-15.wav,0.0103,0.0125,0.0063,0.0150,0.0115,0.0218,0.0078,0.0096,0.0887,0.0040
ac_10dB,1-13571-A-46.wav,0.0008,0.0012,0.0126,0.0029,0.0005,0.0025,0.0014,0.0006,0.0121,0.0020
ac_10dB,1-13572-A-46.wav,0.0036,0.0011,0.0081,0.0042,0.0029,0.0186,0.0053,0.0071,0.1724,0.0045
ac_10dB,1-13613-A-37.wav,0.0008,0.0002,0.0083,0.0017,0.0001,0.0038,0.0011,0.0002,0.0265,0.0001
ac_10dB,1-137-A-32.wav,0.0015,0.0035,0.0018,0.0018,0.0003,0.0106,0.0021,0.0008,0.0807,0.0005
ac_10dB,1-137296-A-16.wav,0.0080,0.0045,0.0075,0.0094,0.0037,0.0140,0.0107,0.0140,0.0412,0.0038
ac_10dB,1-14262-A-37.wav,0.0006,0.0004,0.0167,0.0010,0.0006,0.0072,0.0010,0.0031,0.0792,0.0027
ac_10dB,1-155858-A-25.wav,0.0080,0.0030,0.0018,0.0087,0.0012,0.0072,0.0078,0.0233,0.0510,0.0009
ac_10dB,1-155858-B-25.wav,0.0039,0.0056,0.0030,0.0062,0.0027,0.0100,0.0083,0.0258,0.0193,0.0101
ac_10dB,1-155858-C-25.wav,0.0133,0.0044,0.0027,0.0227,0.0031,0.0057,0.0121,0.0156,0.0289,0.0033
ac_10dB,1-155858-D-25.wav,0.0047,0.0023,0.0042,0.0068,0.0020,0.0115,0.0049,0.0118,0.0446,0.0012
ac_10dB,1-155858-E-25.wav,0.0125,0.0062,0.0051,0.0119,0.0015,0.0051,0.0062,0.0155,0.0169,0.0041
ac_10dB,1-155858-F-25.wav,0.0119,0.0035,0.0036,0.0186,0.0029,0.0160,0.0148,0.0152,0.0884,0.0011
ac_10dB,1-15689-A-4.wav,0.0096,0.0014,0.0304,0.0161,0.0018,0.0075,0.0043,0.0032,0.0090,0.0003
ac_10dB,1-15689-B-4.wav,0.0025,0.0020,0.0048,0.0037,0.0026,0.0064,0.0025,0.0045,0.0127,0.0007
ac_10dB,1-160563-A-48.wav,0.0125,0.0107,0.0069,0.0114,0.0074,0.0308,0.0097,0.0075,0.0392,0.0035
ac_10dB,1-160563-B-48.wav,0.0051,0.0024,0.0033,0.0080,0.0013,0.0036,0.0090,0.0090,0.0474,0.0024
ac_10dB,1-16568-A-3.wav,0.0367,0.0092,0.0091,0.0678,0.0109,0.0168,0.0113,0.0144,0.0907,0.0012
ac_10dB,1-16746-A-15.wav,0.0068,0.0116,0.0068,0.0117,0.0102,0.0135,0.0075,0.0080,0.0932,0.0036
ac_10dB,1-17092-A-27.wav,0.0070,0.0006,0.0093,0.0364,0.0012,0.0189,0.0103,0.0013,0.0376,0.0021
ac_10dB,1-17092-B-27.wav,0.0109,0.0018,0.0039,0.0108,0.0024,0.0052,0.0080,0.0056,0.0681,0.0081
ac_10dB,1-17124-A-43.wav,0.0163,0.0164,0.0139,0.0247,0.0204,0.0316,0.0142,0.0561,0.7246,0.0069
ac_10dB,1-17150-A-12.wav,0.0042,0.0017,0.0032,0.0058,0.0012,0.0100,0.0135,0.0018,0.0666,0.0005
ac_10dB,1-172649-A-40.wav,0.0034,0.0020,0.0175,0.0036,0.0020,0.0298,0.0079,0.0046,0.0352,0.0022
ac_10dB,1-172649-B-40.wav,0.0038,0.0060,0.0322,0.0051,0.0022,0.0677,0.0136,0.0061,0.0392,0.0009
ac_10dB,1-172649-C-40.wav,0.0026,0.0014,0.0328,0.0030,0.0012,0.0234,0.0052,0.0027,0.0320,0.0030
ac_10dB,1-172649-D-40.wav,0.0031,0.0011,0.0021,0.0031,0.0011,0.0146,0.0042,0.0040,0.0176,0.0029
ac_10dB,1-172649-E-40.wav,0.0030,0.0010,0.0055,0.0051,0.0007,0.0067,0.0041,0.0022,0.0597,0.0016
ac_10dB,1-172649-F-40.wav,0.0010,0.0009,0.0069,0.0011,0.0004,0.0033,0.0043,0.0012,0.0721,0.0015
ac_10dB,1-17295-A-29.wav,0.0299,0.0386,0.0129,0.0396,0.0063,0.0081,0.0050,0.0173,0.0228,0.0017
ac_10dB,1-17367-A-10.wav,0.0024,0.0030,0.0145,0.0047,0.0024,0.0323,0.0067,0.0018,0.0534,0.0033
ac_10dB,1-17565-A-12.wav,0.0011,0.0014,0.0041,0.0040,0.0004,0.0032,0.0094,0.0018,0.0125,0.0019
ac_10dB,1-17585-A-7.wav,0.0086,0.0101,0.0099,0.0127,0.0071,0.0187,0.0114,0.0088,0.0504,0.0064
ac_10dB,1-17742-A-12.wav,0.0027,0.0029,0.0033,0.0045,0.0016,0.0119,0.0050,0.0057,0.0121,0.0013
ac_10dB,1-17808-A-12.wav,0.0026,0.0035,0.0027,0.0031,0.0006,0.0099,0.0056,0.0125,0.0252,0.0009
ac_10dB,1-17808-B-12.wav,0.0056,0.0025,0.0068,0.0067,0.0010,0.0126,0.0055,0.0136,0.0369,0.0047
ac_10dB,1-1791-A-26.wav,0.0305,0.0127,0.0483,0.0480,0.0192,0.8571,0.0239,0.0311,0.0422,0.0191
ac_10dB,1-17970-A-4.wav,0.0007,0.0006,0.0347,0.0018,0.0009,0.0039,0.0158,0.0005,0.0104,0.0002
ac_10dB,1-18074-A-6.wav,0.0034,0.0049,0.0093,0.0069,0.0011,0.0194,0.0050,0.0008,0.0215,0.0005
ac_10dB,1-18074-B-6.wav,0.0130,0.0125,0.0087,0.0274,0.0062,0.0865,0.0089,0.0177,0.0251,0.0029
ac_10dB,1-181071-A-40.wav,0.0007,0.0004,0.0029,0.0021,0.0001,0.0029,0.0014,0.0005,0.0012,0.0003
ac_10dB,1-181071-B-40.wav,0.0016,0.0008,0.0199,0.0025,0.0003,0.0049,0.0019,0.0025,0.0043,0.0010
ac_10dB,1-18527-A-44.wav,0.0022,0.0011,0.0096,0.0034,0.0015,0.0108,0.0047,0.0073,0.0926,0.0034
ac_10dB,1-18527-B-44.wav,0.0118,0.0029,0.0130,0.0116,0.0031,0.0087,0.0047,0.0054,0.0618,0.0010
ac_10dB,1-18631-A-23.wav,0.0949,0.0178,0.0064,0.7891,0.0140,0.0213,0.0120,0.0920,0.0111,0.0011
ac_10dB,1-18655-A-31.wav,0.0288,0.0057,0.0064,0.0289,0.0019,0.0092,0.0088,0.0096,0.0417,0.0010
ac_10dB,1-187207-A-20.wav,0.0043,0.0138,0.3500,0.0169,0.0108,0.2079,0.0069,0.0430,0.0137,0.0111
ac_10dB,1-18755-A-4.wav,0.0023,0.0003,0.0420,0.0037,0.0006,0.0071,0.0021,0.0011,0.0049,0.0003
ac_10dB,1-18755-B-4.wav,0.0013,0.0004,0.0127,0.0013,0.0006,0.0054,0.0064,0.0007,0.0080,0.0009
ac_10dB,1-18757-A-4.wav,0.0061,0.0007,0.0075,0.0097,0.0025,0.0219,0.0077,0.0009,0.0057,0.0004
ac_10dB,1-18810-A-49.wav,0.0181,0.0015,0.0240,0.0316,0.0103,0.0231,0.0037,0.2136,0.0390,0.0107
ac_10dB,1-19026-A-43.wav,0.0112,0.0165,0.0773,0.0265,0.0187,0.0545,0.0169,0.0189,0.9800,0.0037
ac_10dB,1-19111-A-24.wav,0.0123,0.1106,0.0188,0.0269,0.0174,0.0608,0.0264,0.0240,0.0576,0.0397
ac_10dB,1-19118-A-24.wav,0.0250,0.1436,0.0402,0.0494,0.0784,0.0726,0.0807,0.0089,0.0323,0.0016
ac_10dB,1-19501-A-7.wav,0.0083,0.0185,0.0041,0.0163,0.0056,0.0231,0.0190,0.0093,0.0550,0.0036
ac_10dB,1-196660-A-8.wav,0.1237,0.0031,0.2634,0.1056,0.0095,0.0090,0.0082,0.0055,0.0361,0.0039
ac_10dB,1-196660-B-8.wav,0.0052,0.0003,0.0560,0.0060,0.0009,0.0018,0.0018,0.0016,0.0147,0.0005
ac_10dB,1-19840-A-36.wav,0.0033,0.0019,0.0117,0.0116,0.0021,0.0100,0.0020,0.0037,0.0191,0.0111
ac_10dB,1-19872-A-36.wav,0.0034,0.0035,0.0087,0.0091,0.0025,0.0078,0.0059,0.0013,0.0436,0.0097
ac_10dB,1-19872-B-36.wav,0.0014,0.0015,0.0091,0.0039,0.0007,0.0045,0.0017,0.0014,0.0238,0.0104
ac_10dB,1-19898-A-41.wav,0.0451,0.0006,0.0027,0.0689,0.0006,0.0071,0.0059,0.0003,0.0083,0.0002
ac_10dB,1-19898-B-41.wav,0.0018,0.0004,0.0188,0.0029,0.0003,0.0050,0.0017,0.0009,0.0062,0.0004
ac_10dB,1-19898-C-41.wav,0.0025,0.0006,0.0118,0.0059,0.0017,0.0024,0.0041,0.0067,0.3654,0.0015
ac_10dB,1-20133-A-39.wav,0.0045,0.0018,0.0128,0.0101,0.0122,0.0067,0.0103,0.0113,0.0322,0.9244
ac_10dB,1-202111-A-3.wav,0.4324,0.0019,0.0063,0.4667,0.0022,0.0025,0.0117,0.0022,0.0581,0.0003
ac_10dB,1-20545-A-28.wav,0.7396,0.0166,0.0175,0.7558,0.0145,0.0347,0.0090,0.0122,0.0341,0.0122
ac_10dB,1-20736-A-18.wav,0.0026,0.0027,0.0062,0.0123,0.0071,0.0245,0.0423,0.0017,0.0549,0.0119
ac_10dB,1-208757-A-2.wav,0.0042,0.1669,0.1608,0.0316,0.0239,0.1853,0.0512,0.0098,0.0023,0.0075
ac_10dB,1-208757-B-2.wav,0.0845,0.0119,0.1677,0.4294,0.0231,0.0177,0.0107,0.0393,0.0304,0.0191
ac_10dB,1-208757-C-2.wav,0.0657,0.0281,0.0765,0.0593,0.0110,0.0197,0.5816,0.0122,0.0094,0.0006
ac_10dB,1-208757-D-2.wav,0.0022,0.0023,0.0579,0.0019,0.0003,0.0027,0.0026,0.0015,0.0051,0.0002
ac_10dB,1-208757-E-2.wav,0.0017,0.0011,0.0270,0.0049,0.0008,0.0034,0.0022,0.0018,0.0052,0.0006
ac_10dB,1-211527-A-20.wav,0.0073,0.0013,0.0946,0.0121,0.0032,0.0326,0.0135,0.0028,0.0611,0.0013
ac_10dB,1-211527-B-20.wav,0.0051,0.0086,0.1567,0.0106,0.0041,0.9391,0.0036,0.0069,0.0075,0.0010
ac_10dB,1-211527-C-20.wav,0.0025,0.0008,0.0607,0.0041,0.0016,0.0244,0.0018,0.0023,0.0255,0.0044
ac_10dB,1-21189-A-10.wav,0.0028,0.0013,0.0083,0.0052,0.0012,0.0289,0.0039,0.0036,0.0467,0.0013
ac_10dB,1-21421-A-46.wav,0.0001,0.0002,0.0101,0.0004,0.0001,0.0009,0.0006,0.0006,0.0546,0.0004
ac_10dB,1-21896-A-35.wav,0.0016,0.0010,0.0090,0.0024,0.0024,0.0083,0.0027,0.0012,0.2274,0.0021
ac_10dB,1-21934-A-38.wav,0.0018,0.0009,0.0042,0.0034,0.0021,0.0025,0.0067,0.0154,0.0848,0.0012
ac_10dB,1-21935-A-38.wav,0.0028,0.0009,0.0069,0.0054,0.0021,0.0050,0.0012,0.0111,0.0417,0.0016
ac_10dB,1-223162-A-25.wav,0.0142,0.0091,0.0073,0.0144,0.0045,0.0312,0.0086,0.0221,0.0474,0.0037
ac_10dB,1-22694-A-20.wav,0.0169,0.1730,0.0584,0.0214,0.0294,0.2321,0.0124,0.0112,0.0220,0.0009
ac_10dB,1-22694-B-20.wav,0.0864,0.0641,0.0811,0.2001,0.0535,0.0768,0.0355,0.0255,0.0249,0.0081
ac_10dB,1-22804-A-46.wav,0.0003,0.0001,0.0047,0.0004,0.0003,0.0029,0.0013,0.0003,0.0039,0.0005
ac_10dB,1-22882-A-44.wav,0.0013,0.0014,0.0087,0.0065,0.0020,0.0099,0.0034,0.2475,0.0379,0.0060
ac_10dB,1-23094-A-15.wav,0.0037,0.0040,0.0189,0.0096,0.0021,0.0095,0.0053,0.0018,0.0628,0.1009
ac_10dB,1-23094-B-15.wav,0.0230,0.0027,0.0153,0.0291,0.0057,0.0166,0.0355,0.0193,0.1015,0.0752
ac_10dB,1-23222-A-19.wav,0.0031,0.0026,0.0289,0.0033,0.0021,0.0067,0.0049,0.0065,0.0345,0.0012
ac_10dB,1-23222-B-19.wav,0.0041,0.0028,0.0062,0.0056,0.0020,0.0257,0.0064,0.0082,0.0535,0.0037
ac_10dB,1-23706-A-49.wav,0.0011,0.0003,0.0069,0.0050,0.0004,0.0060,0.0015,0.0014,0.0114,0.0009
ac_10dB,1-23996-A-35.wav,0.0045,0.0031,0.0145,0.0059,0.0018,0.0102,0.0024,0.0031,0.0514,0.0018
ac_10dB,1-23996-B-35.wav,0.0030,0.0021,0.0079,0.0061,0.0009,0.0067,0.0042,0.0031,0.0524,0.0015
ac_10dB,1-24074-A-43.wav,0.0010,0.0005,0.0183,0.0013,0.0014,0.0037,0.0096,0.0012,0.9325,0.0041
ac_10dB,1-24076-A-43.wav,0.0018,0.0002,0.0501,0.0033,0.0011,0.0093,0.0095,0.0011,0.9893,0.0017
ac_10dB,1-24524-A-19.wav,0.0143,0.0104,0.0026,0.0195,0.0045,0.0145,0.0097,0.0157,0.0319,0.0023
ac_10dB,1-24524-B-19.wav,0.0092,0.0036,0.0129,0.0117,0.0044,0.0183,0.0081,0.0342,0.0550,0.0042
ac_10dB,1-24524-C-19.wav,0.0051,0.0029,0.0097,0.0053,0.0015,0.0056,0.0096,0.0414,0.0527,0.0027
ac_10dB,1-24796-A-47.wav,0.0015,0.0004,0.0118,0.0032,0.0013,0.0043,0.0057,0.0049,0.0880,0.0054
ac_10dB,1-254507-A-43.wav,0.0087,0.0022,0.0071,0.0114,0.0022,0.0198,0.0053,0.0093,0.1550,0.0011
ac_10dB,1-25777-A-48.wav,0.0067,0.0043,0.0043,0.0193,0.0023,0.0082,0.0116,0.0075,0.0270,0.0010
ac_10dB,1-25781-A-48.wav,0.0354,0.0031,0.0111,0.0156,0.0016,0.0139,0.0111,0.0028,0.0583,0.0020
ac_10dB,1-260640-A-2.wav,0.0345,0.0009,0.0400,0.0277,0.0003,0.0044,0.0406,0.0024,0.0207,0.0009
ac_10dB,1-260640-B-2.wav,0.0108,0.0009,0.0079,0.0129,0.0006,0.0056,0.0005,0.0010,0.0156,0.0000
ac_10dB,1-260640-C-2.wav,0.0463,0.0022,0.0503,0.0220,0.0012,0.0198,0.0169,0.0053,0.0549,0.0025
ac_10dB,1-26143-A-21.wav,0.0158,0.6246,0.0062,0.0326,0.9348,0.0247,0.0130,0.0200,0.0339,0.0087
ac_10dB,1-26176-A-43.wav,0.0052,0.0037,0.0251,0.0103,0.0035,0.0135,0.0061,0.0051,0.8578,0.0071
ac_10dB,1-26177-A-43.wav,0.0161,0.0102,0.0091,0.0239,0.0089,0.0290,0.0132,0.0113,0.1764,0.0146
ac_10dB,1-26188-A-30.wav,0.0120,0.0067,0.0266,0.0126,0.0051,0.0125,0.0077,0.0101,0.0522,0.0027
ac_10dB,1-26222-A-10.wav,0.0018,0.0019,0.0069,0.0024,0.0011,0.0506,0.0043,0.0041,0.0932,0.0009
ac_10dB,1-26806-A-1.wav,0.0120,0.0076,0.0047,0.0214,0.0093,0.0102,0.0067,0.0084,0.0148,0.0114
ac_10dB,1-27165-A-35.wav,0.0058,0.0035,0.0058,0.0088,0.0012,0.0087,0.0036,0.0031,0.0425,0.0072
ac_10dB,1-27166-A-35.wav,0.0012,0.0023,0.0074,0.0029,0.0008,0.0096,0.0033,0.0013,0.0582,0.0017
ac_10dB,1-27403-A-28.wav,0.8873,0.0042,0.0167,0.8521,0.0029,0.0041,0.0164,0.0161,0.0669,0.0092
ac_10dB,1-27405-A-28.wav,0.9284,0.0026,0.1217,0.9365,0.0019,0.0134,0.0137,0.0218,0.0162,0.0014
ac_10dB,1-27724-A-1.wav,0.0135,0.0116,0.0042,0.0303,0.0043,0.0188,0.0150,0.0080,0.0386,0.0015
ac_10dB,1-28005-A-18.wav,0.0015,0.0006,0.0149,0.0072,0.0005,0.0100,0.0020,0.0005,0.0071,0.0014
ac_10dB,1-28135-A-11.wav,0.0039,0.0021,0.0222,0.0048,0.0011,0.0196,0.0071,0.0042,0.0441,0.0017
ac_10dB,1-28135-B-11.wav,0.0049,0.0031,0.0222,0.0053,0.0019,0.0279,0.0091,0.0119,0.0471,0.0015
ac_10dB,1-28808-A-43.wav,0.0134,0.0008,0.0450,0.0124,0.0036,0.0181,0.0240,0.0014,0.9502,0.0018
ac_10dB,1-29532-A-16.wav,0.0066,0.0011,0.0059,0.0054,0.0009,0.0065,0.0013,0.0029,0.0608,0.0028
ac_10dB,1-29561-A-10.wav,0.0027,0.0011,0.0042,0.0034,0.0009,0.0103,0.0049,0.0033,0.0211,0.0006
ac_10dB,1-29680-A-21.wav,0.0526,0.5805,0.0903,0.6112,0.2419,0.0424,0.0226,0.0229,0.0245,0.0601
ac_10dB,1-30039-A-26.wav,0.0305,0.0271,0.5530,0.1016,0.1475,0.8337,0.0071,0.0509,0.0332,0.0063
ac_10dB,1-30043-A-26.wav,0.0112,0.0119,0.1451,0.0212,0.0116,0.8962,0.0215,0.0172,0.0167,0.0036
ac_10dB,1-30214-A-18.wav,0.0270,0.0435,0.0182,0.0644,0.0278,0.0348,0.0110,0.0135,0.0730,0.0076
ac_10dB,1-30226-A-0.wav,0.0019,0.0016,0.0189,0.0028,0.0009,0.0089,0.7530,0.0034,0.0572,0.0008
ac_10dB,1-30344-A-0.wav,0.0017,0.0085,0.0089,0.0066,0.0029,0.0036,0.8540,0.0006,0.0675,0.0003
ac_10dB,1-30709-A-23.wav,0.6196,0.0085,0.0061,0.9688,0.0084,0.0043,0.0003,0.0007,0.0036,0.0020
ac_10dB,1-30709-B-23.wav,0.1076,0.0126,0.0053,0.9834,0.0168,0.0032,0.0004,0.0016,0.0148,0.0022
ac_10dB,1-30709-C-23.wav,0.1397,0.0096,0.0058,0.9856,0.0036,0.0020,0.0006,0.0007,0.0091,0.0067
ac_10dB,1-30830-A-24.wav,0.0138,0.4926,0.0172,0.0318,0.0282,0.2600,0.0095,0.0134,0.0476,0.0050
ac_10dB,1-31251-A-6.wav,0.0018,0.0026,0.0109,0.0024,0.0012,0.0045,0.0025,0.0002,0.0463,0.0004
ac_10dB,1-31251-B-6.wav,0.2242,0.0021,0.0241,0.1848,0.0015,0.7579,0.0033,0.0008,0.0256,0.0005
ac_10dB,1-31482-A-42.wav,0.0013,0.0022,0.0701,0.0112,0.0023,0.0215,0.0065,0.0038,0.1316,0.0026
ac_10dB,1-31482-B-42.wav,0.0019,0.0005,0.0077,0.0024,0.0011,0.0094,0.0010,0.0014,0.0612,0.0000
ac_10dB,1-31748-A-21.wav,0.0078,0.0521,0.0218,0.0516,0.7474,0.0209,0.0070,0.0040,0.0528,0.0023
ac_10dB,1-31836-A-4.wav,0.0031,0.0010,0.0447,0.0068,0.0009,0.0777,0.0044,0.0016,0.0060,0.0006
ac_10dB,1-31836-B-4.wav,0.0022,0.0006,0.0427,0.0022,0.0009,0.0057,0.0049,0.0015,0.0060,0.0007
ac_10dB,1-32318-A-0.wav,0.0021,0.0071,0.0144,0.0128,0.0060,0.0541,0.6157,0.0021,0.0761,0.0019
ac_10dB,1-32373-A-35.wav,0.0012,0.0024,0.0048,0.0045,0.0014,0.0090,0.0034,0.0019,0.0046,0.0021
ac_10dB,1-32373-B-35.wav,0.0015,0.0021,0.0031,0.0039,0.0009,0.0095,0.0018,0.0016,0.0050,0.0024
ac_10dB,1-32579-A-29.wav,0.0494,0.0251,0.0262,0.0698,0.0228,0.0143,0.1179,0.0756,0.0100,0.0078
ac_10dB,1-33658-A-26.wav,0.0180,0.0641,0.0961,0.1037,0.9140,0.8338,0.0108,0.0130,0.0402,0.0062
ac_10dB,1-34094-A-5.wav,0.0003,0.0006,0.0112,0.0010,0.0002,0.0043,0.0010,0.0011,0.0795,0.0012
ac_10dB,1-34094-B-5.wav,0.0018,0.0004,0.0156,0.0030,0.0004,0.0060,0.0011,0.0022,0.0171,0.0009
ac_10dB,1-34119-A-1.wav,0.0061,0.0025,0.0100,0.0092,0.0021,0.0120,0.0058,0.0043,0.0474,0.0026
ac_10dB,1-34119-B-1.wav,0.0209,0.0116,0.0074,0.0549,0.0196,0.0284,0.0085,0.0370,0.0455,0.0091
ac_10dB,1-34495-A-14.wav,0.0350,0.0083,0.0606,0.0472,0.0062,0.0106,0.0093,0.0081,0.0713,0.0064
ac_10dB,1-34497-A-14.wav,0.0292,0.0054,0.0041,0.0324,0.0032,0.0071,0.0067,0.0050,0.0594,0.0027
ac_10dB,1-34853-A-37.wav,0.0003,0.0006,0.0054,0.0006,0.0001,0.0029,0.0022,0.0001,0.0142,0.0029
ac_10dB,1-35687-A-38.wav,0.0017,0.0022,0.0071,0.0044,0.0021,0.0044,0.0051,0.0128,0.0190,0.0047
ac_10dB,1-36164-A-26.wav,0.0229,0.2427,0.0900,0.0776,0.0704,0.6296,0.0689,0.0190,0.0498,0.0053
ac_10dB,1-36164-B-26.wav,0.0059,0.0340,0.0543,0.5496,0.1452,0.9293,0.0030,0.0091,0.0400,0.0095
ac_10dB,1-36393-A-23.wav,0.2795,0.0152,0.0580,0.7656,0.0156,0.0111,0.0091,0.0230,0.0185,0.0019
ac_10dB,1-36397-A-23.wav,0.1359,0.1448,0.0055,0.2195,0.0794,0.0293,0.0237,0.0073,0.0286,0.0028
ac_10dB,1-36400-A-23.wav,0.1418,0.0373,0.0228,0.7613,0.0230,0.0186,0.0137,0.0060,0.0562,0.0047
ac_10dB,1-36402-A-23.wav,0.2276,0.0194,0.0059,0.7968,0.0173,0.0153,0.0211,0.0517,0.0419,0.0081
ac_10dB,1-36929-A-47.wav,0.0025,0.0007,0.0169,0.0080,0.0015,0.0058,0.0053,0.0007,0.1871,0.0018
ac_10dB,1-37226-A-29.wav,0.0645,0.1660,0.0197,0.2573,0.0414,0.0272,0.0175,0.0297,0.0730,0.0069
ac_10dB,1-38559-A-14.wav,0.0036,0.0014,0.0040,0.0065,0.0071,0.0115,0.0102,0.0037,0.1820,0.0075
ac_10dB,1-38560-A-14.wav,0.0541,0.0134,0.0403,0.0784,0.0073,0.0343,0.0183,0.0252,0.0482,0.0177
ac_10dB,1-39835-A-9.wav,0.0008,0.0055,0.0044,0.0022,0.0014,0.0050,0.0023,0.0014,0.0091,0.0003
ac_10dB,1-39835-B-9.wav,0.0009,0.0022,0.0039,0.0024,0.0015,0.0027,0.0044,0.0004,0.0851,0.0002
ac_10dB,1-39901-A-11.wav,0.0013,0.0037,0.0049,0.0020,0.0009,0.0077,0.0015,0.0005,0.0218,0.0015
ac_10dB,1-39901-B-11.wav,0.0005,0.0017,0.0051,0.0026,0.0007,0.0060,0.0022,0.0015,0.0143,0.0033
ac_10dB,1-39923-A-1.wav,0.0037,0.0034,0.0099,0.0070,0.0021,0.0124,0.0046,0.0031,0.0256,0.0045
ac_10dB,1-39937-A-28.wav,0.7371,0.0206,0.0315,0.6326,0.0247,0.0359,0.0216,0.0217,0.0300,0.0176
ac_10dB,1-40154-A-46.wav,0.0003,0.0002,0.0112,0.0007,0.0004,0.0073,0.0016,0.0006,0.0184,0.0003
ac_10dB,1-40621-A-28.wav,0.7357,0.0028,0.0068,0.8296,0.0013,0.0104,0.0058,0.0056,0.1837,0.0007
ac_10dB,1-40730-A-1.wav,0.0041,0.0038,0.0027,0.0128,0.0024,0.0040,0.0060,0.0051,0.0134,0.0033
ac_10dB,1-40967-A-28.wav,0.9036,0.0121,0.0065,0.9183,0.0057,0.0210,0.0087,0.0106,0.0670,0.0044
ac_10dB,1-41615-A-34.wav,0.0225,0.0195,0.0132,0.0167,0.0248,0.0338,0.0122,0.0113,0.0332,0.0054
ac_10dB,1-4211-A-12.wav,0.0031,0.0015,0.0046,0.0083,0.0012,0.0107,0.0217,0.0365,0.0590,0.0013
ac_10dB,1-42139-A-38.wav,0.0100,0.0053,0.0267,0.0158,0.0075,0.0163,0.0056,0.0075,0.0310,0.0032
ac_10dB,1-43382-A-1.wav,0.0058,0.0047,0.0090,0.0104,0.0018,0.0090,0.0090,0.0060,0.0271,0.0010
ac_10dB,1-43760-A-11.wav,0.0015,0.0050,0.0043,0.0049,0.0017,0.0153,0.0024,0.0032,0.0237,0.0007
ac_10dB,1-43764-A-34.wav,0.0114,0.0122,0.0080,0.0149,0.0112,0.0189,0.0185,0.0101,0.1038,0.0176
ac_10dB,1-43807-A-47.wav,0.0010,0.0013,0.0609,0.0075,0.0036,0.0147,0.0068,0.0007,0.0594,0.0003
ac_10dB,1-43807-B-47.wav,0.0134,0.0024,0.0037,0.0126,0.0019,0.0063,0.0086,0.0043,0.0955,0.0019
ac_10dB,1-43807-C-47.wav,0.0067,0.0033,0.0089,0.0152,0.0014,0.0023,0.0338,0.0119,0.0154,0.0020
ac_10dB,1-43807-D-47.wav,0.0040,0.0020,0.0096,0.0062,0.0026,0.0060,0.0039,0.0074,0.2808,0.0013
ac_10dB,1-44831-A-1.wav,0.0202,0.0105,0.0106,0.0390,0.0134,0.0334,0.0145,0.0253,0.0387,0.0052
ac_10dB,1-45641-A-27.wav,0.0042,0.0010,0.0161,0.0245,0.0012,0.0177,0.0117,0.0025,0.0355,0.0084
ac_10dB,1-45645-A-31.wav,0.0091,0.0060,0.0030,0.0198,0.0022,0.0143,0.0048,0.0047,0.0249,0.0032
ac_10dB,1-46040-A-14.wav,0.0060,0.0067,0.2522,0.0138,0.0105,0.0780,0.0094,0.0133,0.0232,0.0205
ac_10dB,1-46272-A-12.wav,0.0013,0.0012,0.0044,0.0019,0.0004,0.0150,0.0030,0.0015,0.0358,0.0002
ac_10dB,1-46274-A-18.wav,0.0006,0.0013,0.0063,0.0030,0.0009,0.0038,0.0013,0.0004,0.0121,0.0030
ac_10dB,1-46353-A-49.wav,0.0007,0.0009,0.0191,0.0064,0.0012,0.0096,0.0011,0.0002,0.0098,0.0002
ac_10dB,1-46744-A-36.wav,0.0037,0.0009,0.0049,0.0103,0.0005,0.0049,0.0034,0.0011,0.0237,0.0052
ac_10dB,1-46938-A-7.wav,0.0003,0.0003,0.0131,0.0008,0.0013,0.0018,0.0030,0.0016,0.0098,0.0044
ac_10dB,1-46938-B-7.wav,0.0016,0.0026,0.2513,0.0028,0.0049,0.0146,0.0069,0.0056,0.0156,0.0033
ac_10dB,1-47250-A-41.wav,0.0022,0.0009,0.0175,0.0054,0.0008,0.0016,0.0014,0.0006,0.0174,0.0008
ac_10dB,1-47250-B-41.wav,0.0057,0.0016,0.0322,0.0066,0.0011,0.0028,0.0050,0.0009,0.0244,0.0019
ac_10dB,1-47273-A-21.wav,0.1586,0.1091,0.0354,0.2857,0.9269,0.0721,0.0479,0.0313,0.0217,0.0101
ac_10dB,1-47274-A-21.wav,0.0073,0.0143,0.1097,0.0471,0.7966,0.0270,0.0166,0.0098,0.0214,0.0359
ac_10dB,1-47709-A-16.wav,0.0038,0.0011,0.0127,0.0076,0.0009,0.0082,0.0050,0.0062,0.0395,0.0040
ac_10dB,1-47714-A-16.wav,0.0070,0.0059,0.0080,0.0135,0.0035,0.0101,0.0105,0.0094,0.0312,0.0108
ac_10dB,1-47819-A-5.wav,0.0460,0.0094,0.0129,0.0488,0.0142,0.0263,0.0141,0.0196,0.0964,0.0039
ac_10dB,1-47819-B-5.wav,0.0100,0.0058,0.0239,0.0264,0.0068,0.0185,0.0176,0.0304,0.0356,0.0106
ac_10dB,1-47819-C-5.wav,0.1241,0.0046,0.1185,0.1356,0.0059,0.0199,0.0045,0.0093,0.0839,0.0032
ac_10dB,1-47923-A-28.wav,0.9120,0.0091,0.0330,0.8790,0.0114,0.0144,0.0059,0.0043,0.0155,0.0081
ac_10dB,1-48298-A-46.wav,0.0022,0.0008,0.0106,0.0041,0.0025,0.0151,0.0025,0.0067,0.0184,0.0018
ac_10dB,1-48413-A-38.wav,0.0021,0.0008,0.0059,0.0031,0.0014,0.0032,0.0020,0.0119,0.0216,0.0013
ac_10dB,1-49098-A-35.wav,0.0168,0.0024,0.0273,0.0143,0.0024,0.0101,0.0057,0.0159,0.0390,0.0014
ac_10dB,1-49409-A-8.wav,0.0036,0.0012,0.0865,0.0036,0.0043,0.0314,0.0042,0.0030,0.0177,0.0005
ac_10dB,1-49409-B-8.wav,0.0021,0.0008,0.1632,0.0031,0.0021,0.0091,0.0029,0.0036,0.0262,0.0012
ac_10dB,1-50060-A-10.wav,0.0060,0.0020,0.0076,0.0077,0.0025,0.0268,0.0022,0.0019,0.0465,0.0010
ac_10dB,1-50454-A-44.wav,0.0079,0.0036,0.0097,0.0076,0.0021,0.0104,0.0089,0.0086,0.1069,0.0021
ac_10dB,1-50455-A-44.wav,0.0058,0.0050,0.0091,0.0058,0.0031,0.0167,0.0071,0.0081,0.0794,0.0019
ac_10dB,1-50623-A-15.wav,0.0225,0.0219,0.0042,0.0226,0.0092,0.0116,0.0181,0.0082,0.0208,0.0053
ac_10dB,1-50625-A-17.wav,0.0048,0.0041,0.0114,0.0063,0.0011,0.0068,0.0011,0.0006,0.2215,0.0019
ac_10dB,1-50661-A-44.wav,0.0008,0.0009,0.0114,0.0024,0.0014,0.0063,0.0020,0.0016,0.0290,0.0010
ac_10dB,1-50688-A-17.wav,0.0051,0.0060,0.0076,0.0038,0.0015,0.0143,0.0041,0.0017,0.0247,0.0013
ac_10dB,1-51035-A-16.wav,0.0113,0.0076,0.0073,0.0118,0.0035,0.0146,0.0076,0.0058,0.1213,0.0029
ac_10dB,1-51036-A-16.wav,0.0035,0.0035,0.0100,0.0041,0.0021,0.0277,0.0054,0.0027,0.0887,0.0025
ac_10dB,1-51037-A-16.wav,0.0074,0.0065,0.0111,0.0084,0.0046,0.0267,0.0060,0.0059,0.0501,0.0013
ac_10dB,1-51147-A-25.wav,0.0006,0.0035,0.0113,0.0016,0.0010,0.0055,0.0015,0.0126,0.0210,0.0029
ac_10dB,1-51170-A-18.wav,0.0006,0.0005,0.0084,0.0017,0.0004,0.0065,0.0009,0.0016,0.0093,0.0011
ac_10dB,1-51433-A-17.wav,0.0024,0.0171,0.0270,0.0114,0.0013,0.0324,0.0017,0.0004,0.0408,0.0012
ac_10dB,1-51436-A-17.wav,0.0009,0.0019,0.0103,0.0032,0.0005,0.0019,0.0007,0.0002,0.0048,0.0005
ac_10dB,1-51805-A-33.wav,0.1683,0.0019,0.0330,0.1313,0.0021,0.0366,0.0040,0.0105,0.1274,0.0016
ac_10dB,1-51805-B-33.wav,0.0026,0.0098,0.0309,0.0088,0.0157,0.0414,0.0109,0.0023,0.0480,0.0037
ac_10dB,1-51805-C-33.wav,0.0071,0.0005,0.0299,0.0072,0.0031,0.0127,0.0213,0.0101,0.2163,0.0026
ac_10dB,1-51805-D-33.wav,0.0219,0.0010,0.0243,0.0371,0.0017,0.0101,0.0075,0.0073,0.0347,0.0008
ac_10dB,1-51805-E-33.wav,0.0045,0.0041,0.0074,0.0061,0.0024,0.0175,0.0443,0.0071,0.0186,0.0016
ac_10dB,1-51805-F-33.wav,0.2847,0.0023,0.0613,0.3875,0.0083,0.0128,0.0194,0.0178,0.0485,0.0023
ac_10dB,1-51805-G-33.wav,0.1292,0.0025,0.0164,0.0728,0.0048,0.0063,0.0068,0.0160,0.0447,0.0085
ac_10dB,1-51805-H-33.wav,0.0068,0.0023,0.2266,0.0049,0.0021,0.0074,0.0092,0.0226,0.0803,0.0007
ac_10dB,1-52266-A-24.wav,0.0160,0.9903,0.0251,0.0356,0.0623,0.0126,0.0533,0.0017,0.0437,0.0041
ac_10dB,1-52290-A-30.wav,0.0076,0.0032,0.0055,0.0214,0.0034,0.0085,0.0054,0.0060,0.0368,0.0042
ac_10dB,1-52323-A-24.wav,0.0377,0.7254,0.2558,0.1884,0.2582,0.0864,0.0054,0.0129,0.0378,0.0127
ac_10dB,1-53444-A-28.wav,0.8787,0.0065,0.0211,0.8535,0.0058,0.0077,0.0816,0.0158,0.0101,0.0041
ac_10dB,1-53467-A-47.wav,0.0059,0.0056,0.0174,0.0133,0.0053,0.0109,0.0118,0.0079,0.1071,0.0021
ac_10dB,1-53501-A-32.wav,0.0071,0.0154,0.0236,0.0102,0.0042,0.0100,0.0130,0.0023,0.0820,0.0007
ac_10dB,1-53663-A-24.wav,0.0310,0.9885,0.0178,0.2403,0.2035,0.0185,0.0662,0.0039,0.0186,0.0070
ac_10dB,1-53670-A-18.wav,0.0035,0.0013,0.0149,0.0050,0.0023,0.0096,0.0030,0.0030,0.0529,0.0046
ac_10dB,1-54065-A-45.wav,0.0026,0.0009,0.0127,0.0034,0.0012,0.0106,0.0041,0.0053,0.0965,0.0019
ac_10dB,1-54065-B-45.wav,0.0119,0.0086,0.0176,0.0192,0.0087,0.0183,0.0289,0.0311,0.0907,0.0094
ac_10dB,1-54084-A-42.wav,0.0003,0.0002,0.0074,0.0009,0.0002,0.0049,0.0016,0.0026,0.4840,0.0004
ac_10dB,1-54505-A-21.wav,0.0118,0.4029,0.0329,0.1429,0.6808,0.0420,0.1642,0.0040,0.0440,0.0218
ac_10dB,1-54747-A-46.wav,0.0068,0.0011,0.0180,0.0048,0.0039,0.0178,0.0092,0.0013,0.1852,0.0010
ac_10dB,1-54752-A-18.wav,0.0008,0.0003,0.0142,0.0027,0.0004,0.0028,0.0010,0.0010,0.0173,0.0006
ac_10dB,1-54918-A-14.wav,0.0019,0.0042,0.0041,0.0050,0.0050,0.0063,0.0148,0.0039,0.0556,0.0048
ac_10dB,1-54918-B-14.wav,0.0120,0.0046,0.0099,0.0160,0.0034,0.0222,0.0043,0.0035,0.0182,0.0061
ac_10dB,1-54958-A-10.wav,0.0054,0.0042,0.0039,0.0064,0.0084,0.0610,0.0018,0.0076,0.0422,0.0017
ac_10dB,1-56233-A-9.wav,0.0002,0.0014,0.0063,0.0007,0.0006,0.0011,0.0018,0.0004,0.0122,0.0002
ac_10dB,1-56234-A-9.wav,0.1348,0.0005,0.0038,0.1317,0.0004,0.0028,0.0044,0.0007,0.0308,0.0004
ac_10dB,1-56269-A-18.wav,0.0015,0.0007,0.0121,0.0032,0.0032,0.0037,0.0019,0.0017,0.0259,0.0019
ac_10dB,1-56270-A-29.wav,0.0187,0.1530,0.0070,0.0524,0.0582,0.0157,0.0103,0.0040,0.0570,0.0014
ac_10dB,1-56311-A-10.wav,0.0021,0.0028,0.0123,0.0031,0.0021,0.0423,0.0030,0.0025,0.0281,0.0007
ac_10dB,1-56380-A-5.wav,0.0034,0.0011,0.0596,0.0075,0.0011,0.0513,0.0012,0.0013,0.0191,0.0019
ac_10dB,1-56380-B-5.wav,0.0112,0.0051,0.0701,0.0150,0.0077,0.0695,0.0195,0.0076,0.1394,0.0038
ac_10dB,1-56907-A-46.wav,0.0005,0.0009,0.0077,0.0016,0.0007,0.0021,0.0016,0.0009,0.0104,0.0067
ac_10dB,1-57163-A-38.wav,0.0014,0.0005,0.0077,0.0025,0.0016,0.0068,0.0050,0.0021,0.0118,0.0030
ac_10dB,1-57316-A-13.wav,0.0081,0.0036,0.0031,0.0085,0.0076,0.0096,0.0079,0.0028,0.0159,0.0017
ac_10dB,1-57318-A-13.wav,0.0178,0.0035,0.0036,0.0314,0.0080,0.0118,0.0091,0.0090,0.0914,0.0040
ac_10dB,1-57795-A-8.wav,0.0013,0.0004,0.1883,0.0023,0.0009,0.0057,0.0006,0.0030,0.0045,0.0013
ac_10dB,1-58277-A-3.wav,0.0072,0.0045,0.0128,0.0093,0.0032,0.0168,0.0094,0.0065,0.2146,0.0015
ac_10dB,1-58792-A-24.wav,0.0558,0.5083,0.2069,0.3315,0.5336,0.0189,0.0045,0.0038,0.0503,0.0037
ac_10dB,1-58846-A-34.wav,0.0169,0.0084,0.0078,0.0226,0.0053,0.0149,0.0087,0.0075,0.0140,0.0102
ac_10dB,1-58923-A-27.wav,0.0035,0.0006,0.0216,0.0185,0.0013,0.0135,0.0074,0.0006,0.0314,0.0014
ac_10dB,1-58923-B-27.wav,0.0046,0.0006,0.0069,0.0548,0.0019,0.0303,0.0241,0.0017,0.0519,0.0063
ac_10dB,1-59102-A-13.wav,0.0055,0.0021,0.0117,0.0080,0.0044,0.0054,0.0320,0.0090,0.1056,0.0047
ac_10dB,1-59324-A-21.wav,0.1417,0.0368,0.0223,0.3816,0.4281,0.0137,0.0222,0.0120,0.0167,0.0007
ac_10dB,1-59513-A-0.wav,0.0024,0.0049,0.0086,0.0081,0.0047,0.0024,0.7789,0.0078,0.0530,0.0010
ac_10dB,1-5996-A-6.wav,0.0046,0.0301,0.0287,0.0112,0.0095,0.2855,0.0130,0.0049,0.0411,0.0013
ac_10dB,1-60460-A-36.wav,0.0007,0.0012,0.0108,0.0022,0.0014,0.0050,0.0021,0.0012,0.0325,0.0151
ac_10dB,1-60676-A-34.wav,0.0082,0.0045,0.0044,0.0090,0.0043,0.0124,0.0077,0.0146,0.1062,0.0005
ac_10dB,1-60997-A-20.wav,0.0037,0.0054,0.0446,0.0110,0.0098,0.3721,0.0027,0.0023,0.0359,0.0017
ac_10dB,1-60997-B-20.wav,0.0015,0.0020,0.0583,0.0039,0.0018,0.1120,0.0007,0.0039,0.0157,0.0009
ac_10dB,1-61212-A-32.wav,0.0015,0.0059,0.0082,0.0020,0.0009,0.0236,0.0041,0.0011,0.0358,0.0018
ac_10dB,1-61221-A-17.wav,0.0469,0.0118,0.0169,0.0344,0.0119,0.0156,0.0487,0.0079,0.0388,0.0037
ac_10dB,1-61252-A-11.wav,0.0011,0.0007,0.0145,0.0019,0.0010,0.0257,0.0050,0.0022,0.0225,0.0006
ac_10dB,1-61261-A-44.wav,0.0028,0.0037,0.0114,0.0071,0.0013,0.0086,0.0023,0.0010,0.0369,0.0045
ac_10dB,1-61534-A-27.wav,0.0566,0.0030,0.0097,0.2002,0.0076,0.0159,0.0423,0.0060,0.0099,0.0109
ac_10dB,1-62509-A-45.wav,0.0030,0.0017,0.0102,0.0039,0.0052,0.0070,0.0054,0.0040,0.0863,0.0081
ac_10dB,1-62565-A-44.wav,0.0115,0.0066,0.0060,0.0117,0.0022,0.0132,0.0122,0.0038,0.0640,0.0016
ac_10dB,1-62594-A-32.wav,0.0090,0.0080,0.0071,0.0200,0.0200,0.0127,0.0058,0.0274,0.0293,0.0200
ac_10dB,1-62849-A-38.wav,0.0033,0.0035,0.0035,0.0038,0.0039,0.0101,0.0085,0.0161,0.0372,0.0010
ac_10dB,1-62850-A-38.wav,0.0275,0.0201,0.0423,0.1003,0.0839,0.0583,0.0301,0.0069,0.5934,0.0079
ac_10dB,1-63679-A-24.wav,0.0339,0.9783,0.3459,0.0565,0.0549,0.2036,0.0048,0.0098,0.0555,0.0063
ac_10dB,1-63871-A-10.wav,0.0025,0.0028,0.0108,0.0049,0.0009,0.0238,0.0039,0.0124,0.0318,0.0022
ac_10dB,1-64398-A-41.wav,0.0191,0.0011,0.0310,0.0107,0.0028,0.0073,0.0092,0.0040,0.0648,0.0019
ac_10dB,1-64398-B-41.wav,0.0008,0.0005,0.0053,0.0020,0.0003,0.0057,0.0021,0.0021,0.0151,0.0015
ac_10dB,1-64473-A-45.wav,0.0024,0.0012,0.0122,0.0044,0.0017,0.0071,0.0039,0.0018,0.0517,0.0892
ac_10dB,1-65483-A-13.wav,0.0129,0.0071,0.1049,0.0266,0.0198,0.0224,0.0396,0.0259,0.0355,0.0017
ac_10dB,1-67033-A-37.wav,0.0017,0.0013,0.0027,0.0040,0.0039,0.0056,0.0020,0.0019,0.0492,0.0060
ac_10dB,1-67152-A-17.wav,0.0087,0.0044,0.0068,0.0082,0.0042,0.0058,0.0106,0.0103,0.0910,0.0036
ac_10dB,1-67230-A-29.wav,0.2600,0.0341,0.0075,0.2365,0.0309,0.0087,0.0047,0.0018,0.0558,0.0003
ac_10dB,1-67432-A-27.wav,0.0049,0.0006,0.0016,0.0424,0.0017,0.0032,0.0144,0.0003,0.0291,0.0018
ac_10dB,1-68628-A-27.wav,0.6813,0.0042,0.0095,0.5713,0.0049,0.0148,0.0237,0.0149,0.0427,0.0040
ac_10dB,1-68670-A-34.wav,0.0214,0.0088,0.0137,0.0546,0.0144,0.0121,0.0143,0.0772,0.0162,0.0075
ac_10dB,1-68734-A-34.wav,0.0022,0.0016,0.0123,0.0017,0.0033,0.0089,0.0121,0.0012,0.0254,0.0015
ac_10dB,1-69165-A-34.wav,0.0036,0.0044,0.0192,0.0057,0.0018,0.0107,0.0063,0.0447,0.0198,0.0005
ac_10dB,1-69422-A-3.wav,0.0072,0.0093,0.0434,0.0148,0.0069,0.0110,0.0886,0.0091,0.0262,0.0012
ac_10dB,1-69641-A-3.wav,0.0587,0.0089,0.0389,0.1475,0.0448,0.0361,0.0078,0.0126,0.0426,0.0146
ac_10dB,1-69760-A-16.wav,0.0075,0.0064,0.0067,0.0077,0.0066,0.0205,0.0108,0.0090,0.0135,0.0016
ac_10dB,1-70300-A-45.wav,0.0065,0.0016,0.0114,0.0094,0.0021,0.0111,0.0111,0.0067,0.1142,0.0014
ac_10dB,1-7057-A-12.wav,0.0013,0.0019,0.0041,0.0031,0.0004,0.0053,0.0039,0.0040,0.0203,0.0004
ac_10dB,1-71030-A-6.wav,0.0018,0.0055,0.0146,0.0047,0.0008,0.0271,0.0094,0.0035,0.0076,0.0013
ac_10dB,1-72195-A-37.wav,0.0011,0.0002,0.0062,0.0031,0.0002,0.0022,0.0005,0.0030,0.0273,0.0049
ac_10dB,1-72195-B-37.wav,0.0019,0.0019,0.0167,0.0056,0.0006,0.0049,0.0351,0.0011,0.0108,0.0009
ac_10dB,1-72229-A-6.wav,0.0060,0.0012,0.0116,0.0074,0.0024,0.0072,0.0024,0.0086,0.0140,0.0007
ac_10dB,1-72229-B-6.wav,0.0043,0.0008,0.0490,0.0033,0.0007,0.1242,0.0210,0.0116,0.0405,0.0026
ac_10dB,1-72695-A-26.wav,0.0153,0.0314,0.0202,0.0718,0.1787,0.8190,0.0112,0.0118,0.0681,0.0030
ac_10dB,1-73123-A-26.wav,0.0186,0.0107,0.0263,0.0234,0.0087,0.8552,0.0073,0.0025,0.3947,0.0023
ac_10dB,1-73585-A-7.wav,0.0023,0.0011,0.0183,0.0035,0.0013,0.0093,0.0033,0.0038,0.0135,0.0036
ac_10dB,1-74517-A-37.wav,0.0023,0.0012,0.1650,0.0030,0.0010,0.0041,0.0017,0.0007,0.0276,0.0013
ac_10dB,1-7456-A-13.wav,0.0106,0.0021,0.0048,0.0117,0.0041,0.0197,0.0062,0.0111,0.0477,0.0033
ac_10dB,1-75162-A-9.wav,0.0003,0.0018,0.0026,0.0004,0.0003,0.0010,0.0018,0.0008,0.0259,0.0001
ac_10dB,1-75189-A-7.wav,0.0149,0.0013,0.0648,0.0191,0.0018,0.0024,0.0106,0.0048,0.0213,0.0016
ac_10dB,1-75190-A-8.wav,0.0038,0.0014,0.0873,0.0095,0.0026,0.1821,0.0015,0.0038,0.0105,0.0003
ac_10dB,1-76831-A-42.wav,0.0002,0.0007,0.0104,0.0007,0.0007,0.0138,0.0023,0.0010,0.0529,0.0004
ac_10dB,1-76831-B-42.wav,0.0002,0.0003,0.0072,0.0002,0.0002,0.0031,0.0007,0.0003,0.3629,0.0001
ac_10dB,1-76831-C-42.wav,0.0005,0.0003,0.0091,0.0005,0.0001,0.0026,0.0003,0.0004,0.1893,0.0001
ac_10dB,1-76831-D-42.wav,0.0003,0.0005,0.0101,0.0005,0.0003,0.0097,0.0005,0.0005,0.3470,0.0002
ac_10dB,1-76831-E-42.wav,0.0001,0.0004,0.0124,0.0002,0.0004,0.0107,0.0010,0.0006,0.1620,0.0003
ac_10dB,1-77160-A-3.wav,0.0123,0.0056,0.0076,0.0187,0.0105,0.0113,0.0091,0.0075,0.0494,0.0042
ac_10dB,1-77241-A-3.wav,0.0004,0.0001,0.0089,0.0015,0.0002,0.0009,0.0006,0.0002,0.0205,0.0006
ac_10dB,1-79113-A-5.wav,0.0073,0.0028,0.0127,0.0167,0.0023,0.0168,0.0029,0.0043,0.0296,0.0097
ac_10dB,1-79146-A-29.wav,0.0131,0.0126,0.0071,0.0142,0.0067,0.0204,0.0103,0.0176,0.0439,0.0036
ac_10dB,1-79220-A-17.wav,0.0029,0.0041,0.0073,0.0056,0.0037,0.0133,0.0192,0.0048,0.0157,0.0435
ac_10dB,1-79236-A-36.wav,0.0012,0.0023,0.0108,0.0021,0.0016,0.0092,0.0030,0.0006,0.0150,0.0065
ac_10dB,1-79711-A-32.wav,0.0005,0.0014,0.0048,0.0012,0.0004,0.0066,0.0018,0.0003,0.0128,0.0016
ac_10dB,1-7973-A-7.wav,0.0091,0.0148,0.0111,0.0181,0.0030,0.0085,0.0148,0.0130,0.0188,0.0300
ac_10dB,1-7974-A-49.wav,0.0362,0.0132,0.0130,0.0467,0.0168,0.0187,0.0082,0.0042,0.0561,0.0049
ac_10dB,1-7974-B-49.wav,0.0096,0.0155,0.0106,0.0402,0.0206,0.0285,0.0240,0.0191,0.0382,0.0577
ac_10dB,1-80785-A-7.wav,0.0075,0.0047,0.0096,0.0108,0.0079,0.0192,0.0097,0.0105,0.2635,0.0038
ac_10dB,1-80840-A-13.wav,0.0070,0.0018,0.0030,0.0218,0.0014,0.0040,0.0139,0.0116,0.0175,0.0004
ac_10dB,1-80841-A-13.wav,0.0046,0.0029,0.0136,0.0133,0.0088,0.0103,0.0130,0.0042,0.0765,0.0034
ac_10dB,1-81001-A-30.wav,0.0167,0.0055,0.0068,0.0202,0.0053,0.0273,0.0063,0.1621,0.0091,0.0011
ac_10dB,1-81001-B-30.wav,0.2716,0.0054,0.0128,0.1818,0.0035,0.0071,0.0370,0.2186,0.0183,0.0016
ac_10dB,1-81269-A-3.wav,0.0129,0.0058,0.0390,0.0262,0.0217,0.0137,0.0244,0.0186,0.1311,0.0115
ac_10dB,1-81851-A-31.wav,0.0232,0.0086,0.0081,0.0278,0.0061,0.0086,0.0112,0.0032,0.0383,0.0017
ac_10dB,1-81883-A-21.wav,0.0133,0.3098,0.0561,0.0491,0.9971,0.0441,0.0105,0.0078,0.0342,0.0021
ac_10dB,1-82817-A-30.wav,0.0077,0.0057,0.0175,0.0096,0.0050,0.0244,0.0087,0.0067,0.0648,0.0040
ac_10dB,1-84393-A-32.wav,0.0092,0.0041,0.0037,0.0134,0.0014,0.0079,0.0067,0.0062,0.0142,0.0098
ac_10dB,1-84536-A-39.wav,0.0039,0.0017,0.0089,0.0044,0.0006,0.0098,0.0032,0.0021,0.0559,0.9999
ac_10dB,1-84704-A-39.wav,0.0084,0.0036,0.0074,0.0169,0.0040,0.0177,0.0075,0.0080,0.0605,0.9740
ac_10dB,1-84705-A-39.wav,0.0085,0.0106,0.0100,0.0215,0.0071,0.0197,0.0059,0.0166,0.0199,0.0078
ac_10dB,1-85123-A-31.wav,0.0031,0.0051,0.0043,0.0048,0.0036,0.0870,0.0143,0.0062,0.0499,0.0041
ac_10dB,1-85168-A-39.wav,0.0252,0.0113,0.0145,0.0253,0.0216,0.0175,0.0257,0.0106,0.0424,0.9843
ac_10dB,1-85184-A-39.wav,0.0091,0.0035,0.0158,0.0108,0.0038,0.0141,0.0390,0.0200,0.0634,0.9894
ac_10dB,1-85362-A-0.wav,0.0006,0.0007,0.0114,0.0019,0.0008,0.0046,0.7658,0.0020,0.0596,0.0001
ac_10dB,1-85909-A-29.wav,0.0161,0.0104,0.0033,0.0128,0.0078,0.0148,0.0092,0.0139,0.0186,0.0038
ac_10dB,1-87565-A-29.wav,0.1345,0.0309,0.0201,0.1376,0.0130,0.0145,0.0183,0.0085,0.0341,0.0023
ac_10dB,1-88409-A-45.wav,0.0051,0.0097,0.7229,0.0088,0.0082,0.1301,0.0145,0.0163,0.0685,0.0043
ac_10dB,1-88409-B-45.wav,0.0024,0.0008,0.0141,0.0024,0.0008,0.0068,0.0040,0.0060,0.0647,0.0004
ac_10dB,1-88574-A-8.wav,0.0046,0.0010,0.0077,0.0050,0.0032,0.0113,0.0042,0.0135,0.0149,0.0022
ac_10dB,1-88807-A-39.wav,0.0118,0.0038,0.0039,0.0162,0.0026,0.0115,0.0068,0.0048,0.2234,0.5350
ac_10dB,1-90797-A-15.wav,0.0079,0.0078,0.0159,0.0119,0.0046,0.0237,0.0107,0.0176,0.0581,0.0043
ac_10dB,1-91359-A-11.wav,0.0037,0.0021,0.0223,0.0033,0.0007,0.0226,0.0045,0.0030,0.1311,0.0008
ac_10dB,1-91359-B-11.wav,0.0028,0.0030,0.0146,0.0054,0.0030,0.0215,0.0068,0.0076,0.1069,0.0025
ac_10dB,1-94036-A-22.wav,0.0010,0.0009,0.0169,0.0031,0.0010,0.0157,0.0018,0.0038,0.0138,0.0038
ac_10dB,1-94231-A-32.wav,0.0515,0.0083,0.0105,0.0460,0.0093,0.0192,0.0055,0.0067,0.0269,0.0014
ac_10dB,1-94231-B-32.wav,0.0042,0.0038,0.0071,0.0058,0.0011,0.0145,0.0035,0.0014,0.0299,0.0074
ac_10dB,1-95563-A-31.wav,0.0055,0.0017,0.0014,0.0077,0.0005,0.0023,0.0031,0.0003,0.0136,0.0015
ac_10dB,1-96890-A-37.wav,0.0003,0.0006,0.0059,0.0013,0.0003,0.0015,0.0015,0.0005,0.0546,0.0007
ac_10dB,1-96950-A-9.wav,0.0037,0.0032,0.0073,0.0058,0.0015,0.0181,0.0069,0.0036,0.0600,0.0008
ac_10dB,1-96950-B-9.wav,0.0006,0.0016,0.0044,0.0029,0.0009,0.0010,0.0020,0.0008,0.0094,0.0001
ac_10dB,1-97392-A-0.wav,0.0081,0.0113,0.0105,0.0133,0.0200,0.0489,0.7982,0.0083,0.0514,0.0024
ac_10dB,1-977-A-39.wav,0.0127,0.0108,0.0344,0.0255,0.0149,0.0241,0.0149,0.0286,0.0139,0.7905
ac_10dB,1-97793-A-31.wav,0.0142,0.0029,0.0073,0.0154,0.0039,0.0065,0.0199,0.0087,0.2951,0.0016
ac_10dB,1-9841-A-13.wav,0.0494,0.0041,0.0047,0.0406,0.0056,0.0183,0.0088,0.0189,0.1702,0.0033
ac_10dB,1-9886-A-49.wav,0.0578,0.0205,0.0397,0.3648,0.0456,0.0648,0.0246,0.0012,0.0145,0.0062
ac_10dB,1-9887-A-49.wav,0.0104,0.0027,0.0325,0.0279,0.0068,0.0152,0.0253,0.0015,0.0226,0.0093
ac_10dB,1-9887-B-49.wav,0.0102,0.0102,0.0988,0.0410,0.0081,0.0268,0.0149,0.0160,0.0411,0.0114
ac_10dB,1-99958-A-31.wav,0.0686,0.0017,0.0174,0.0617,0.0022,0.0110,0.0077,0.0060,0.0320,0.0013
ac_10dB,2-100648-A-43.wav,0.0019,0.0015,0.0124,0.0038,0.0010,0.0154,0.0061,0.0022,0.9953,0.0021
ac_10dB,2-100786-A-1.wav,0.0035,0.0023,0.0075,0.0128,0.0017,0.0045,0.0031,0.0018,0.0150,0.0014
ac_10dB,2-101676-A-10.wav,0.0009,0.0024,0.0068,0.0017,0.0007,0.0265,0.0017,0.0035,0.0369,0.0007
ac_10dB,2-102414-A-17.wav,0.0047,0.0177,0.0112,0.0075,0.0158,0.0072,0.0073,0.0052,0.0079,0.0008
ac_10dB,2-102414-B-17.wav,0.0005,0.0006,0.0071,0.0031,0.0007,0.0038,0.0013,0.0005,0.0128,0.0050
ac_10dB,2-102414-C-17.wav,0.0091,0.0039,0.0055,0.0110,0.0010,0.0132,0.0052,0.0006,0.0591,0.0019
ac_10dB,2-102414-D-17.wav,0.0113,0.0128,0.0199,0.0148,0.0074,0.0162,0.0186,0.0073,0.0463,0.0111
ac_10dB,2-102414-E-17.wav,0.0078,0.0104,0.0105,0.0132,0.0028,0.0136,0.0049,0.0043,0.0344,0.0028
ac_10dB,2-102414-F-17.wav,0.0087,0.0033,0.0186,0.0086,0.0031,0.0074,0.0173,0.0033,0.0151,0.0093
ac_10dB,2-102414-G-17.wav,0.0067,0.0029,0.4673,0.0126,0.0042,0.0442,0.0072,0.0077,0.0753,0.0026
ac_10dB,2-102435-A-37.wav,0.0657,0.0049,0.0144,0.0458,0.0036,0.0305,0.0058,0.0059,0.0706,0.0025
ac_10dB,2-102567-A-35.wav,0.0040,0.0030,0.0073,0.0052,0.0016,0.0053,0.0087,0.0031,0.0572,0.0013
ac_10dB,2-102567-B-35.wav,0.0057,0.0015,0.0135,0.0084,0.0010,0.0080,0.0028,0.0205,0.0442,0.0077
ac_10dB,2-102567-C-35.wav,0.0087,0.0048,0.0062,0.0163,0.0042,0.0103,0.0314,0.0106,0.0471,0.0057
ac_10dB,2-102567-D-35.wav,0.0051,0.0022,0.0091,0.0059,0.0016,0.0097,0.0070,0.0029,0.0343,0.0019
ac_10dB,2-102568-A-35.wav,0.0021,0.0026,0.0106,0.0035,0.0028,0.0187,0.0042,0.0034,0.0502,0.0063
ac_10dB,2-102581-A-29.wav,0.0180,0.0176,0.0064,0.0362,0.0120,0.0235,0.1359,0.0078,0.0440,0.0048
ac_10dB,2-102581-B-29.wav,0.0121,0.0103,0.0158,0.0127,0.0056,0.0273,0.0192,0.0073,0.0575,0.0032
ac_10dB,2-102852-A-11.wav,0.0017,0.0018,0.0139,0.0043,0.0015,0.0105,0.0039,0.0031,0.0228,0.0019
ac_10dB,2-103423-A-3.wav,0.0142,0.0123,0.0083,0.0198,0.0046,0.0121,0.0352,0.0127,0.0874,0.0014
ac_10dB,2-103424-A-3.wav,0.0073,0.0038,0.0082,0.0087,0.0028,0.0222,0.0083,0.0098,0.0678,0.0017
ac_10dB,2-103426-A-3.wav,0.0058,0.0092,0.0159,0.0187,0.0045,0.0094,0.0055,0.0044,0.0130,0.0035
ac_10dB,2-103427-A-3.wav,0.0064,0.0085,0.0258,0.0107,0.0042,0.0194,0.0150,0.0065,0.0439,0.0052
ac_10dB,2-103428-A-3.wav,0.0143,0.0161,0.2213,0.0351,0.0238,0.0584,0.0147,0.0194,0.0373,0.0047
ac_10dB,2-104105-A-19.wav,0.0026,0.0012,0.0049,0.0035,0.0033,0.0061,0.0135,0.0079,0.0590,0.0005
ac_10dB,2-104105-B-19.wav,0.0023,0.0020,0.0048,0.0051,0.0009,0.0023,0.0031,0.0022,0.0027,0.0003
ac_10dB,2-104168-A-32.wav,0.0013,0.0018,0.0034,0.0037,0.0010,0.0064,0.0026,0.0011,0.0184,0.0007
ac_10dB,2-104475-A-37.wav,0.0006,0.0015,0.0096,0.0020,0.0006,0.0064,0.0019,0.0001,0.0089,0.0022
ac_10dB,2-104476-A-37.wav,0.0006,0.0010,0.0034,0.0039,0.0008,0.0034,0.0093,0.0003,0.0054,0.0008
ac_10dB,2-104877-A-3.wav,0.0065,0.0203,0.4800,0.0135,0.0277,0.0539,0.0928,0.0257,0.0564,0.0035
ac_10dB,2-104952-A-16.wav,0.0062,0.0031,0.0075,0.0095,0.0035,0.0154,0.0079,0.0070,0.0399,0.0012
ac_10dB,2-104952-B-16.wav,0.0048,0.0047,0.0089,0.0071,0.0052,0.0221,0.0079,0.0089,0.0294,0.0023
ac_10dB,2-105270-A-47.wav,0.0036,0.0024,0.0079,0.0083,0.0021,0.0115,0.0071,0.0043,0.0830,0.0020
ac_10dB,2-106014-A-44.wav,0.0052,0.0042,0.0153,0.0095,0.0036,0.0159,0.0047,0.0090,0.1002,0.0029
ac_10dB,2-106015-A-44.wav,0.0003,0.0008,0.0115,0.0009,0.0008,0.0018,0.0037,0.0023,0.0491,0.0005
ac_10dB,2-106015-B-44.wav,0.0004,0.0054,0.0127,0.0016,0.0022,0.0088,0.0050,0.0019,0.0514,0.0010
ac_10dB,2-106019-A-13.wav,0.0023,0.0009,0.0037,0.0034,0.0007,0.0074,0.0061,0.0101,0.0097,0.0003
ac_10dB,2-106072-A-36.wav,0.0008,0.0010,0.0125,0.0017,0.0009,0.0061,0.0019,0.0006,0.0400,0.0082
ac_10dB,2-106073-A-36.wav,0.0037,0.0019,0.0086,0.0059,0.0015,0.0095,0.0039,0.0016,0.0248,0.0086
ac_10dB,2-106486-A-44.wav,0.0026,0.0011,0.0103,0.0062,0.0011,0.0099,0.0036,0.0040,0.0373,0.0019
ac_10dB,2-106487-A-44.wav,0.0024,0.0015,0.0115,0.0045,0.0010,0.0108,0.0042,0.0051,0.1058,0.0021
ac_10dB,2-106849-A-47.wav,0.0081,0.0009,0.0320,0.0107,0.0009,0.0021,0.0189,0.0049,0.0041,0.0060
ac_10dB,2-106881-A-39.wav,0.0075,0.0032,0.0122,0.0148,0.0019,0.0167,0.0048,0.0045,0.0530,0.0065
ac_10dB,2-107228-A-44.wav,0.0012,0.0030,0.0068,0.0029,0.0001,0.0026,0.0037,0.0005,0.0020,0.0034
ac_10dB,2-107228-B-44.wav,0.0020,0.0016,0.0032,0.0054,0.0006,0.0065,0.0042,0.0014,0.0066,0.0080
ac_10dB,2-107351-A-20.wav,0.0333,0.0366,0.2119,0.0714,0.0277,0.7420,0.0084,0.0031,0.0120,0.0038
ac_10dB,2-107351-B-20.wav,0.0019,0.0009,0.0627,0.0047,0.0015,0.0335,0.0006,0.0111,0.0093,0.0022
ac_10dB,2-108017-A-24.wav,0.0591,0.1411,0.0442,0.0452,0.0190,0.0285,0.0105,0.0193,0.0427,0.0071
ac_10dB,2-108760-A-14.wav,0.0055,0.0048,0.0062,0.0121,0.0034,0.0150,0.0202,0.0053,0.0737,0.0036
ac_10dB,2-108760-B-14.wav,0.0150,0.0132,0.0216,0.0189,0.0090,0.0297,0.0741,0.0061,0.0759,0.0056
ac_10dB,2-108761-A-14.wav,0.0097,0.0134,0.0064,0.0173,0.0116,0.0092,0.0441,0.0062,0.0798,0.0091
ac_10dB,2-108763-A-9.wav,0.0058,0.0033,0.0186,0.0215,0.0025,0.0028,0.0026,0.0004,0.0591,0.0004
ac_10dB,2-108766-A-9.wav,0.0006,0.0015,0.0113,0.0013,0.0011,0.0018,0.0012,0.0003,0.0267,0.0009
ac_10dB,2-108767-A-9.wav,0.0058,0.0101,0.0064,0.0077,0.0067,0.0142,0.0090,0.0041,0.0268,0.0010
ac_10dB,2-108767-B-9.wav,0.0112,0.0137,0.0213,0.0225,0.0180,0.0265,0.0604,0.0200,0.0401,0.0077
ac_10dB,2-108767-C-9.wav,0.0012,0.0010,0.0027,0.0067,0.0004,0.0008,0.0017,0.0006,0.0261,0.0003
ac_10dB,2-109231-A-9.wav,0.0107,0.0085,0.0023,0.0134,0.0036,0.0183,0.0145,0.0060,0.0502,0.0015
ac_10dB,2-109231-B-9.wav,0.0015,0.0006,0.0554,0.0036,0.0020,0.1090,0.0079,0.0028,0.0406,0.0018
ac_10dB,2-109231-C-9.wav,0.0284,0.0166,0.0085,0.0729,0.0263,0.0337,0.0576,0.0591,0.0826,0.0196
ac_10dB,2-109316-A-32.wav,0.0058,0.0107,0.0233,0.0117,0.0015,0.0309,0.0028,0.0024,0.0163,0.0018
ac_10dB,2-109371-A-16.wav,0.0052,0.0037,0.0200,0.0060,0.0038,0.0291,0.0207,0.0075,0.1971,0.0032
ac_10dB,2-109371-B-16.wav,0.0101,0.0059,0.0078,0.0206,0.0064,0.0211,0.0093,0.0073,0.0644,0.0045
ac_10dB,2-109371-C-16.wav,0.0110,0.0062,0.0133,0.0192,0.0062,0.0243,0.0050,0.0061,0.0540,0.0107
ac_10dB,2-109371-D-16.wav,0.0138,0.0069,0.0406,0.0238,0.0090,0.0188,0.0146,0.0147,0.0820,0.0032
ac_10dB,2-109374-A-16.wav,0.0142,0.0090,0.0130,0.0177,0.0138,0.0171,0.0182,0.0157,0.1011,0.0125
ac_10dB,2-109505-A-21.wav,0.0113,0.0506,0.1185,0.0779,0.8408,0.0103,0.0104,0.0140,0.0260,0.0034
ac_10dB,2-109759-A-26.wav,0.1168,0.0929,0.0574,0.3198,0.1538,0.5977,0.0117,0.0062,0.0680,0.0030
ac_10dB,2-109759-B-26.wav,0.0937,0.1358,0.0398,0.1836,0.0785,0.9016,0.0201,0.0042,0.0544,0.0036
ac_10dB,2-110010-A-5.wav,0.0114,0.0122,0.0360,0.0214,0.0151,0.0338,0.0118,0.0134,0.0424,0.0107
ac_10dB,2-110011-A-5.wav,0.0049,0.0137,0.7160,0.0097,0.0127,0.1468,0.0125,0.0309,0.0817,0.0023
ac_10dB,2-110417-A-28.wav,0.8773,0.0181,0.0087,0.8688,0.0060,0.0376,0.0075,0.0050,0.1037,0.0014
ac_10dB,2-110417-B-28.wav,0.9224,0.0226,0.0072,0.8331,0.0054,0.0137,0.0069,0.0104,0.0848,0.0050
ac_10dB,2-110613-A-13.wav,0.0226,0.0029,0.0073,0.0354,0.0075,0.0153,0.0085,0.0032,0.0400,0.0123
ac_10dB,2-110614-A-8.wav,0.0263,0.0015,0.0733,0.0324,0.0033,0.0101,0.0038,0.0074,0.0123,0.0007
ac_10dB,2-110614-B-8.wav,0.0049,0.0001,0.1062,0.0032,0.0005,0.0020,0.0020,0.0013,0.0696,0.0002
ac_10dB,2-112213-A-39.wav,0.0005,0.0004,0.0165,0.0244,0.0037,0.0038,0.0007,0.0020,0.0281,1.0000
ac_10dB,2-112213-B-39.wav,0.0013,0.0002,0.0192,0.0164,0.0081,0.0019,0.0004,0.0036,0.0120,1.0000
ac_10dB,2-114254-A-30.wav,0.0101,0.0181,0.0126,0.0265,0.0134,0.0257,0.0408,0.0118,0.0568,0.0032
ac_10dB,2-114280-A-0.wav,0.0010,0.0031,0.0068,0.0056,0.0020,0.0039,0.8611,0.0007,0.1432,0.0012
ac_10dB,2-114587-A-0.wav,0.0007,0.0012,0.0133,0.0021,0.0017,0.0100,0.8871,0.0005,0.0346,0.0004
ac_10dB,2-114609-A-28.wav,0.1586,0.0144,0.0072,0.2320,0.0076,0.0195,0.0217,0.0195,0.0552,0.0018
ac_10dB,2-114609-B-28.wav,0.3235,0.0113,0.0118,0.4077,0.0060,0.0092,0.0070,0.0054,0.0072,0.0022
ac_10dB,2-116400-A-0.wav,0.0023,0.0031,0.0167,0.0063,0.0041,0.0073,0.6882,0.0059,0.0678,0.0009
ac_10dB,2-117116-A-37.wav,0.0033,0.0011,0.0260,0.0063,0.0006,0.0128,0.0132,0.0014,0.0136,0.0010
ac_10dB,2-117271-A-0.wav,0.0011,0.0025,0.0047,0.0031,0.0007,0.0034,0.7891,0.0005,0.0962,0.0002
ac_10dB,2-117330-A-28.wav,0.9215,0.0321,0.0373,0.8988,0.0525,0.0154,0.0062,0.0090,0.0104,0.0023
ac_10dB,2-117615-A-48.wav,0.0022,0.0024,0.0077,0.0038,0.0015,0.0044,0.0105,0.0091,0.0164,0.0017
ac_10dB,2-117615-B-48.wav,0.0027,0.0024,0.0021,0.0040,0.0008,0.0033,0.0029,0.0141,0.0353,0.0018
ac_10dB,2-117615-C-48.wav,0.0176,0.0077,0.0163,0.0275,0.0048,0.0168,0.0110,0.0648,0.0611,0.0090
ac_10dB,2-117615-D-48.wav,0.0061,0.0055,0.0015,0.0091,0.0013,0.0089,0.0059,0.0586,0.0303,0.0011
ac_10dB,2-117615-E-48.wav,0.0053,0.0033,0.0062,0.0053,0.0019,0.0106,0.0079,0.1913,0.0548,0.0025
ac_10dB,2-117616-A-48.wav,0.0199,0.0048,0.0077,0.0328,0.0048,0.0129,0.0041,0.0527,0.0271,0.0017
ac_10dB,2-117617-A-48.wav,0.0076,0.0027,0.0082,0.0118,0.0023,0.0229,0.0041,0.0440,0.0136,0.0048
ac_10dB,2-117625-A-10.wav,0.0032,0.0023,0.0050,0.0046,0.0014,0.0510,0.0029,0.0037,0.0425,0.0006
ac_10dB,2-117795-A-3.wav,0.0020,0.0004,0.0185,0.0027,0.0003,0.0015,0.0012,0.0003,0.0115,0.0004
ac_10dB,2-117795-B-3.wav,0.0007,0.0004,0.1426,0.0011,0.0014,0.0021,0.0023,0.0008,0.1169,0.0014
ac_10dB,2-118072-A-0.wav,0.0101,0.0086,0.0046,0.0169,0.0044,0.0215,0.3126,0.0089,0.0283,0.0029
ac_10dB,2-118104-A-21.wav,0.0076,0.2910,0.0905,0.0710,0.9811,0.0588,0.0074,0.0128,0.0837,0.0048
ac_10dB,2-118459-A-32.wav,0.0003,0.0015,0.0048,0.0010,0.0007,0.0206,0.0007,0.0017,0.0193,0.0010
ac_10dB,2-118459-B-32.wav,0.0017,0.0030,0.0392,0.0031,0.0013,0.0262,0.0015,0.0408,0.0189,0.0011
ac_10dB,2-118624-A-30.wav,0.0074,0.0049,0.0173,0.0133,0.0035,0.0310,0.0078,0.0059,0.0714,0.0014
ac_10dB,2-118625-A-30.wav,0.0048,0.0038,0.0052,0.0170,0.0025,0.0084,0.0029,0.0156,0.0226,0.0034
ac_10dB,2-118817-A-32.wav,0.0019,0.0018,0.0043,0.0041,0.0005,0.0045,0.0015,0.0006,0.0280,0.0007
ac_10dB,2-118964-A-0.wav,0.0313,0.0406,0.0144,0.0587,0.0359,0.0196,0.8992,0.0073,0.0157,0.0055
ac_10dB,2-119102-A-21.wav,0.0135,0.0718,0.0158,0.0357,0.9726,0.0222,0.0236,0.0197,0.0640,0.0093
ac_10dB,2-119139-A-31.wav,0.0035,0.0022,0.0073,0.0098,0.0020,0.0090,0.0076,0.0232,0.0212,0.0007
ac_10dB,2-119161-A-8.wav,0.0010,0.0003,0.0273,0.0013,0.0008,0.0021,0.0011,0.0037,0.0371,0.0003
ac_10dB,2-119161-B-8.wav,0.0003,0.0004,0.0034,0.0005,0.0003,0.0007,0.0004,0.0007,0.0029,0.0001
ac_10dB,2-119161-C-8.wav,0.0305,0.0312,0.0236,0.0815,0.0259,0.0534,0.0174,0.0166,0.0761,0.0206
ac_10dB,2-119748-A-38.wav,0.0019,0.0046,0.0059,0.0018,0.0013,0.0022,0.0067,0.0932,0.0937,0.0010
ac_10dB,2-120218-A-30.wav,0.0062,0.0032,0.0022,0.0089,0.0011,0.0062,0.0041,0.0278,0.0516,0.0016
ac_10dB,2-120218-B-30.wav,0.0118,0.0058,0.0057,0.0188,0.0021,0.0076,0.0043,0.0122,0.0073,0.0021
ac_10dB,2-120333-A-32.wav,0.0012,0.0013,0.0041,0.0032,0.0002,0.0054,0.0026,0.0001,0.0513,0.0009
ac_10dB,2-120586-A-6.wav,0.0025,0.0095,0.0236,0.0080,0.0058,0.0615,0.0034,0.0012,0.0071,0.0005
ac_10dB,2-120587-A-6.wav,0.0117,0.0058,0.0120,0.0145,0.0064,0.0104,0.0224,0.0128,0.0346,0.0036
ac_10dB,2-121909-A-35.wav,0.0105,0.0025,0.0230,0.0301,0.0027,0.0143,0.0103,0.0188,0.0354,0.0022
ac_10dB,2-121978-A-29.wav,0.0154,0.0041,0.0149,0.0058,0.0030,0.0026,0.0193,0.0096,0.0542,0.0006
ac_10dB,2-122066-A-45.wav,0.0046,0.0009,0.0132,0.0049,0.0020,0.0096,0.0028,0.0020,0.2065,0.0026
ac_10dB,2-122066-B-45.wav,0.0014,0.0014,0.0109,0.0023,0.0048,0.0104,0.0019,0.0012,0.0264,0.0019
ac_10dB,2-122067-A-45.wav,0.0022,0.0023,0.0244,0.0029,0.0039,0.0059,0.0025,0.0049,0.0628,0.0317
ac_10dB,2-122067-B-45.wav,0.0006,0.0022,0.0285,0.0014,0.0020,0.0095,0.0042,0.0012,0.0148,0.0188
ac_10dB,2-122104-A-0.wav,0.0025,0.0062,0.0065,0.0080,0.0021,0.0040,0.7727,0.0052,0.1160,0.0030
ac_10dB,2-122104-B-0.wav,0.0052,0.0042,0.0454,0.0082,0.0042,0.0047,0.6738,0.0023,0.0551,0.0017
ac_10dB,2-122616-A-14.wav,0.0025,0.0034,0.0149,0.0071,0.0026,0.0280,0.0091,0.0024,0.0254,0.0024
ac_10dB,2-122763-A-29.wav,0.0117,0.0098,0.0167,0.0141,0.0091,0.0208,0.0195,0.0172,0.1068,0.0069
ac_10dB,2-122763-B-29.wav,0.0527,0.1087,0.0691,0.0627,0.0396,0.0226,0.0114,0.0185,0.0205,0.0046
ac_10dB,2-122820-A-36.wav,0.0021,0.0017,0.0095,0.0038,0.0015,0.0048,0.0034,0.0008,0.0107,0.0254
ac_10dB,2-122820-B-36.wav,0.0014,0.0035,0.0142,0.0036,0.0014,0.0060,0.0036,0.0011,0.0123,0.0469
ac_10dB,2-123712-A-33.wav,0.0071,0.0083,0.0177,0.0099,0.0041,0.0134,0.0207,0.0060,0.0878,0.0250
ac_10dB,2-123896-A-24.wav,0.0527,0.9958,0.0345,0.1636,0.0776,0.2477,0.2765,0.0198,0.0533,0.0061
ac_10dB,2-124564-A-15.wav,0.0182,0.0456,0.0119,0.0160,0.0082,0.0134,0.0628,0.0076,0.0063,0.0014
ac_10dB,2-124662-A-11.wav,0.0076,0.0029,0.0105,0.0104,0.0022,0.0147,0.0061,0.0033,0.1006,0.0018
ac_10dB,2-125520-A-43.wav,0.0010,0.0003,0.0076,0.0019,0.0002,0.0017,0.0029,0.0004,0.9805,0.0025
ac_10dB,2-125821-A-13.wav,0.0047,0.0027,0.0040,0.0052,0.0027,0.0225,0.0060,0.0075,0.0623,0.0036
ac_10dB,2-125875-A-13.wav,0.0060,0.0023,0.0554,0.0056,0.0024,0.0087,0.0281,0.0117,0.0686,0.0013
ac_10dB,2-125966-A-11.wav,0.0012,0.0034,0.0036,0.0056,0.0030,0.0138,0.0026,0.0012,0.0285,0.0008
ac_10dB,2-126433-A-17.wav,0.0009,0.0055,0.0109,0.0037,0.0008,0.0031,0.0010,0.0002,0.0099,0.0266
ac_10dB,2-126756-A-29.wav,0.0356,0.0947,0.0920,0.1830,0.2449,0.0773,0.0084,0.0295,0.0639,0.0059
ac_10dB,2-127108-A-38.wav,0.0087,0.0046,0.0081,0.0108,0.0051,0.0089,0.0148,0.0222,0.0174,0.0289
ac_10dB,2-127109-A-6.wav,0.0006,0.0029,0.0122,0.0008,0.0004,0.0045,0.0009,0.0012,0.0039,0.0001
ac_10dB,2-128465-A-43.wav,0.0017,0.0026,0.0127,0.0030,0.0047,0.0099,0.0102,0.0025,0.8998,0.0023
ac_10dB,2-128465-B-43.wav,0.0015,0.0019,0.0057,0.0016,0.0010,0.0184,0.0046,0.0020,0.9556,0.0003
ac_10dB,2-128631-A-21.wav,0.0090,0.0387,0.0133,0.0155,0.9951,0.0196,0.0056,0.0125,0.0503,0.0353
ac_10dB,2-130245-A-34.wav,0.0227,0.0208,0.0227,0.0444,0.0319,0.0334,0.0363,0.0083,0.0188,0.0047
ac_10dB,2-130978-A-21.wav,0.0238,0.0168,0.2425,0.0603,0.9570,0.0267,0.0291,0.0198,0.0843,0.0308
ac_10dB,2-130979-A-21.wav,0.0292,0.0291,0.7303,0.1222,0.9709,0.0094,0.0087,0.0097,0.0223,0.0446
ac_10dB,2-131943-A-38.wav,0.0091,0.0020,0.0191,0.0117,0.0035,0.0157,0.0059,0.0028,0.0482,0.0054
ac_10dB,2-132157-A-11.wav,0.0025,0.0036,0.0164,0.0040,0.0024,0.0043,0.0055,0.0065,0.0172,0.0069
ac_10dB,2-132157-B-11.wav,0.0013,0.0051,0.0107,0.0049,0.0031,0.0161,0.0085,0.0132,0.0235,0.0052
ac_10dB,2-133863-A-11.wav,0.0020,0.0027,0.0110,0.0078,0.0018,0.0065,0.0064,0.0033,0.0140,0.0064
ac_10dB,2-133889-A-30.wav,0.0057,0.0059,0.0116,0.0070,0.0038,0.0238,0.0049,0.0757,0.0580,0.0023
ac_10dB,2-134049-A-6.wav,0.0034,0.0021,0.0044,0.0146,0.0015,0.0298,0.0025,0.0014,0.0426,0.0023
ac_10dB,2-134700-A-38.wav,0.0061,0.0010,0.0062,0.0065,0.0011,0.0111,0.0040,0.0025,0.1020,0.0065
ac_10dB,2-134915-A-30.wav,0.0196,0.0218,0.0107,0.0419,0.0216,0.0387,0.0138,0.0822,0.0286,0.0069
ac_10dB,2-135649-A-45.wav,0.0103,0.0037,0.0077,0.0126,0.0030,0.0113,0.0038,0.0324,0.0627,0.0052
ac_10dB,2-135649-B-45.wav,0.0020,0.0007,0.0087,0.0024,0.0005,0.0080,0.0031,0.0015,0.0525,0.0009
ac_10dB,2-135649-C-45.wav,0.0616,0.0155,0.0072,0.1179,0.0102,0.0237,0.0086,0.0233,0.0528,0.0102
ac_10dB,2-135728-A-38.wav,0.0163,0.0034,0.0100,0.0364,0.0066,0.0115,0.0092,0.0059,0.0286,0.0020
ac_10dB,2-135860-A-49.wav,0.0218,0.0033,0.0234,0.0424,0.0062,0.0104,0.0176,0.0130,0.0346,0.0529
ac_10dB,2-137162-A-11.wav,0.0034,0.0029,0.0100,0.0058,0.0023,0.0293,0.0058,0.0072,0.0212,0.0024
ac_10dB,2-138257-A-31.wav,0.0162,0.0022,0.0030,0.0149,0.0029,0.0089,0.0069,0.0033,0.1003,0.0021
ac_10dB,2-138465-A-43.wav,0.0101,0.0079,0.0086,0.0111,0.0061,0.0250,0.0080,0.0079,0.1446,0.0059
ac_10dB,2-139748-A-15.wav,0.0077,0.0059,0.0098,0.0154,0.0039,0.0113,0.0105,0.0065,0.0615,0.0119
ac_10dB,2-139748-B-15.wav,0.0026,0.0049,0.0129,0.0071,0.0085,0.0056,0.0040,0.0027,0.0202,0.0326
ac_10dB,2-139749-A-15.wav,0.0257,0.0173,0.0084,0.0275,0.0171,0.0410,0.0230,0.0124,0.0797,0.0041
ac_10dB,2-140147-A-38.wav,0.0028,0.0010,0.0146,0.0055,0.0013,0.0127,0.0087,0.0044,0.0287,0.0010
ac_10dB,2-140841-A-30.wav,0.0093,0.0154,0.0037,0.0178,0.0053,0.0240,0.0156,0.0098,0.0332,0.0015
ac_10dB,2-141563-A-39.wav,0.0046,0.0022,0.0177,0.0083,0.0018,0.0144,0.0037,0.0024,0.0729,1.0000
ac_10dB,2-141584-A-38.wav,0.0060,0.0058,0.0036,0.0084,0.0046,0.0099,0.0093,0.0134,0.0199,0.0022
ac_10dB,2-141681-A-36.wav,0.0039,0.0022,0.0172,0.0060,0.0035,0.0144,0.0055,0.0020,0.0252,0.0055
ac_10dB,2-141681-B-36.wav,0.0033,0.0025,0.0202,0.0067,0.0034,0.0144,0.0057,0.0026,0.0220,0.0122
ac_10dB,2-141682-A-36.wav,0.0073,0.0026,0.0070,0.0146,0.0025,0.0216,0.0111,0.0086,0.0379,0.0050
ac_10dB,2-141682-B-36.wav,0.0038,0.0027,0.0086,0.0106,0.0024,0.0115,0.0040,0.0023,0.0260,0.0049
ac_10dB,2-144031-A-34.wav,0.0102,0.0161,0.0698,0.0234,0.0210,0.0868,0.0185,0.0280,0.0205,0.0065
ac_10dB,2-144137-A-43.wav,0.0063,0.0026,0.0162,0.0061,0.0044,0.0213,0.0116,0.0156,0.9427,0.0023
ac_10dB,2-146877-A-31.wav,0.0088,0.0013,0.0127,0.0115,0.0036,0.0078,0.0162,0.0011,0.0203,0.0018
ac_10dB,2-146877-B-31.wav,0.0040,0.0018,0.0030,0.0050,0.0057,0.0163,0.0176,0.0002,0.0177,0.0029
ac_10dB,2-151079-A-20.wav,0.0202,0.0402,0.0283,0.0163,0.0031,0.3092,0.0025,0.0027,0.0143,0.0022
ac_10dB,2-152895-A-31.wav,0.0067,0.0072,0.0037,0.0265,0.0037,0.0172,0.0111,0.0188,0.0563,0.0089
ac_10dB,2-152964-A-31.wav,0.0110,0.0153,0.5532,0.0123,0.0176,0.0380,0.0216,0.0465,0.0729,0.0022
ac_10dB,2-153388-A-31.wav,0.0053,0.0049,0.0046,0.0089,0.0031,0.0105,0.0077,0.0173,0.0808,0.0025
ac_10dB,2-154688-A-31.wav,0.0168,0.0062,0.0034,0.0258,0.0038,0.0113,0.0048,0.0093,0.0439,0.0044
ac_10dB,2-155801-A-11.wav,0.0009,0.0018,0.0107,0.0014,0.0007,0.0130,0.0052,0.0028,0.0227,0.0017
ac_10dB,2-157488-A-6.wav,0.0034,0.0037,0.0121,0.0059,0.0029,0.0160,0.0053,0.1099,0.0105,0.0009
ac_10dB,2-158746-A-2.wav,0.1298,0.0014,0.0150,0.0525,0.0005,0.0114,0.0028,0.0036,0.0078,0.0044
ac_10dB,2-158746-B-2.wav,0.0007,0.0001,0.0139,0.0009,0.0000,0.0009,0.0020,0.0038,0.0029,0.0013
ac_10dB,2-158746-C-2.wav,0.0163,0.0047,0.0115,0.0836,0.0241,0.0066,0.0113,0.0253,0.0127,0.0464
ac_10dB,2-158746-D-2.wav,0.0853,0.0137,0.0137,0.0887,0.0084,0.0165,0.0403,0.0060,0.0238,0.0032
ac_10dB,2-160128-A-7.wav,0.3076,0.0022,0.0116,0.2529,0.0007,0.0090,0.0145,0.0066,0.0100,0.0014
ac_10dB,2-160888-A-47.wav,0.0084,0.0046,0.0281,0.0096,0.0055,0.0156,0.0118,0.0113,0.1081,0.0056
ac_10dB,2-165801-A-48.wav,0.0082,0.0014,0.0020,0.0072,0.0009,0.0032,0.0045,0.0077,0.0442,0.0006
ac_10dB,2-166644-A-2.wav,0.0040,0.0094,0.0176,0.0093,0.0028,0.0016,0.1281,0.0002,0.0018,0.0006
ac_10dB,2-166644-B-2.wav,0.0065,0.0133,0.0697,0.0119,0.0040,0.0082,0.0060,0.0140,0.0205,0.0012
ac_10dB,2-166644-C-2.wav,0.0170,0.0289,0.0300,0.0366,0.0266,0.0256,0.0280,0.0486,0.0350,0.0083
ac_10dB,2-173559-A-39.wav,0.0053,0.0061,0.0120,0.0081,0.0041,0.0127,0.0249,0.0186,0.0754,0.8256
ac_10dB,2-173607-A-39.wav,0.0121,0.0028,0.0694,0.0223,0.0031,0.0125,0.0126,0.0201,0.0216,0.9721
ac_10dB,2-173618-A-39.wav,0.0103,0.0032,0.0099,0.0187,0.0035,0.0122,0.0047,0.0121,0.0365,0.9979
ac_10dB,2-182508-A-8.wav,0.0026,0.0002,0.0124,0.0026,0.0010,0.0021,0.0020,0.0034,0.0367,0.0007
ac_10dB,2-182508-B-8.wav,0.0112,0.0009,0.0157,0.0057,0.0018,0.0056,0.0040,0.0181,0.0304,0.0022
ac_10dB,2-184077-A-49.wav,0.0512,0.0036,0.0163,0.2605,0.0010,0.0079,0.0034,0.0009,0.0085,0.0010
ac_10dB,2-18766-A-12.wav,0.0030,0.0013,0.0010,0.0079,0.0004,0.0095,0.0025,0.0019,0.0151,0.0008
ac_10dB,2-18766-B-12.wav,0.0105,0.0030,0.0033,0.0105,0.0007,0.0067,0.0042,0.0037,0.0284,0.0007
ac_10dB,2-188822-A-40.wav,0.0271,0.0026,0.0147,0.0261,0.0019,0.0233,0.0102,0.0072,0.2108,0.0024
ac_10dB,2-188822-B-40.wav,0.0009,0.0007,0.0082,0.0015,0.0004,0.0094,0.0071,0.0078,0.0888,0.0018
ac_10dB,2-188822-C-40.wav,0.0036,0.0003,0.0022,0.0045,0.0003,0.0046,0.0016,0.0017,0.0342,0.0009
ac_10dB,2-188822-D-40.wav,0.0039,0.0041,0.0079,0.0070,0.0012,0.0108,0.0021,0.0022,0.0505,0.0077
ac_10dB,2-196688-A-8.wav,0.0176,0.0023,0.0975,0.0141,0.0048,0.0137,0.0053,0.0131,0.0411,0.0096
ac_10dB,2-205966-A-16.wav,0.0061,0.0029,0.0087,0.0078,0.0027,0.0071,0.0093,0.0078,0.0680,0.0020
ac_10dB,2-209471-A-25.wav,0.0087,0.0028,0.0104,0.0154,0.0025,0.0113,0.0053,0.2048,0.0415,0.0055
ac_10dB,2-209472-A-25.wav,0.0060,0.0019,0.0077,0.0143,0.0022,0.0094,0.0041,0.0793,0.0271,0.0067
ac_10dB,2-209473-A-25.wav,0.0072,0.0043,0.0073,0.0196,0.0059,0.0292,0.0048,0.0849,0.0258,0.0269
ac_10dB,2-209474-A-25.wav,0.0081,0.0023,0.0086,0.0112,0.0021,0.0106,0.0048,0.0876,0.0440,0.0047
ac_10dB,2-209475-A-25.wav,0.0031,0.0018,0.0098,0.0087,0.0019,0.0114,0.0036,0.1668,0.0175,0.0015
ac_10dB,2-209476-A-25.wav,0.0117,0.0048,0.0089,0.0218,0.0017,0.0099,0.0074,0.1031,0.0137,0.0073
ac_10dB,2-209477-A-25.wav,0.0034,0.0015,0.0104,0.0082,0.0013,0.0102,0.0024,0.0604,0.0432,0.0043
ac_10dB,2-209478-A-25.wav,0.0078,0.0015,0.0045,0.0080,0.0010,0.0047,0.0030,0.0997,0.0191,0.0009
ac_10dB,2-250710-A-39.wav,0.0087,0.0063,0.0062,0.0141,0.0031,0.0122,0.0113,0.0113,0.0259,0.1262
ac_10dB,2-25292-A-22.wav,0.0012,0.0009,0.1522,0.0021,0.0007,0.0263,0.0012,0.0081,0.0044,0.0023
ac_10dB,2-25293-A-22.wav,0.0239,0.0235,0.3250,0.0536,0.0211,0.0166,0.0290,0.0332,0.0331,0.0054
ac_10dB,2-262579-A-45.wav,0.0026,0.0093,0.0134,0.0042,0.0040,0.0060,0.0067,0.0035,0.0709,0.0040
ac_10dB,2-28314-A-12.wav,0.0069,0.0033,0.0032,0.0073,0.0012,0.0102,0.0105,0.0032,0.0180,0.0006
ac_10dB,2-28314-B-12.wav,0.0090,0.0033,0.0042,0.0144,0.0014,0.0086,0.0047,0.0036,0.0150,0.0014
ac_10dB,2-30322-A-12.wav,0.0030,0.0023,0.0040,0.0040,0.0008,0.0073,0.0098,0.0032,0.0283,0.0006
ac_10dB,2-30322-B-12.wav,0.0058,0.0058,0.0122,0.0090,0.0045,0.0170,0.0114,0.0253,0.0305,0.0005
ac_10dB,2-32515-A-4.wav,0.0007,0.0002,0.0150,0.0008,0.0005,0.0045,0.0011,0.0005,0.0092,0.0004
ac_10dB,2-32515-B-4.wav,0.0000,0.0000,0.0057,0.0001,0.0001,0.0008,0.0008,0.0004,0.0096,0.0003
ac_10dB,2-32515-C-4.wav,0.0007,0.0001,0.0075,0.0014,0.0002,0.0017,0.0013,0.0004,0.0051,0.0003
ac_10dB,2-32515-D-4.wav,0.0004,0.0001,0.0160,0.0009,0.0002,0.0031,0.0023,0.0003,0.0043,0.0002
ac_10dB,2-32834-A-4.wav,0.0005,0.0001,0.0069,0.0007,0.0001,0.0015,0.0012,0.0002,0.0080,0.0003
ac_10dB,2-37806-A-40.wav,0.0020,0.0018,0.0286,0.0065,0.0003,0.0049,0.0040,0.0003,0.0159,0.0003
ac_10dB,2-37806-B-40.wav,0.0021,0.0013,0.0511,0.0031,0.0004,0.0067,0.0048,0.0009,0.0634,0.0007
ac_10dB,2-37806-C-40.wav,0.0019,0.0009,0.0067,0.0086,0.0002,0.0035,0.0045,0.0002,0.0300,0.0002
ac_10dB,2-37806-D-40.wav,0.0035,0.0014,0.0112,0.0031,0.0007,0.0060,0.0043,0.0020,0.0363,0.0008
ac_10dB,2-37870-A-2.wav,0.3175,0.0062,0.0236,0.1685,0.0007,0.0152,0.0022,0.0081,0.0062,0.0026
ac_10dB,2-39441-A-19.wav,0.0412,0.0016,0.0047,0.0249,0.0022,0.0090,0.0215,0.0056,0.0437,0.0016
ac_10dB,2-39443-A-19.wav,0.0031,0.0014,0.0058,0.0071,0.0024,0.0080,0.0070,0.0095,0.0253,0.0016
ac_10dB,2-39443-B-19.wav,0.0064,0.0050,0.0160,0.0157,0.0031,0.0046,0.0086,0.0301,0.0184,0.0013
ac_10dB,2-39945-A-19.wav,0.0062,0.0023,0.0060,0.0067,0.0017,0.0019,0.0051,0.0014,0.0035,0.0004
ac_10dB,2-39945-B-19.wav,0.0050,0.0036,0.0082,0.0091,0.0022,0.0051,0.0097,0.0108,0.0578,0.0052
ac_10dB,2-39945-C-19.wav,0.0025,0.0017,0.0321,0.0049,0.0057,0.0048,0.0029,0.0011,0.0041,0.0015
ac_10dB,2-42101-A-43.wav,0.0092,0.0040,0.0101,0.0114,0.0032,0.0103,0.0228,0.0118,0.5724,0.0029
ac_10dB,2-43802-A-42.wav,0.0004,0.0001,0.0116,0.0005,0.0002,0.0053,0.0025,0.0019,0.5919,0.0007
ac_10dB,2-43806-A-42.wav,0.0005,0.0003,0.0049,0.0008,0.0003,0.0168,0.0020,0.0005,0.0935,0.0003
ac_10dB,2-50665-A-20.wav,0.0090,0.0301,0.0988,0.0225,0.0204,0.0303,0.0162,0.0086,0.0084,0.0030
ac_10dB,2-50666-A-20.wav,0.0062,0.0048,0.2043,0.0080,0.0019,0.0597,0.0033,0.0080,0.0537,0.0021
ac_10dB,2-50667-A-41.wav,0.0017,0.0004,0.0180,0.0053,0.0003,0.0027,0.0026,0.0014,0.0083,0.0013
ac_10dB,2-50667-B-41.wav,0.0181,0.0025,0.0140,0.0235,0.0014,0.0035,0.0029,0.0064,0.0163,0.0011
ac_10dB,2-50668-A-41.wav,0.0572,0.0008,0.0077,0.0364,0.0007,0.0033,0.0022,0.0277,0.0378,0.0005
ac_10dB,2-50668-B-41.wav,0.0166,0.0004,0.0099,0.0441,0.0006,0.0030,0.0042,0.0028,0.0076,0.0015
ac_10dB,2-50774-A-23.wav,0.0550,0.0436,0.0882,0.5124,0.0660,0.0229,0.0162,0.0219,0.0573,0.0079
ac_10dB,2-51173-A-35.wav,0.0029,0.0030,0.0076,0.0032,0.0013,0.0094,0.0018,0.0030,0.1114,0.0029
ac_10dB,2-51630-A-49.wav,0.0010,0.0014,0.0159,0.0164,0.0006,0.0087,0.0006,0.0007,0.0129,0.0005
ac_10dB,2-51630-B-49.wav,0.0007,0.0003,0.0111,0.0030,0.0003,0.0089,0.0004,0.0006,0.0236,0.0019
ac_10dB,2-52001-A-28.wav,0.8404,0.0082,0.0058,0.8074,0.0375,0.0461,0.0098,0.0053,0.0426,0.0038
ac_10dB,2-52001-B-28.wav,0.8135,0.0037,0.0108,0.8213,0.0062,0.0275,0.0044,0.0034,0.0233,0.0031
ac_10dB,2-52085-A-4.wav,0.0012,0.0003,0.0059,0.0030,0.0008,0.0080,0.0025,0.0007,0.0132,0.0012
ac_10dB,2-52085-B-4.wav,0.0025,0.0003,0.0076,0.0045,0.0014,0.0046,0.0032,0.0004,0.0059,0.0006
ac_10dB,2-52789-A-4.wav,0.0022,0.0008,0.0773,0.0025,0.0010,0.0070,0.0036,0.0036,0.0200,0.0013
ac_10dB,2-54086-A-43.wav,0.0115,0.0111,0.0069,0.0240,0.0056,0.0227,0.0115,0.0163,0.9242,0.0062
ac_10dB,2-54961-A-23.wav,0.2468,0.0069,0.0097,0.7336,0.0027,0.0189,0.0127,0.0063,0.0898,0.0009
ac_10dB,2-54962-A-23.wav,0.1592,0.0182,0.0065,0.5217,0.0158,0.0243,0.0180,0.0087,0.0734,0.0034
ac_10dB,2-56926-A-46.wav,0.0029,0.0009,0.0081,0.0102,0.0006,0.0024,0.0027,0.0008,0.0491,0.0011
ac_10dB,2-57191-A-46.wav,0.0007,0.0002,0.0093,0.0012,0.0003,0.0046,0.0021,0.0008,0.0403,0.0044
ac_10dB,2-57733-A-22.wav,0.0150,0.0018,0.0145,0.0155,0.0040,0.0264,0.0071,0.0029,0.0257,0.0020
ac_10dB,2-59241-A-35.wav,0.0051,0.0019,0.0089,0.0107,0.0015,0.0100,0.0031,0.0033,0.0510,0.0082
ac_10dB,2-59321-A-49.wav,0.0074,0.0005,0.0107,0.0240,0.0004,0.0039,0.0010,0.0047,0.0183,0.0055
ac_10dB,2-59565-A-46.wav,0.0044,0.0008,0.0045,0.0082,0.0004,0.0020,0.0017,0.0007,0.0585,0.0035
ac_10dB,2-59566-A-46.wav,0.0021,0.0005,0.0074,0.0051,0.0010,0.0064,0.0025,0.0023,0.0261,0.0016
ac_10dB,2-60180-A-49.wav,0.0010,0.0007,0.0101,0.0069,0.0006,0.0089,0.0027,0.0000,0.0210,0.0001
ac_10dB,2-60180-B-49.wav,0.0068,0.0007,0.0270,0.4754,0.0011,0.0248,0.0022,0.0001,0.0109,0.0021
ac_10dB,2-60791-A-26.wav,0.0017,0.0091,0.2881,0.0089,0.0103,0.8552,0.0045,0.0215,0.0549,0.0094
ac_10dB,2-60794-A-26.wav,0.0078,0.0049,0.0899,0.0117,0.0069,0.8611,0.0065,0.0116,0.0289,0.0014
ac_10dB,2-60795-A-26.wav,0.0030,0.0253,0.1432,0.0131,0.0104,0.7563,0.0031,0.0135,0.0721,0.0132
ac_10dB,2-60900-A-22.wav,0.0031,0.0009,0.0142,0.0060,0.0006,0.0193,0.0025,0.0025,0.0469,0.0033
ac_10dB,2-61311-A-12.wav,0.0063,0.0008,0.0082,0.0088,0.0015,0.0053,0.0230,0.0017,0.0228,0.0004
ac_10dB,2-61618-A-46.wav,0.0005,0.0002,0.0110,0.0011,0.0002,0.0016,0.0016,0.0012,0.0129,0.0007
ac_10dB,2-62226-A-26.wav,0.0096,0.0315,0.0951,0.0192,0.0109,0.7855,0.0072,0.0124,0.0289,0.0059
ac_10dB,2-64332-A-18.wav,0.0028,0.0016,0.0551,0.0070,0.0017,0.0061,0.0014,0.0048,0.0210,0.0023
ac_10dB,2-64962-A-15.wav,0.0006,0.0006,0.0195,0.0020,0.0004,0.0024,0.0031,0.0002,0.0623,0.0088
ac_10dB,2-64963-A-15.wav,0.0012,0.0005,0.0411,0.0014,0.0006,0.0077,0.0021,0.0002,0.0096,0.0013
ac_10dB,2-65484-A-18.wav,0.0008,0.0022,0.0033,0.0036,0.0014,0.0312,0.0020,0.0013,0.0443,0.0047
ac_10dB,2-65747-A-12.wav,0.0012,0.0017,0.0031,0.0029,0.0002,0.0085,0.0020,0.0046,0.0159,0.0004
ac_10dB,2-65750-A-1.wav,0.0082,0.0028,0.0115,0.0133,0.0024,0.0146,0.0059,0.0075,0.0478,0.0035
ac_10dB,2-66205-A-23.wav,0.2315,0.0222,0.0074,0.5719,0.0361,0.0376,0.0115,0.0152,0.0718,0.0043
ac_10dB,2-66637-A-20.wav,0.0046,0.5481,0.0497,0.0149,0.0382,0.6293,0.0015,0.0059,0.0873,0.0006
ac_10dB,2-66637-B-20.wav,0.0236,0.0176,0.4389,0.0879,0.0549,0.6571,0.5320,0.0098,0.0357,0.0008
ac_10dB,2-67422-A-18.wav,0.0011,0.0012,0.0102,0.0023,0.0015,0.0146,0.0007,0.0006,0.0276,0.0020
ac_10dB,2-68391-A-41.wav,0.0457,0.0008,0.0100,0.0484,0.0014,0.0044,0.0022,0.0028,0.0186,0.0008
ac_10dB,2-68391-B-41.wav,0.0025,0.0006,0.0069,0.0083,0.0007,0.0068,0.0021,0.0040,0.0554,0.0012
ac_10dB,2-68595-A-15.wav,0.0034,0.0068,0.0151,0.0053,0.0064,0.0058,0.0070,0.0020,0.0617,0.0070
ac_10dB,2-68595-B-15.wav,0.0036,0.0297,0.0068,0.0048,0.0059,0.0097,0.0274,0.0008,0.0260,0.0043
ac_10dB,2-69131-A-5.wav,0.0088,0.0213,0.0332,0.0338,0.0148,0.0560,0.0123,0.0062,0.0154,0.0082
ac_10dB,2-69131-B-5.wav,0.0030,0.0022,0.0437,0.0065,0.0007,0.0169,0.0018,0.0033,0.0168,0.0014
ac_10dB,2-70052-A-42.wav,0.0034,0.0010,0.0129,0.0045,0.0006,0.0197,0.0009,0.0011,0.0703,0.0002
ac_10dB,2-70052-B-42.wav,0.0059,0.0007,0.0158,0.0041,0.0013,0.0063,0.0129,0.0025,0.0599,0.0024
ac_10dB,2-70280-A-18.wav,0.0012,0.0005,0.0133,0.0069,0.0004,0.0043,0.0053,0.0006,0.0358,0.0054
ac_10dB,2-70344-A-33.wav,0.0073,0.0082,0.0040,0.0168,0.0042,0.0196,0.0166,0.0096,0.0358,0.0022
ac_10dB,2-70366-A-33.wav,0.0385,0.0028,0.0238,0.0267,0.0020,0.0104,0.0050,0.0045,0.0319,0.0039
ac_10dB,2-70367-A-33.wav,0.0246,0.0241,0.0161,0.0223,0.0111,0.0230,0.0166,0.0185,0.0839,0.0175
ac_10dB,2-70936-A-42.wav,0.0004,0.0009,0.0376,0.0012,0.0009,0.0135,0.0026,0.0022,0.0672,0.0005
ac_10dB,2-70938-A-42.wav,0.0049,0.0045,0.0165,0.0059,0.0037,0.0339,0.0040,0.0075,0.4932,0.0035
ac_10dB,2-70939-A-42.wav,0.0004,0.0005,0.0080,0.0009,0.0007,0.0138,0.0021,0.0005,0.1112,0.0002
ac_10dB,2-71162-A-1.wav,0.0024,0.0024,0.0082,0.0054,0.0005,0.0046,0.0043,0.0019,0.0311,0.0009
ac_10dB,2-72268-A-6.wav,0.0004,0.0004,0.0192,0.0010,0.0003,0.0049,0.0015,0.0001,0.0096,0.0003
ac_10dB,2-72547-A-14.wav,0.0019,0.0012,0.0118,0.0036,0.0024,0.0054,0.0098,0.0015,0.0656,0.0035
ac_10dB,2-72547-B-14.wav,0.0127,0.0066,0.0166,0.0249,0.0029,0.0543,0.0150,0.0025,0.0847,0.0010
ac_10dB,2-72547-C-14.wav,0.0134,0.0109,0.1142,0.0356,0.0120,0.0235,0.0146,0.0073,0.0485,0.0100
ac_10dB,2-72547-D-14.wav,0.0251,0.0093,0.0174,0.0294,0.0058,0.0097,0.0393,0.0356,0.0785,0.0083
ac_10dB,2-72677-A-18.wav,0.0154,0.0062,0.0158,0.0131,0.0042,0.0219,0.0034,0.0043,0.0209,0.0128
ac_10dB,2-72688-A-42.wav,0.0003,0.0004,0.0143,0.0012,0.0001,0.0020,0.0045,0.0124,0.1326,0.0007
ac_10dB,2-72970-A-10.wav,0.0036,0.0028,0.0278,0.0074,0.0025,0.0432,0.0065,0.0039,0.0308,0.0023
ac_10dB,2-73027-A-10.wav,0.0063,0.0061,0.0092,0.0129,0.0061,0.0390,0.0038,0.0047,0.0381,0.0010
ac_10dB,2-7321-A-33.wav,0.0920,0.0107,0.0069,0.0615,0.0052,0.0496,0.0082,0.0624,0.0316,0.0049
ac_10dB,2-73260-A-10.wav,0.0027,0.0042,0.0095,0.0027,0.0021,0.0205,0.0112,0.0067,0.0566,0.0008
ac_10dB,2-73544-A-27.wav,0.0034,0.0018,0.0085,0.0084,0.0023,0.0181,0.0059,0.0011,0.0347,0.0178
ac_10dB,2-74361-A-47.wav,0.0041,0.0013,0.0099,0.0131,0.0064,0.0055,0.0060,0.0206,0.0281,0.0066
ac_10dB,2-74977-A-18.wav,0.0015,0.0065,0.0299,0.0097,0.0024,0.0131,0.0034,0.0062,0.0096,0.0136
ac_10dB,2-75726-A-6.wav,0.0049,0.0029,0.0145,0.0075,0.0035,0.0223,0.0049,0.0031,0.0592,0.0033
ac_10dB,2-76408-A-22.wav,0.0016,0.0021,0.0507,0.0022,0.0016,0.0131,0.0021,0.0117,0.0337,0.0041
ac_10dB,2-76408-B-22.wav,0.0019,0.0017,0.0168,0.0032,0.0012,0.0120,0.0024,0.0040,0.0223,0.0011
ac_10dB,2-76408-C-22.wav,0.0019,0.0024,0.0097,0.0030,0.0009,0.0089,0.0014,0.0056,0.0393,0.0020
ac_10dB,2-76408-D-22.wav,0.0019,0.0029,0.0173,0.0062,0.0012,0.0115,0.0018,0.0088,0.0384,0.0024
ac_10dB,2-76868-A-6.wav,0.0026,0.0067,0.0098,0.0077,0.0021,0.0059,0.0068,0.0015,0.0025,0.0002
ac_10dB,2-77346-A-46.wav,0.0006,0.0004,0.0112,0.0012,0.0011,0.0034,0.0034,0.0014,0.0263,0.0009
ac_10dB,2-77347-A-46.wav,0.0027,0.0006,0.0051,0.0032,0.0007,0.0009,0.0017,0.0011,0.1021,0.0014
ac_10dB,2-77945-A-41.wav,0.0081,0.0004,0.0178,0.0091,0.0009,0.0078,0.0026,0.0046,0.0112,0.0100
ac_10dB,2-77945-B-41.wav,0.0010,0.0007,0.0054,0.0022,0.0003,0.0023,0.0008,0.0021,0.0129,0.0037
ac_10dB,2-78381-A-46.wav,0.0039,0.0024,0.0034,0.0042,0.0019,0.0073,0.0021,0.0022,0.0786,0.0071
ac_10dB,2-78562-A-37.wav,0.0002,0.0001,0.0074,0.0008,0.0005,0.0011,0.0017,0.0002,0.0209,0.0007
ac_10dB,2-78562-B-37.wav,0.0003,0.0003,0.0313,0.0013,0.0016,0.0036,0.0013,0.0028,0.0513,0.0011
ac_10dB,2-78651-A-44.wav,0.0033,0.0037,0.0022,0.0049,0.0007,0.0054,0.0083,0.0009,0.0164,0.0026
ac_10dB,2-78781-A-47.wav,0.0126,0.0019,0.0952,0.0176,0.0036,0.0076,0.0141,0.0204,0.0315,0.0120
ac_10dB,2-78799-A-47.wav,0.0244,0.0053,0.0171,0.0254,0.0081,0.0211,0.0126,0.0101,0.1033,0.0042
ac_10dB,2-79769-A-26.wav,0.0092,0.1422,0.0941,0.0755,0.0362,0.9065,0.0019,0.0113,0.0112,0.0020
ac_10dB,2-79775-A-26.wav,0.0154,0.0070,0.0211,0.0146,0.0049,0.8720,0.0302,0.0090,0.0561,0.0055
ac_10dB,2-80313-A-28.wav,0.9484,0.0109,0.0193,0.9140,0.0138,0.0268,0.0296,0.0071,0.0175,0.0010
ac_10dB,2-80482-A-20.wav,0.0026,0.0086,0.0210,0.0070,0.0020,0.0181,0.0011,0.0020,0.0158,0.0022
ac_10dB,2-80844-A-13.wav,0.0018,0.0010,0.0067,0.0027,0.0030,0.0118,0.0052,0.0046,0.0165,0.0006
ac_10dB,2-81112-A-34.wav,0.0385,0.0163,0.0060,0.0343,0.0162,0.0273,0.0220,0.0284,0.0521,0.0105
ac_10dB,2-81190-A-34.wav,0.0072,0.0040,0.0268,0.0112,0.0029,0.0165,0.0073,0.0055,0.1379,0.0027
ac_10dB,2-81270-A-1.wav,0.0047,0.0030,0.0143,0.0050,0.0019,0.0132,0.0040,0.0038,0.0604,0.0015
ac_10dB,2-81731-A-10.wav,0.0039,0.0046,0.0104,0.0072,0.0035,0.0305,0.0091,0.0330,0.0959,0.0008
ac_10dB,2-81970-A-7.wav,0.0006,0.0002,0.0076,0.0028,0.0009,0.0020,0.0029,0.0035,0.0352,0.0042
ac_10dB,2-81970-B-7.wav,0.0007,0.0009,0.0109,0.0026,0.0009,0.0046,0.0049,0.0048,0.0098,0.0054
ac_10dB,2-81970-C-7.wav,0.0055,0.0008,0.0129,0.0035,0.0017,0.0064,0.0078,0.0049,0.0269,0.0027
ac_10dB,2-82071-A-27.wav,0.0154,0.0038,0.0209,0.0227,0.0048,0.0113,0.0122,0.0071,0.0635,0.0040
ac_10dB,2-82077-A-7.wav,0.0125,0.0030,0.0060,0.0275,0.0059,0.0070,0.0076,0.0049,0.0241,0.0017
ac_10dB,2-82274-A-5.wav,0.0054,0.0027,0.0207,0.0080,0.0020,0.0090,0.0044,0.0031,0.0717,0.0037
ac_10dB,2-82274-B-5.wav,0.0149,0.0154,0.0331,0.0174,0.0280,0.0262,0.0295,0.0281,0.0413,0.0227
ac_10dB,2-82367-A-10.wav,0.0024,0.0030,0.0187,0.0027,0.0011,0.0272,0.0050,0.0032,0.0326,0.0016
ac_10dB,2-82455-A-23.wav,0.2243,0.0059,0.0034,0.9325,0.0023,0.0034,0.0011,0.0019,0.0115,0.0015
ac_10dB,2-82538-A-21.wav,0.0053,0.0081,0.0314,0.0214,0.9999,0.0265,0.0166,0.0054,0.0207,0.0049
ac_10dB,2-83270-A-13.wav,0.0005,0.0003,0.0053,0.0006,0.0001,0.0029,0.0048,0.0028,0.0368,0.0004
ac_10dB,2-83536-A-27.wav,0.0077,0.0009,0.0262,0.1398,0.0019,0.0117,0.0442,0.0006,0.0029,0.0046
ac_10dB,2-83667-A-34.wav,0.0249,0.0117,0.0171,0.0141,0.0075,0.0146,0.0139,0.0344,0.0398,0.0059
ac_10dB,2-83688-A-34.wav,0.0081,0.0023,0.0122,0.0136,0.0016,0.0163,0.0070,0.0253,0.0340,0.0007
ac_10dB,2-83934-A-5.wav,0.0152,0.0096,0.0074,0.0185,0.0066,0.0137,0.0115,0.0101,0.0343,0.0022
ac_10dB,2-83934-B-5.wav,0.0080,0.0050,0.0447,0.0118,0.0031,0.0171,0.0072,0.0044,0.0577,0.0036
ac_10dB,2-84693-A-49.wav,0.0252,0.0017,0.0173,0.2517,0.0088,0.0184,0.0072,0.0015,0.0206,0.0019
ac_10dB,2-84943-A-18.wav,0.0014,0.0020,0.0126,0.0056,0.0043,0.0124,0.0182,0.0088,0.0247,0.0082
ac_10dB,2-84965-A-23.wav,0.3546,0.0090,0.0058,0.3182,0.0201,0.0211,0.0096,0.0064,0.0316,0.0141
ac_10dB,2-85139-A-13.wav,0.0189,0.0037,0.0092,0.0254,0.0028,0.0076,0.0075,0.0172,0.0285,0.0035
ac_10dB,2-85292-A-24.wav,0.0157,0.6287,0.0170,0.0373,0.1044,0.1573,0.0199,0.0100,0.0564,0.0091
ac_10dB,2-85434-A-27.wav,0.0032,0.0009,0.0053,0.0120,0.0009,0.0102,0.0125,0.0038,0.0339,0.0176
ac_10dB,2-85471-A-34.wav,0.0134,0.0060,0.0193,0.0149,0.0087,0.0225,0.0201,0.0124,0.2154,0.0024
ac_10dB,2-85945-A-18.wav,0.0008,0.0004,0.0084,0.0022,0.0004,0.0057,0.0039,0.0006,0.0157,0.0022
ac_10dB,2-86160-A-27.wav,0.1172,0.0042,0.0304,0.2276,0.0025,0.0199,0.0089,0.0008,0.0111,0.0014
ac_10dB,2-87282-A-34.wav,0.0061,0.0045,0.0080,0.0096,0.0036,0.0164,0.0053,0.0043,0.0329,0.0015
ac_10dB,2-87412-A-24.wav,0.0093,0.9999,0.2823,0.0218,0.0297,0.0462,0.0182,0.0129,0.0529,0.0131
ac_10dB,2-87780-A-33.wav,0.0153,0.0136,0.0293,0.0178,0.0150,0.0263,0.0659,0.0614,0.0795,0.0010
ac_10dB,2-87781-A-10.wav,0.0029,0.0048,0.0105,0.0037,0.0038,0.0370,0.0088,0.0068,0.0418,0.0023
ac_10dB,2-87794-A-24.wav,0.0616,0.1180,0.0088,0.1183,0.0338,0.6799,0.0076,0.0158,0.0230,0.0084
ac_10dB,2-87795-A-24.wav,0.0552,0.6207,0.0228,0.1507,0.0613,0.2708,0.0169,0.0179,0.0603,0.0063
ac_10dB,2-87799-A-24.wav,0.0083,0.9897,0.2274,0.0231,0.1460,0.0471,0.0353,0.0151,0.0107,0.0047
ac_10dB,2-88724-A-38.wav,0.0033,0.0017,0.0109,0.0056,0.0039,0.0060,0.0054,0.0198,0.0816,0.0058
ac_10dB,2-89516-A-37.wav,0.0184,0.0003,0.0192,0.0183,0.0004,0.0050,0.0028,0.0011,0.0104,0.0007
ac_10dB,2-91912-A-33.wav,0.0026,0.0017,0.0055,0.0041,0.0017,0.0061,0.0038,0.0338,0.0171,0.0026
ac_10dB,2-91912-B-33.wav,0.0262,0.0031,0.0095,0.0154,0.0035,0.0095,0.0024,0.0062,0.0447,0.0020
ac_10dB,2-92627-A-27.wav,0.0107,0.0027,0.0113,0.1127,0.0012,0.0111,0.1457,0.0007,0.0070,0.0024
ac_10dB,2-92978-A-29.wav,0.0459,0.0405,0.0064,0.1044,0.0567,0.0180,0.0176,0.0238,0.0608,0.0142
ac_10dB,2-93030-A-21.wav,0.0729,0.2361,0.4129,0.1289,0.7262,0.2275,0.1074,0.0157,0.0515,0.0353
ac_10dB,2-94230-A-27.wav,0.0271,0.0013,0.0065,0.0517,0.0027,0.0032,0.0070,0.0007,0.0199,0.0076
ac_10dB,2-94807-A-29.wav,0.7080,0.0092,0.0057,0.5107,0.0026,0.0215,0.0045,0.0028,0.0091,0.0014
ac_10dB,2-95035-A-1.wav,0.0063,0.0127,0.0180,0.0073,0.0058,0.0166,0.0437,0.0158,0.0333,0.0028
ac_10dB,2-95258-A-1.wav,0.0085,0.0047,0.0152,0.0098,0.0081,0.0137,0.0208,0.0116,0.0847,0.0074
ac_10dB,2-95258-B-1.wav,0.0080,0.0011,0.0875,0.0211,0.0037,0.0088,0.0033,0.0070,0.0229,0.0006
ac_10dB,2-95567-A-23.wav,0.0811,0.0288,0.0102,0.9462,0.0772,0.0265,0.0031,0.0033,0.0142,0.0065
ac_10dB,2-96033-A-13.wav,0.0016,0.0006,0.0041,0.0014,0.0006,0.0078,0.0061,0.0024,0.0157,0.0004
ac_10dB,2-96063-A-37.wav,0.0014,0.0006,0.0087,0.0027,0.0004,0.0022,0.0016,0.0002,0.0070,0.0027
ac_10dB,2-96460-A-1.wav,0.0038,0.0077,0.0147,0.0123,0.0043,0.0104,0.0081,0.0384,0.0619,0.0011
ac_10dB,2-96654-A-47.wav,0.0056,0.0068,0.0065,0.0116,0.0035,0.0106,0.0084,0.0061,0.0766,0.0094
ac_10dB,2-96904-A-27.wav,0.0088,0.0010,0.0108,0.0127,0.0014,0.0099,0.0128,0.0013,0.0349,0.0038
ac_10dB,2-98392-A-23.wav,0.0795,0.0264,0.0154,0.0366,0.0061,0.0168,0.0092,0.0122,0.0996,0.0031
ac_10dB,2-98676-A-24.wav,0.0107,0.9982,0.0077,0.0205,0.0302,0.0216,0.0215,0.0164,0.0137,0.0016
ac_10dB,2-98866-A-47.wav,0.0011,0.0008,0.0071,0.0018,0.0010,0.0126,0.0069,0.0042,0.1583,0.0035
ac_10dB,2-99795-A-32.wav,0.0016,0.0024,0.0021,0.0024,0.0005,0.0054,0.0021,0.0004,0.0325,0.0022
ac_10dB,2-99796-A-32.wav,0.0012,0.0032,0.0051,0.0022,0.0004,0.0072,0.0040,0.0012,0.0413,0.0012
ac_10dB,2-99955-A-7.wav,0.0424,0.0043,0.0121,0.0327,0.0030,0.0072,0.0079,0.0071,0.0402,0.0010
ac_10dB,2-99955-B-7.wav,0.0180,0.0264,0.0058,0.0439,0.0217,0.0249,0.0212,0.0093,0.0391,0.0056
ac_10dB,2-99955-C-7.wav,0.1441,0.0031,0.1701,0.0990,0.0032,0.0091,0.0084,0.0080,0.0986,0.0028
ac_10dB,3-100018-A-18.wav,0.0008,0.0002,0.0157,0.0018,0.0005,0.0070,0.0005,0.0027,0.0080,0.0009
ac_10dB,3-100024-A-27.wav,0.0391,0.0028,0.0180,0.2185,0.0048,0.0656,0.0071,0.0007,0.0333,0.0083
ac_10dB,3-100024-B-27.wav,0.0090,0.0017,0.0097,0.2688,0.0008,0.0236,0.0051,0.0074,0.0301,0.0024
ac_10dB,3-101381-A-33.wav,0.0115,0.0105,0.0106,0.0190,0.0186,0.0316,0.0171,0.0192,0.0250,0.0027
ac_10dB,3-101381-B-33.wav,0.7185,0.0019,0.0059,0.5775,0.0014,0.0125,0.0298,0.0037,0.0487,0.0025
ac_10dB,3-102583-A-49.wav,0.0060,0.0029,0.0447,0.0159,0.0020,0.0061,0.0054,0.1228,0.0321,0.0234
ac_10dB,3-102583-B-49.wav,0.0030,0.0006,0.0292,0.0083,0.0028,0.0085,0.0035,0.0248,0.0762,0.0059
ac_10dB,3-102583-C-49.wav,0.0015,0.0028,0.0138,0.0063,0.0022,0.0142,0.0059,0.0154,0.1311,0.0052
ac_10dB,3-102908-A-4.wav,0.0111,0.0007,0.0083,0.0052,0.0011,0.0058,0.0003,0.0002,0.0076,0.0014
ac_10dB,3-103050-A-19.wav,0.0078,0.0014,0.0027,0.0099,0.0017,0.0031,0.0097,0.0093,0.1015,0.0004
ac_10dB,3-103051-A-19.wav,0.0229,0.0023,0.0051,0.0255,0.0040,0.0070,0.0092,0.0094,0.0294,0.0027
ac_10dB,3-103051-B-19.wav,0.0103,0.0069,0.0059,0.0311,0.0033,0.0101,0.0143,0.0073,0.0384,0.0049
ac_10dB,3-103051-C-19.wav,0.0034,0.0036,0.0199,0.0036,0.0029,0.0072,0.0041,0.0039,0.0298,0.0005
ac_10dB,3-103401-A-33.wav,0.0029,0.0013,0.0612,0.0034,0.0035,0.0077,0.0184,0.0352,0.5015,0.0967
ac_10dB,3-103401-B-33.wav,0.0019,0.0008,0.0287,0.0082,0.0021,0.0082,0.0057,0.0033,0.0365,0.0029
ac_10dB,3-103401-C-33.wav,0.0021,0.0013,0.0141,0.0055,0.0012,0.0121,0.0076,0.0037,0.0423,0.0019
ac_10dB,3-103401-D-33.wav,0.0097,0.0046,0.0079,0.0185,0.0042,0.0167,0.0060,0.0085,0.0345,0.0034
ac_10dB,3-103597-A-25.wav,0.0167,0.0049,0.0113,0.0335,0.0183,0.0256,0.0117,0.0233,0.0876,0.0184
ac_10dB,3-103598-A-25.wav,0.0082,0.0029,0.0056,0.0213,0.0024,0.0226,0.0065,0.0173,0.0371,0.0034
ac_10dB,3-103599-A-25.wav,0.0067,0.0042,0.0036,0.0189,0.0028,0.0155,0.0029,0.0255,0.0324,0.0036
ac_10dB,3-103599-B-25.wav,0.0054,0.0081,0.0059,0.0148,0.0044,0.0273,0.0121,0.0152,0.0550,0.0034
ac_10dB,3-104632-A-12.wav,0.0044,0.0020,0.5083,0.0091,0.0021,0.0186,0.0068,0.0027,0.0187,0.0008
ac_10dB,3-104761-A-7.wav,0.0259,0.0011,0.0049,0.0533,0.0013,0.0037,0.0049,0.0055,0.0252,0.0013
ac_10dB,3-104761-B-7.wav,0.0040,0.0006,0.0084,0.0038,0.0015,0.0026,0.0044,0.0047,0.0995,0.0015
ac_10dB,3-104958-A-12.wav,0.0211,0.0007,0.0019,0.0118,0.0006,0.0196,0.0093,0.0027,0.2245,0.0001
ac_10dB,3-105235-A-7.wav,0.0015,0.0017,0.0679,0.0028,0.0019,0.0231,0.0030,0.0221,0.0146,0.0050
ac_10dB,3-105236-A-7.wav,0.0055,0.0027,0.0069,0.0103,0.0034,0.0078,0.0037,0.0039,0.0419,0.0213
ac_10dB,3-107123-A-26.wav,0.0061,0.0252,0.0792,0.0559,0.0156,0.9414,0.0055,0.0095,0.0432,0.0035
ac_10dB,3-107219-A-1.wav,0.0305,0.0075,0.0307,0.0393,0.0071,0.0180,0.0091,0.0352,0.0344,0.0306
ac_10dB,3-108160-A-23.wav,0.1208,0.0074,0.0055,0.9411,0.0140,0.0082,0.0022,0.0020,0.0290,0.0013
ac_10dB,3-108451-A-17.wav,0.0019,0.0014,0.0045,0.0076,0.0004,0.0072,0.0025,0.0008,0.0096,0.0105
ac_10dB,3-108451-B-17.wav,0.0060,0.0042,0.0030,0.0055,0.0019,0.0089,0.0158,0.0020,0.0164,0.0007
ac_10dB,3-108677-A-18.wav,0.0038,0.0043,0.0157,0.0059,0.0021,0.0145,0.0023,0.0058,0.0273,0.0031
ac_10dB,3-108791-A-18.wav,0.0102,0.0042,0.0204,0.0201,0.0100,0.0216,0.0053,0.0104,0.0180,0.0060
ac_10dB,3-110536-A-26.wav,0.0157,0.0105,0.1350,0.0127,0.0168,0.3873,0.0413,0.0115,0.1068,0.0037
ac_10dB,3-110913-A-7.wav,0.0013,0.0026,0.0891,0.0020,0.0025,0.0086,0.0065,0.0051,0.0544,0.0021
ac_10dB,3-110913-B-7.wav,0.0018,0.0023,0.0268,0.0059,0.0112,0.0122,0.0406,0.0105,0.5060,0.0035
ac_10dB,3-110913-C-7.wav,0.0013,0.0022,0.0566,0.0054,0.0031,0.0072,0.0197,0.0059,0.0297,0.0019
ac_10dB,3-110913-D-7.wav,0.0010,0.0006,0.0799,0.0026,0.0012,0.0040,0.0088,0.0056,0.0120,0.0084
ac_10dB,3-111102-A-46.wav,0.0003,0.0008,0.0053,0.0005,0.0013,0.0019,0.0040,0.0030,0.2627,0.0034
ac_10dB,3-111102-B-46.wav,0.0007,0.0004,0.0071,0.0013,0.0015,0.0033,0.0038,0.0008,0.4691,0.0009
ac_10dB,3-112356-A-18.wav,0.0011,0.0014,0.0091,0.0028,0.0005,0.0057,0.0013,0.0003,0.0114,0.0011
ac_10dB,3-112397-A-9.wav,0.0046,0.0036,0.0042,0.0092,0.0042,0.0027,0.0029,0.0035,0.0301,0.0020
ac_10dB,3-112522-A-27.wav,0.0102,0.0014,0.0110,0.0340,0.0019,0.0120,0.0102,0.0013,0.0267,0.0026
ac_10dB,3-112557-A-23.wav,0.0557,0.0065,0.0235,0.8656,0.1680,0.0042,0.0017,0.0029,0.0430,0.0014
ac_10dB,3-112557-B-23.wav,0.1455,0.0057,0.0090,0.9277,0.0125,0.0205,0.0145,0.0124,0.0273,0.0018
ac_10dB,3-115382-A-44.wav,0.0148,0.0012,0.0066,0.0121,0.0017,0.0043,0.0048,0.0010,0.0464,0.0003
ac_10dB,3-115387-A-47.wav,0.0035,0.0019,0.0136,0.0058,0.0016,0.0053,0.0102,0.0029,0.0311,0.0015
ac_10dB,3-115387-B-47.wav,0.0014,0.0002,0.0034,0.0060,0.0001,0.0005,0.0021,0.0003,0.0142,0.0004
ac_10dB,3-115387-C-47.wav,0.0033,0.0007,0.0108,0.0088,0.0005,0.0035,0.0082,0.0003,0.0187,0.0003
ac_10dB,3-116135-A-1.wav,0.0030,0.0038,0.0070,0.0045,0.0014,0.0126,0.0066,0.0021,0.0661,0.0016
ac_10dB,3-117293-A-9.wav,0.0116,0.0100,0.0270,0.0223,0.0066,0.1046,0.0113,0.0042,0.0346,0.0015
ac_10dB,3-117504-A-16.wav,0.0103,0.0088,0.0113,0.0137,0.0074,0.0197,0.0071,0.0146,0.0633,0.0068
ac_10dB,3-117504-B-16.wav,0.0053,0.0032,0.0150,0.0079,0.0039,0.0133,0.0063,0.0138,0.0321,0.0040
ac_10dB,3-117793-A-37.wav,0.0186,0.0046,0.0110,0.0243,0.0106,0.0173,0.0152,0.0188,0.2479,0.0042
ac_10dB,3-117883-A-37.wav,0.0004,0.0004,0.0164,0.0006,0.0000,0.0026,0.0007,0.0000,0.0071,0.0009
ac_10dB,3-118059-A-18.wav,0.0013,0.0028,0.0057,0.0024,0.0025,0.0051,0.0131,0.0051,0.0081,0.0464
ac_10dB,3-118069-A-27.wav,0.0099,0.0017,0.0099,0.0138,0.0018,0.0335,0.0050,0.0015,0.0108,0.0015
ac_10dB,3-118069-B-27.wav,0.0093,0.0045,0.0115,0.0233,0.0019,0.0158,0.0154,0.0025,0.0188,0.0010
ac_10dB,3-118194-A-33.wav,0.0133,0.0006,0.0204,0.0119,0.0009,0.0126,0.0031,0.0147,0.0362,0.0019
ac_10dB,3-118487-A-26.wav,0.0113,0.0798,0.0503,0.0792,0.0575,0.9477,0.0360,0.0038,0.0680,0.0005
ac_10dB,3-118656-A-41.wav,0.2200,0.0014,0.0362,0.1762,0.0015,0.0092,0.0058,0.0047,0.0456,0.0034
ac_10dB,3-118657-A-41.wav,0.3977,0.0021,0.0070,0.2826,0.0025,0.0050,0.0035,0.0016,0.1272,0.0005
ac_10dB,3-118657-B-41.wav,0.0017,0.0012,0.0078,0.0063,0.0010,0.0063,0.0024,0.0019,0.0235,0.0028
ac_10dB,3-118658-A-41.wav,0.6037,0.0107,0.0200,0.3615,0.0037,0.0026,0.0061,0.0018,0.0410,0.0018
ac_10dB,3-118658-B-41.wav,0.0281,0.0027,0.0045,0.0517,0.0006,0.0031,0.0026,0.0011,0.0573,0.0018
ac_10dB,3-118972-A-41.wav,0.0012,0.0004,0.0056,0.0021,0.0001,0.0027,0.0018,0.0012,0.0141,0.0009
ac_10dB,3-118972-B-41.wav,0.0013,0.0010,0.1794,0.0038,0.0005,0.0093,0.0038,0.0070,0.0154,0.0075
ac_10dB,3-119120-A-48.wav,0.0862,0.0096,0.0061,0.1476,0.0112,0.0165,0.0118,0.0759,0.0423,0.0024
ac_10dB,3-119120-B-48.wav,0.0239,0.0137,0.2897,0.0208,0.0049,0.0146,0.0181,0.0172,0.0939,0.0036
ac_10dB,3-119120-C-48.wav,0.0041,0.0025,0.0036,0.0055,0.0005,0.0087,0.0032,0.0228,0.0384,0.0007
ac_10dB,3-119120-D-48.wav,0.0335,0.0104,0.0067,0.0398,0.0049,0.0126,0.0126,0.0250,0.0218,0.0026
ac_10dB,3-119120-E-48.wav,0.0202,0.0028,0.0071,0.0291,0.0020,0.0084,0.0072,0.0150,0.0301,0.0024
ac_10dB,3-119455-A-44.wav,0.0003,0.0009,0.0110,0.0016,0.0004,0.0040,0.0057,0.0014,0.0193,0.0016
ac_10dB,3-119459-A-26.wav,0.0070,0.0469,0.0329,0.0352,0.0571,0.9215,0.0067,0.0110,0.0372,0.0057
ac_10dB,3-120526-A-37.wav,0.0012,0.0009,0.0067,0.0027,0.0003,0.0017,0.0043,0.0008,0.0178,0.0037
ac_10dB,3-120526-B-37.wav,0.0014,0.0005,0.0029,0.0021,0.0002,0.0012,0.0014,0.0002,0.0172,0.0005
ac_10dB,3-120644-A-12.wav,0.0073,0.0055,0.0071,0.0055,0.0008,0.0132,0.0069,0.0050,0.0395,0.0002
ac_10dB,3-121348-A-9.wav,0.1184,0.0053,0.0071,0.1007,0.0136,0.0082,0.0132,0.0348,0.0843,0.0128
ac_10dB,3-122110-A-46.wav,0.0005,0.0004,0.0089,0.0011,0.0005,0.0034,0.0026,0.0022,0.0181,0.0005
ac_10dB,3-123086-A-28.wav,0.9860,0.0472,0.0067,0.9629,0.0256,0.0178,0.0062,0.0107,0.0479,0.0066
ac_10dB,3-123224-A-19.wav,0.0291,0.0046,0.0054,0.0556,0.0057,0.0100,0.0069,0.0108,0.0391,0.0023
ac_10dB,3-124376-A-3.wav,0.0048,0.0015,0.0849,0.0070,0.0023,0.0243,0.0025,0.0009,0.0256,0.0011
ac_10dB,3-124376-B-3.wav,0.0010,0.0027,0.0169,0.0043,0.0071,0.0188,0.0036,0.0008,0.0104,0.0002
ac_10dB,3-124600-A-19.wav,0.0186,0.0041,0.0099,0.0245,0.0076,0.0187,0.0315,0.0401,0.0443,0.0140
ac_10dB,3-124795-A-28.wav,0.7856,0.0027,0.0346,0.6966,0.0023,0.0180,0.0096,0.0106,0.1197,0.0044
ac_10dB,3-124925-A-9.wav,0.0170,0.0087,0.0045,0.0200,0.0093,0.0274,0.0211,0.0136,0.0398,0.0020
ac_10dB,3-124958-A-28.wav,0.8735,0.0308,0.0055,0.8227,0.0275,0.0293,0.0059,0.0099,0.0288,0.0189
ac_10dB,3-125418-A-24.wav,0.0179,0.9908,0.1339,0.0447,0.1181,0.1972,0.0603,0.0059,0.2045,0.0031
ac_10dB,3-125548-A-32.wav,0.0010,0.0011,0.0098,0.0019,0.0003,0.0106,0.0037,0.0002,0.0314,0.0012
ac_10dB,3-126113-A-26.wav,0.0063,0.0074,0.0140,0.0113,0.0046,0.7017,0.0161,0.0289,0.0680,0.0018
ac_10dB,3-126358-A-3.wav,0.0005,0.0003,0.0342,0.0006,0.0003,0.0004,0.0008,0.0001,0.0076,0.0004
ac_10dB,3-126358-B-3.wav,0.3279,0.0018,0.0273,0.4110,0.0026,0.0061,0.0054,0.0096,0.0124,0.0076
ac_10dB,3-126391-A-27.wav,0.0108,0.0010,0.0340,0.1129,0.0025,0.0106,0.0160,0.0025,0.0162,0.0031
ac_10dB,3-126391-B-27.wav,0.0125,0.0008,0.0137,0.0908,0.0006,0.0087,0.0123,0.0006,0.0182,0.0034
ac_10dB,3-127874-A-17.wav,0.0198,0.0016,0.0109,0.0170,0.0010,0.0081,0.0092,0.0051,0.0129,0.0015
ac_10dB,3-127890-A-9.wav,0.0001,0.0014,0.0027,0.0003,0.0002,0.0004,0.0019,0.0002,0.0208,0.0008
ac_10dB,3-127890-B-9.wav,0.0010,0.0070,0.0020,0.0035,0.0015,0.0009,0.0016,0.0005,0.0259,0.0013
ac_10dB,3-127890-C-9.wav,0.0007,0.0025,0.0035,0.0032,0.0010,0.0013,0.0015,0.0002,0.0293,0.0005
ac_10dB,3-128160-A-44.wav,0.0004,0.0005,0.0137,0.0020,0.0007,0.0105,0.0051,0.0014,0.0325,0.0020
ac_10dB,3-128512-A-47.wav,0.1691,0.0027,0.0051,0.1313,0.0026,0.0083,0.0140,0.0363,0.0548,0.0019
ac_10dB,3-128512-B-47.wav,0.0071,0.0073,0.0055,0.0154,0.0045,0.0109,0.0080,0.0127,0.0644,0.0056
ac_10dB,3-129264-A-9.wav,0.0064,0.0037,0.0095,0.0088,0.0025,0.0135,0.0062,0.0092,0.0901,0.0019
ac_10dB,3-129338-A-13.wav,0.0014,0.0004,0.0070,0.0039,0.0007,0.0043,0.0047,0.0080,0.0240,0.0004
ac_10dB,3-129678-A-13.wav,0.0009,0.0009,0.0114,0.0026,0.0020,0.0063,0.0137,0.0038,0.1355,0.0030
ac_10dB,3-130330-A-22.wav,0.0043,0.0123,0.0116,0.0048,0.0049,0.0188,0.0092,0.0089,0.0211,0.0015
ac_10dB,3-130998-A-28.wav,0.4728,0.0143,0.0042,0.4130,0.0102,0.0281,0.0107,0.0191,0.0481,0.0097
ac_10dB,3-130998-B-28.wav,0.0735,0.0043,0.0093,0.0713,0.0028,0.0174,0.0146,0.0051,0.1480,0.0036
ac_10dB,3-131943-A-37.wav,0.0002,0.0002,0.0263,0.0006,0.0001,0.0024,0.0006,0.0005,0.0417,0.0017
ac_10dB,3-132340-A-37.wav,0.0002,0.0002,0.0093,0.0008,0.0001,0.0017,0.0005,0.0001,0.0524,0.0003
ac_10dB,3-132601-A-24.wav,0.0401,0.9373,0.0100,0.1064,0.0257,0.0616,0.0072,0.0056,0.1187,0.0020
ac_10dB,3-132747-A-26.wav,0.0070,0.0057,0.0082,0.0191,0.0033,0.9684,0.0035,0.0062,0.0199,0.0073
ac_10dB,3-132830-A-32.wav,0.0008,0.0013,0.0043,0.0012,0.0002,0.0093,0.0015,0.0008,0.0322,0.0007
ac_10dB,3-132852-A-10.wav,0.0028,0.0021,0.0130,0.0070,0.0023,0.0166,0.0080,0.0070,0.0285,0.0021
ac_10dB,3-133977-A-29.wav,0.0169,0.0047,0.0122,0.0176,0.0075,0.0191,0.0213,0.0283,0.2272,0.0032
ac_10dB,3-134049-A-1.wav,0.0019,0.0010,0.0167,0.0040,0.0014,0.0054,0.0018,0.0081,0.0107,0.0009
ac_10dB,3-134699-A-16.wav,0.0205,0.0138,0.0091,0.0222,0.0092,0.0196,0.0242,0.0135,0.0381,0.0089
ac_10dB,3-134699-B-16.wav,0.0098,0.0039,0.0088,0.0123,0.0027,0.0118,0.0085,0.0052,0.0646,0.0044
ac_10dB,3-134699-C-16.wav,0.0244,0.0081,0.0093,0.0372,0.0099,0.0120,0.0180,0.0200,0.0506,0.0118
ac_10dB,3-134802-A-13.wav,0.0013,0.0014,0.1700,0.0026,0.0022,0.0065,0.0192,0.0169,0.0043,0.0005
ac_10dB,3-135469-A-35.wav,0.0089,0.0056,0.0086,0.0108,0.0056,0.0123,0.0067,0.0251,0.0517,0.0017
ac_10dB,3-135650-A-45.wav,0.0734,0.0081,0.0297,0.0732,0.0038,0.0134,0.0200,0.0550,0.0549,0.0027
ac_10dB,3-135650-B-45.wav,0.4117,0.0038,0.0346,0.4066,0.0027,0.0098,0.0036,0.0203,0.0422,0.0034
ac_10dB,3-136288-A-0.wav,0.0016,0.0009,0.0163,0.0043,0.0026,0.0193,0.6976,0.0026,0.0768,0.0031
ac_10dB,3-136451-A-45.wav,0.0033,0.0044,0.0410,0.0049,0.0014,0.0292,0.0019,0.0013,0.0345,0.0100
ac_10dB,3-136608-A-16.wav,0.0058,0.0033,0.0080,0.0075,0.0030,0.0186,0.0053,0.0051,0.0992,0.0019
ac_10dB,3-137152-A-1.wav,0.0077,0.0078,0.0024,0.0112,0.0032,0.0176,0.0101,0.0068,0.0201,0.0012
ac_10dB,3-138114-A-22.wav,0.0011,0.0008,0.0654,0.0036,0.0010,0.0377,0.0017,0.0039,0.0038,0.0020
ac_10dB,3-138212-A-45.wav,0.0026,0.0006,0.0154,0.0034,0.0010,0.0080,0.0025,0.0017,0.0464,0.0023
ac_10dB,3-139109-A-46.wav,0.0008,0.0037,0.0108,0.0025,0.0022,0.0119,0.0076,0.0019,0.0406,0.0005
ac_10dB,3-139331-A-27.wav,0.0031,0.0015,0.0067,0.0115,0.0030,0.0075,0.0048,0.0035,0.0538,0.0078
ac_10dB,3-139958-A-37.wav,0.0024,0.0020,0.0058,0.0147,0.0015,0.0081,0.0028,0.0055,0.0311,0.0090
ac_10dB,3-140199-A-8.wav,0.0033,0.0005,0.0158,0.0047,0.0012,0.0049,0.0006,0.0087,0.0101,0.0005
ac_10dB,3-140199-B-8.wav,0.0013,0.0008,0.0696,0.0020,0.0026,0.0163,0.0018,0.0204,0.0178,0.0016
ac_10dB,3-140199-C-8.wav,0.0020,0.0006,0.0223,0.0015,0.0013,0.0069,0.0016,0.0079,0.0383,0.0006
ac_10dB,3-140199-D-8.wav,0.0019,0.0006,0.0237,0.0024,0.0028,0.0074,0.0014,0.0091,0.0434,0.0025
ac_10dB,3-140323-A-29.wav,0.0116,0.0151,0.1014,0.0184,0.0065,0.0133,0.0461,0.0164,0.0490,0.0030
ac_10dB,3-140774-A-10.wav,0.0015,0.0017,0.0795,0.0021,0.0011,0.0119,0.0057,0.0017,0.0162,0.0008
ac_10dB,3-141240-A-44.wav,0.0091,0.0056,0.0052,0.0133,0.0058,0.0120,0.0091,0.0167,0.0461,0.0102
ac_10dB,3-141240-B-44.wav,0.0020,0.0016,0.0095,0.0046,0.0035,0.0054,0.0037,0.0034,0.0262,0.0031
ac_10dB,3-141559-A-45.wav,0.0023,0.0021,0.0130,0.0039,0.0027,0.0146,0.0065,0.0073,0.0966,0.0027
ac_10dB,3-141684-A-21.wav,0.0158,0.1902,0.0779,0.1490,0.9913,0.0163,0.0051,0.0066,0.0147,0.0131
ac_10dB,3-142005-A-10.wav,0.0089,0.0049,0.0063,0.0137,0.0027,0.0319,0.0027,0.0052,0.0461,0.0008
ac_10dB,3-142006-A-10.wav,0.0077,0.0084,0.0074,0.0077,0.0024,0.0298,0.0047,0.0058,0.0758,0.0006
ac_10dB,3-142349-A-17.wav,0.0009,0.0028,0.0222,0.0047,0.0007,0.0058,0.0019,0.0003,0.0067,0.0023
ac_10dB,3-142593-A-38.wav,0.0013,0.0002,0.0032,0.0019,0.0010,0.0092,0.0014,0.0015,0.0117,0.0008
ac_10dB,3-142601-A-21.wav,0.0154,0.0135,0.0668,0.0427,0.8074,0.0116,0.0094,0.0063,0.0264,0.0043
ac_10dB,3-142604-A-24.wav,0.0185,0.9879,0.0078,0.0611,0.8609,0.0636,0.0111,0.0093,0.0161,0.0100
ac_10dB,3-142605-A-21.wav,0.0220,0.1144,0.0123,0.0393,0.9771,0.0315,0.0468,0.0081,0.0520,0.0309
ac_10dB,3-143119-A-21.wav,0.0240,0.5764,0.5804,0.0524,0.9871,0.0205,0.0231,0.0232,0.0539,0.0031
ac_10dB,3-143560-A-47.wav,0.0028,0.0003,0.0271,0.0031,0.0004,0.0014,0.0043,0.0015,0.0353,0.0020
ac_10dB,3-143562-A-47.wav,0.0038,0.0006,0.0076,0.0048,0.0001,0.0049,0.0017,0.0007,0.0035,0.0011
ac_10dB,3-143929-A-10.wav,0.0021,0.0010,0.0074,0.0056,0.0007,0.0081,0.0049,0.0023,0.0173,0.0005
ac_10dB,3-143933-A-38.wav,0.0129,0.0042,0.0115,0.0152,0.0127,0.0121,0.0357,0.0055,0.0269,0.0037
ac_10dB,3-144028-A-0.wav,0.0013,0.0011,0.0094,0.0023,0.0009,0.0039,0.5638,0.0032,0.0540,0.0005
ac_10dB,3-144106-A-32.wav,0.0015,0.0030,0.0067,0.0020,0.0009,0.0083,0.0039,0.0062,0.0216,0.0016
ac_10dB,3-144120-A-32.wav,0.0671,0.0717,0.0033,0.0651,0.0506,0.0086,0.0070,0.0050,0.0179,0.0041
ac_10dB,3-144128-A-23.wav,0.4344,0.0163,0.0050,0.7325,0.0140,0.0106,0.0012,0.0037,0.0122,0.0024
ac_10dB,3-144128-B-23.wav,0.3644,0.0045,0.0104,0.8644,0.0369,0.0033,0.0013,0.0009,0.0196,0.0018
ac_10dB,3-144253-A-29.wav,0.0111,0.1617,0.1671,0.1684,0.1636,0.0156,0.0094,0.0131,0.0313,0.0009
ac_10dB,3-144259-A-29.wav,0.0054,0.0078,0.0081,0.0049,0.0049,0.0066,0.0058,0.0054,0.0534,0.0083
ac_10dB,3-144510-A-30.wav,0.0057,0.0048,0.0043,0.0155,0.0028,0.0066,0.0056,0.0041,0.0135,0.0026
ac_10dB,3-144692-A-21.wav,0.0675,0.0752,0.1212,0.1582,0.9999,0.0240,0.0274,0.0079,0.0421,0.0150
ac_10dB,3-144827-A-11.wav,0.0010,0.0014,0.0208,0.0020,0.0007,0.0278,0.0029,0.0022,0.0921,0.0006
ac_10dB,3-144827-B-11.wav,0.0041,0.0022,0.0098,0.0064,0.0013,0.0181,0.0048,0.0094,0.0393,0.0012
ac_10dB,3-144891-A-19.wav,0.0009,0.0015,0.0050,0.0032,0.0013,0.0031,0.0016,0.0037,0.0049,0.0003
ac_10dB,3-144891-B-19.wav,0.0028,0.0028,0.0039,0.0041,0.0013,0.0148,0.0067,0.0038,0.0021,0.0030
ac_10dB,3-145382-A-1.wav,0.0064,0.0035,0.0195,0.0101,0.0038,0.0167,0.0049,0.0057,0.0379,0.0020
ac_10dB,3-145387-A-29.wav,0.0244,0.0218,0.0045,0.0257,0.0078,0.0134,0.0342,0.0254,0.0487,0.0088
ac_10dB,3-145487-A-24.wav,0.0235,0.1185,0.0630,0.0667,0.0352,0.5552,0.0197,0.0209,0.0732,0.0050
ac_10dB,3-145577-A-43.wav,0.0060,0.0040,0.0102,0.0063,0.0029,0.0213,0.0051,0.0045,0.9308,0.0016
ac_10dB,3-145719-A-17.wav,0.0031,0.0028,0.0037,0.0084,0.0015,0.0098,0.0033,0.0006,0.0269,0.0024
ac_10dB,3-145774-A-12.wav,0.0013,0.0014,0.0025,0.0022,0.0001,0.0061,0.0023,0.0016,0.0238,0.0003
ac_10dB,3-146033-A-13.wav,0.0033,0.0013,0.0117,0.0041,0.0013,0.0037,0.0100,0.0076,0.0207,0.0013
ac_10dB,3-146186-A-44.wav,0.0013,0.0006,0.0085,0.0039,0.0007,0.0070,0.0040,0.0021,0.0498,0.0013
ac_10dB,3-146697-A-43.wav,0.0085,0.0033,0.0077,0.0096,0.0062,0.0098,0.0075,0.0165,0.1378,0.0032
ac_10dB,3-146873-A-24.wav,0.0092,0.9998,0.0034,0.0447,0.0640,0.0154,0.0088,0.0089,0.0212,0.0034
ac_10dB,3-146964-A-5.wav,0.0174,0.0049,0.0319,0.0270,0.0023,0.0321,0.0184,0.0048,0.0175,0.0086
ac_10dB,3-146965-A-5.wav,0.0302,0.0022,0.0201,0.0351,0.0026,0.0079,0.0862,0.0061,0.0315,0.0040
ac_10dB,3-146972-A-5.wav,0.4287,0.0159,0.0096,0.2779,0.0025,0.0177,0.0244,0.0105,0.0255,0.0031
ac_10dB,3-147342-A-34.wav,0.0038,0.0034,0.0078,0.0062,0.0018,0.0225,0.0076,0.0066,0.0661,0.0069
ac_10dB,3-147343-A-34.wav,0.0095,0.0090,0.0157,0.0200,0.0060,0.0101,0.0046,0.0055,0.0266,0.0063
ac_10dB,3-147965-A-12.wav,0.0022,0.0037,0.0045,0.0027,0.0009,0.0071,0.0039,0.0075,0.0150,0.0020
ac_10dB,3-148297-A-37.wav,0.0017,0.0052,0.0029,0.0038,0.0017,0.0070,0.0065,0.0220,0.0098,0.0006
ac_10dB,3-148330-A-21.wav,0.0109,0.0237,0.0223,0.0182,0.9872,0.0336,0.0216,0.0184,0.1649,0.0035
ac_10dB,3-148932-A-34.wav,0.0030,0.0023,0.1076,0.0073,0.0022,0.0130,0.0045,0.0120,0.0218,0.0008
ac_10dB,3-149042-A-24.wav,0.0103,0.2584,0.0231,0.0602,0.0498,0.0225,0.0137,0.0060,0.0359,0.0042
ac_10dB,3-149189-A-1.wav,0.0038,0.0037,0.0089,0.0063,0.0045,0.0130,0.0041,0.0038,0.0286,0.0022
ac_10dB,3-149448-A-17.wav,0.0024,0.0032,0.0130,0.0085,0.0006,0.0228,0.0015,0.0005,0.0249,0.0021
ac_10dB,3-149465-A-22.wav,0.0010,0.0011,0.0416,0.0027,0.0005,0.0332,0.0013,0.0019,0.0180,0.0030
ac_10dB,3-150231-A-21.wav,0.0134,0.0323,0.0155,0.0351,1.0000,0.0493,0.0312,0.0092,0.0480,0.0051
ac_10dB,3-150363-A-38.wav,0.0023,0.0019,0.0109,0.0142,0.0012,0.0048,0.0017,0.0035,0.1727,0.0024
ac_10dB,3-150979-A-40.wav,0.0053,0.0032,0.0078,0.0090,0.0016,0.0273,0.0031,0.0039,0.0677,0.0043
ac_10dB,3-150979-B-40.wav,0.0149,0.0049,0.0116,0.0182,0.0068,0.0196,0.0208,0.0092,0.1307,0.0109
ac_10dB,3-150979-C-40.wav,0.0096,0.0046,0.0105,0.0180,0.0073,0.0109,0.0111,0.0155,0.0277,0.0037
ac_10dB,3-151080-A-20.wav,0.0468,0.0034,0.0289,0.0698,0.0021,0.0516,0.0010,0.0051,0.0233,0.0036
ac_10dB,3-151081-A-20.wav,0.0010,0.0034,0.0232,0.0030,0.0024,0.0707,0.0028,0.0022,0.0198,0.0008
ac_10dB,3-151081-B-20.wav,0.0106,0.0183,0.0483,0.0259,0.0021,0.2036,0.0071,0.0051,0.0098,0.0009
ac_10dB,3-151089-A-30.wav,0.0134,0.0121,0.0575,0.0337,0.0175,0.0174,0.0230,0.0276,0.0443,0.0125
ac_10dB,3-151206-A-23.wav,0.0821,0.0118,0.0044,0.6558,0.1498,0.0106,0.0027,0.0029,0.0481,0.0028
ac_10dB,3-151212-A-24.wav,0.0072,0.9975,0.0189,0.0135,0.0096,0.0162,0.0061,0.0042,0.0709,0.0017
ac_10dB,3-151213-A-24.wav,0.0567,0.9977,0.0619,0.1694,0.1489,0.0440,0.0101,0.0056,0.0215,0.0151
ac_10dB,3-151255-A-28.wav,0.9438,0.0116,0.0217,0.8947,0.0094,0.0169,0.0062,0.0169,0.0507,0.0054
ac_10dB,3-151269-A-35.wav,0.0041,0.0018,0.0112,0.0109,0.0015,0.0137,0.0035,0.0059,0.0717,0.0038
ac_10dB,3-151273-A-35.wav,0.0047,0.0032,0.0164,0.0101,0.0033,0.0118,0.0037,0.0044,0.0372,0.0129
ac_10dB,3-151557-A-28.wav,0.9098,0.0128,0.0078,0.8695,0.0228,0.0103,0.0095,0.0029,0.0314,0.0020
ac_10dB,3-151557-B-28.wav,0.9719,0.0220,0.0085,0.9770,0.0084,0.0242,0.0142,0.0116,0.0317,0.0019
ac_10dB,3-152007-A-20.wav,0.0026,0.0127,0.1979,0.0091,0.0076,0.1879,0.0018,0.0026,0.0335,0.0068
ac_10dB,3-152007-B-20.wav,0.0030,0.0072,0.0789,0.0366,0.0036,0.0951,0.0008,0.0022,0.0168,0.0008
ac_10dB,3-152007-C-20.wav,0.0099,0.0188,0.1225,0.1379,0.2155,0.1193,0.0064,0.0023,0.2262,0.0067
ac_10dB,3-152007-D-20.wav,0.0015,0.0332,0.0942,0.0070,0.0065,0.1732,0.0008,0.0015,0.0266,0.0012
ac_10dB,3-152007-E-20.wav,0.0006,0.0014,0.0723,0.0039,0.0008,0.2048,0.0001,0.0025,0.0113,0.0010
ac_10dB,3-152020-A-36.wav,0.0010,0.0008,0.0064,0.0020,0.0003,0.0047,0.0021,0.0018,0.0471,0.0011
ac_10dB,3-152020-B-36.wav,0.0011,0.0008,0.0136,0.0031,0.0005,0.0059,0.0017,0.0001,0.0104,0.0058
ac_10dB,3-152020-C-36.wav,0.0102,0.0062,0.0136,0.0114,0.0088,0.0302,0.0155,0.0211,0.0652,0.0057
ac_10dB,3-152039-A-3.wav,0.0109,0.0039,0.5501,0.0107,0.0053,0.0427,0.0151,0.0082,0.0502,0.0032
ac_10dB,3-152039-B-3.wav,0.0007,0.0004,0.0314,0.0062,0.0013,0.0025,0.0127,0.0020,0.1446,0.0016
ac_10dB,3-152594-A-30.wav,0.0095,0.0022,0.0077,0.0113,0.0017,0.0182,0.0071,0.0188,0.0572,0.0018
ac_10dB,3-152912-A-26.wav,0.0184,0.0570,0.0535,0.0436,0.0249,0.8495,0.0247,0.0188,0.0322,0.0073
ac_10dB,3-152997-A-26.wav,0.0148,0.0294,0.8711,0.5703,0.2062,0.7457,0.0053,0.0061,0.1090,0.0445
ac_10dB,3-153057-A-43.wav,0.0090,0.0044,0.0100,0.0132,0.0036,0.0289,0.0058,0.0059,0.9018,0.0021
ac_10dB,3-153444-A-32.wav,0.0006,0.0014,0.0021,0.0014,0.0005,0.0085,0.0013,0.0016,0.0360,0.0016
ac_10dB,3-154378-A-30.wav,0.0039,0.0040,0.0091,0.0044,0.0029,0.0223,0.0044,0.0098,0.0618,0.0035
ac_10dB,3-154439-A-17.wav,0.0015,0.0041,0.0041,0.0030,0.0006,0.0425,0.0044,0.0013,0.0083,0.0032
ac_10dB,3-154758-A-44.wav,0.0012,0.0006,0.0186,0.0029,0.0009,0.0063,0.0024,0.0025,0.0529,0.0016
ac_10dB,3-154781-A-32.wav,0.0009,0.0013,0.0015,0.0014,0.0008,0.0080,0.0012,0.0022,0.0665,0.0031
ac_10dB,3-154926-A-40.wav,0.3047,0.0101,0.0037,0.2930,0.0052,0.0212,0.0115,0.0108,0.1588,0.0023
ac_10dB,3-154926-B-40.wav,0.0872,0.0002,0.0041,0.1308,0.0002,0.0012,0.0058,0.0007,0.0059,0.0002
ac_10dB,3-154957-A-1.wav,0.0124,0.0074,0.0033,0.0222,0.0079,0.0112,0.0127,0.0087,0.0648,0.0175
ac_10dB,3-155130-A-43.wav,0.0201,0.0201,0.0183,0.0246,0.0209,0.0305,0.0220,0.0268,0.9902,0.0058
ac_10dB,3-155234-A-43.wav,0.0027,0.0069,0.2285,0.0066,0.0065,0.0253,0.0102,0.0090,0.8872,0.0044
ac_10dB,3-155312-A-0.wav,0.0006,0.0013,0.0085,0.0035,0.0015,0.0031,0.9043,0.0015,0.1297,0.0002
ac_10dB,3-155556-A-31.wav,0.0060,0.0034,0.0107,0.0068,0.0035,0.0204,0.0118,0.0099,0.2251,0.0045
ac_10dB,3-155568-A-32.wav,0.0031,0.0011,0.0032,0.0065,0.0019,0.0069,0.0023,0.0008,0.0342,0.0016
ac_10dB,3-155570-A-32.wav,0.0033,0.0028,0.0024,0.0037,0.0005,0.0090,0.0059,0.0031,0.0383,0.0008
ac_10dB,3-155577-A-14.wav,0.0129,0.0116,0.0185,0.0167,0.0044,0.0180,0.0099,0.0044,0.0736,0.0100
ac_10dB,3-155578-A-14.wav,0.0026,0.0047,0.0353,0.0052,0.0020,0.0712,0.0087,0.0017,0.0246,0.0034
ac_10dB,3-155579-A-14.wav,0.0096,0.0043,0.0054,0.0084,0.0024,0.0169,0.0048,0.0017,0.0441,0.0011
ac_10dB,3-155583-A-14.wav,0.0118,0.0208,0.0146,0.0187,0.0101,0.0387,0.0141,0.0064,0.0926,0.0093
ac_10dB,3-155584-A-14.wav,0.0055,0.0075,0.0201,0.0085,0.0037,0.0230,0.0112,0.0058,0.0319,0.0039
ac_10dB,3-155642-A-11.wav,0.0030,0.0016,0.0065,0.0045,0.0011,0.0075,0.0074,0.0041,0.0102,0.0005
ac_10dB,3-155642-B-11.wav,0.0016,0.0015,0.0136,0.0022,0.0011,0.0142,0.0049,0.0037,0.0125,0.0007
ac_10dB,3-155659-A-34.wav,0.0135,0.0039,0.0077,0.0268,0.0160,0.0205,0.0043,0.0094,0.0467,0.0062
ac_10dB,3-155766-A-13.wav,0.0073,0.0033,0.0054,0.0118,0.0042,0.0103,0.0097,0.0057,0.0093,0.0005
ac_10dB,3-156391-A-35.wav,0.0138,0.0073,0.0073,0.0150,0.0066,0.0172,0.0266,0.0103,0.0553,0.0053
ac_10dB,3-156393-A-35.wav,0.0062,0.0025,0.0056,0.0059,0.0019,0.0116,0.0058,0.0057,0.0710,0.0017
ac_10dB,3-156558-A-21.wav,0.0250,0.2823,0.5336,0.0594,0.3444,0.1904,0.0118,0.0099,0.0291,0.0085
ac_10dB,3-156581-A-14.wav,0.0037,0.0020,0.0073,0.0081,0.0017,0.0175,0.0040,0.0064,0.0431,0.0054
ac_10dB,3-156581-B-14.wav,0.0058,0.0022,0.0037,0.0197,0.0041,0.0062,0.0050,0.0057,0.0298,0.0191
ac_10dB,3-156907-A-15.wav,0.0150,0.0312,0.4763,0.0247,0.0127,0.0970,0.0585,0.0209,0.0698,0.0036
ac_10dB,3-157149-A-10.wav,0.0118,0.0066,0.0055,0.0123,0.0041,0.0515,0.0045,0.0082,0.0482,0.0017
ac_10dB,3-157187-A-12.wav,0.0089,0.0089,0.0078,0.0155,0.0045,0.0086,0.0043,0.0092,0.0165,0.0038
ac_10dB,3-157487-A-10.wav,0.0016,0.0023,0.0104,0.0031,0.0016,0.0194,0.0059,0.0047,0.0521,0.0009
ac_10dB,3-157492-A-45.wav,0.0032,0.0028,0.0092,0.0034,0.0047,0.0047,0.0028,0.0047,0.0460,0.0013
ac_10dB,3-157615-A-10.wav,0.0073,0.0044,0.0051,0.0085,0.0055,0.0396,0.0035,0.0039,0.0577,0.0055
ac_10dB,3-157695-A-0.wav,0.0005,0.0009,0.0141,0.0024,0.0019,0.0041,0.8030,0.0003,0.0460,0.0007
ac_10dB,3-158056-A-31.wav,0.0066,0.0018,0.0025,0.0090,0.0013,0.0047,0.0068,0.0045,0.0158,0.0019
ac_10dB,3-158056-B-31.wav,0.0064,0.0013,0.0042,0.0113,0.0007,0.0055,0.0046,0.0032,0.0415,0.0016
ac_10dB,3-158476-A-12.wav,0.0031,0.0023,0.0036,0.0042,0.0013,0.0058,0.0034,0.0026,0.0346,0.0005
ac_10dB,3-159346-A-36.wav,0.0039,0.0037,0.0135,0.0083,0.0019,0.0162,0.0047,0.0042,0.0815,0.0061
ac_10dB,3-159346-B-36.wav,0.0057,0.0019,0.0137,0.0096,0.0020,0.0071,0.0066,0.0025,0.1084,0.0064
ac_10dB,3-159347-A-36.wav,0.0067,0.0012,0.0359,0.0123,0.0016,0.0055,0.0039,0.0013,0.0752,0.0063
ac_10dB,3-159347-B-36.wav,0.0046,0.0015,0.0052,0.0108,0.0025,0.0138,0.0034,0.0088,0.0460,0.0042
ac_10dB,3-159348-A-36.wav,0.0067,0.0014,0.0056,0.0113,0.0009,0.0041,0.0021,0.0043,0.0727,0.0042
ac_10dB,3-159445-A-45.wav,0.0233,0.0065,0.0236,0.0388,0.0051,0.0224,0.0070,0.0066,0.1198,0.0011
ac_10dB,3-159445-B-45.wav,0.0028,0.0013,0.0040,0.0060,0.0030,0.0046,0.0029,0.0012,0.0430,0.0030
ac_10dB,3-160119-A-15.wav,0.0405,0.0104,0.0054,0.0466,0.0059,0.0207,0.0158,0.0066,0.0764,0.0053
ac_10dB,3-160993-A-3.wav,0.0009,0.0001,0.0170,0.0020,0.0001,0.0020,0.0023,0.0002,0.1675,0.0003
ac_10dB,3-161010-A-43.wav,0.0372,0.0021,0.0055,0.0497,0.0046,0.0192,0.0094,0.0094,0.4001,0.0058
ac_10dB,3-161500-A-17.wav,0.0049,0.0059,0.0151,0.0051,0.0018,0.0216,0.0092,0.0022,0.0136,0.0020
ac_10dB,3-162786-A-13.wav,0.0005,0.0007,0.0112,0.0013,0.0005,0.0058,0.0070,0.0024,0.0224,0.0013
ac_10dB,3-163288-A-1.wav,0.0040,0.0023,0.0077,0.0140,0.0013,0.0118,0.0070,0.0022,0.0537,0.0022
ac_10dB,3-163459-A-0.wav,0.0141,0.0123,0.0141,0.0197,0.0130,0.0203,0.6004,0.0136,0.0399,0.0076
ac_10dB,3-163607-A-13.wav,0.0160,0.0043,0.0141,0.0180,0.0065,0.0180,0.0103,0.0201,0.3288,0.0039
ac_10dB,3-163607-B-13.wav,0.0157,0.0035,0.0066,0.0132,0.0055,0.0114,0.0088,0.0106,0.1701,0.0052
ac_10dB,3-163727-A-3.wav,0.0067,0.0021,0.0469,0.0120,0.0024,0.0085,0.0134,0.0164,0.0158,0.0005
ac_10dB,3-164120-A-11.wav,0.0034,0.0020,0.0084,0.0124,0.0021,0.0177,0.0036,0.0037,0.0496,0.0007
ac_10dB,3-164216-A-6.wav,0.0003,0.0022,0.0081,0.0016,0.0006,0.0247,0.0018,0.0003,0.4481,0.0002
ac_10dB,3-164216-B-6.wav,0.0006,0.0035,0.0311,0.0012,0.0012,0.0053,0.0270,0.0012,0.0088,0.0006
ac_10dB,3-164216-C-6.wav,0.0003,0.0029,0.0141,0.0014,0.0003,0.0114,0.0010,0.0004,0.0029,0.0001
ac_10dB,3-164592-A-15.wav,0.0063,0.0048,0.0063,0.0062,0.0032,0.0188,0.0051,0.0056,0.1380,0.0040
ac_10dB,3-164593-A-15.wav,0.0040,0.0110,0.0046,0.0120,0.0029,0.0059,0.0036,0.0030,0.0166,0.0029
ac_10dB,3-164594-A-15.wav,0.0103,0.0068,0.0084,0.0161,0.0134,0.0280,0.0068,0.0262,0.0447,0.0087
ac_10dB,3-164595-A-15.wav,0.0281,0.0111,0.0171,0.0286,0.0158,0.0276,0.0348,0.0573,0.0287,0.0036
ac_10dB,3-164630-A-11.wav,0.0014,0.0023,0.0057,0.0069,0.0017,0.0173,0.0045,0.0012,0.0291,0.0015
ac_10dB,3-164688-A-38.wav,0.0042,0.0013,0.0081,0.0067,0.0034,0.0044,0.0041,0.0092,0.1214,0.0055
ac_10dB,3-165856-A-41.wav,0.1051,0.0020,0.0313,0.0698,0.0028,0.0053,0.0081,0.0035,0.2339,0.0086
ac_10dB,3-166125-A-23.wav,0.1207,0.0182,0.0079,0.2971,0.1133,0.0254,0.0066,0.0035,0.0455,0.0061
ac_10dB,3-166125-B-23.wav,0.2732,0.0134,0.0099,0.6442,0.1146,0.0093,0.0041,0.0137,0.0506,0.0164
ac_10dB,3-166324-A-15.wav,0.0102,0.0434,0.0759,0.0262,0.0311,0.0155,0.0194,0.0356,0.0669,0.0063
ac_10dB,3-166326-A-15.wav,0.0007,0.0022,0.0045,0.0016,0.0009,0.0154,0.0102,0.0012,0.1205,0.0037
ac_10dB,3-166422-A-11.wav,0.0027,0.0018,0.0097,0.0038,0.0009,0.0293,0.0029,0.0071,0.0138,0.0011
ac_10dB,3-166546-A-34.wav,0.0100,0.0088,0.0055,0.0118,0.0116,0.0116,0.0058,0.0062,0.0404,0.0040
ac_10dB,3-166546-B-34.wav,0.0171,0.1132,0.0953,0.0413,0.0514,0.1102,0.0219,0.0180,0.0165,0.0099
ac_10dB,3-167096-A-31.wav,0.0597,0.0053,0.0172,0.0336,0.0086,0.0119,0.0088,0.0090,0.0297,0.0016
ac_10dB,3-169907-A-29.wav,0.0046,0.0047,0.0021,0.0049,0.0065,0.0050,0.0018,0.0013,0.0116,0.0008
ac_10dB,3-170002-A-34.wav,0.0285,0.0162,0.0055,0.0386,0.0127,0.0190,0.0123,0.0076,0.0259,0.0110
ac_10dB,3-170015-A-0.wav,0.0059,0.0029,0.0192,0.0081,0.0022,0.0156,0.6065,0.0034,0.0292,0.0068
ac_10dB,3-170312-A-31.wav,0.0072,0.0028,0.0027,0.0108,0.0037,0.0168,0.0055,0.0102,0.0908,0.0033
ac_10dB,3-170377-A-38.wav,0.0041,0.0098,0.5534,0.0087,0.0220,0.0480,0.0130,0.0213,0.0390,0.0027
ac_10dB,3-170383-A-38.wav,0.0023,0.0027,0.0094,0.0036,0.0035,0.0061,0.0027,0.0112,0.1111,0.0042
ac_10dB,3-170574-A-30.wav,0.0044,0.0049,0.0049,0.0165,0.0024,0.0077,0.0074,0.0150,0.0179,0.0017
ac_10dB,3-170851-A-31.wav,0.0066,0.0058,0.0033,0.0082,0.0057,0.0066,0.0078,0.0021,0.0508,0.0019
ac_10dB,3-171012-A-38.wav,0.0093,0.0346,0.0691,0.0312,0.0363,0.0438,0.0141,0.0152,0.0261,0.0056
ac_10dB,3-171041-A-38.wav,0.0015,0.0007,0.0050,0.0024,0.0030,0.0037,0.0043,0.0037,0.0304,0.0073
ac_10dB,3-171281-A-6.wav,0.0015,0.0008,0.0102,0.0064,0.0006,0.0324,0.0051,0.0005,0.0240,0.0003
ac_10dB,3-171937-A-34.wav,0.0224,0.0075,0.0059,0.0218,0.0040,0.0132,0.0159,0.0118,0.0359,0.0019
ac_10dB,3-172179-A-31.wav,0.0032,0.0054,0.0014,0.0077,0.0017,0.0032,0.0061,0.0016,0.0079,0.0027
ac_10dB,3-172881-A-48.wav,0.0010,0.0024,0.0044,0.0049,0.0014,0.0086,0.0058,0.0216,0.0153,0.0023
ac_10dB,3-172922-A-48.wav,0.0033,0.0037,0.0131,0.0050,0.0013,0.0028,0.0057,0.0086,0.0258,0.0015
ac_10dB,3-174840-A-43.wav,0.0058,0.0042,0.0122,0.0057,0.0035,0.0274,0.0054,0.0077,0.9098,0.0027
ac_10dB,3-174866-A-29.wav,0.0299,0.0254,0.0049,0.0396,0.0086,0.0153,0.0086,0.0239,0.0726,0.0064
ac_10dB,3-177082-A-22.wav,0.0013,0.0017,0.0287,0.0031,0.0011,0.0242,0.0016,0.0028,0.0200,0.0023
ac_10dB,3-177083-A-22.wav,0.0039,0.0040,0.0299,0.0055,0.0034,0.0297,0.0090,0.0174,0.0133,0.0026
ac_10dB,3-178096-A-6.wav,0.0017,0.0067,0.0109,0.0063,0.0027,0.0149,0.0752,0.0012,0.0058,0.0022
ac_10dB,3-180147-A-30.wav,0.0097,0.0019,0.0064,0.0081,0.0008,0.0109,0.0039,0.2047,0.0084,0.0027
ac_10dB,3-180256-A-0.wav,0.0015,0.0054,0.0167,0.0049,0.0045,0.0156,0.7789,0.0027,0.0238,0.0005
ac_10dB,3-180977-A-0.wav,0.0071,0.0195,0.0072,0.0198,0.0121,0.0029,0.7876,0.0006,0.0313,0.0007
ac_10dB,3-181132-A-14.wav,0.0099,0.0105,0.0176,0.0118,0.0057,0.0132,0.0166,0.0132,0.1597,0.0052
ac_10dB,3-181278-A-22.wav,0.4405,0.0019,0.2825,0.3433,0.0017,0.0257,0.0031,0.0099,0.0124,0.0031
ac_10dB,3-182023-A-30.wav,0.0060,0.0040,0.0072,0.0144,0.0018,0.0194,0.0039,0.0382,0.0560,0.0008
ac_10dB,3-182025-A-30.wav,0.0110,0.0086,0.0049,0.0278,0.0050,0.0101,0.0052,0.0574,0.0139,0.0042
ac_10dB,3-182710-A-35.wav,0.0086,0.0057,0.0186,0.0131,0.0061,0.0203,0.0134,0.0421,0.0693,0.0031
ac_10dB,3-182710-B-35.wav,0.0200,0.0255,0.0135,0.0348,0.0110,0.0255,0.0384,0.0367,0.0601,0.0105
ac_10dB,3-185313-A-31.wav,0.0902,0.0052,0.0096,0.1029,0.0175,0.0233,0.0078,0.0019,0.0348,0.0014
ac_10dB,3-185456-A-29.wav,0.0353,0.0186,0.0033,0.0273,0.0101,0.0040,0.0028,0.0007,0.0100,0.0003
ac_10dB,3-187549-A-6.wav,0.0003,0.0046,0.0085,0.0013,0.0007,0.0018,0.0036,0.0004,0.0262,0.0009
ac_10dB,3-187549-B-6.wav,0.0029,0.0185,0.0120,0.0054,0.0008,0.0105,0.0081,0.0014,0.0232,0.0007
ac_10dB,3-187710-A-11.wav,0.0079,0.0085,0.0214,0.0176,0.0039,0.0169,0.0117,0.0215,0.0293,0.0102
ac_10dB,3-188390-A-6.wav,0.0056,0.0068,0.4159,0.0085,0.0081,0.0308,0.0075,0.0131,0.0637,0.0021
ac_10dB,3-188726-A-35.wav,0.0027,0.0012,0.0105,0.0042,0.0020,0.0067,0.0043,0.0040,0.0646,0.0015
ac_10dB,3-193767-A-47.wav,0.0036,0.0040,0.0098,0.0141,0.0036,0.0138,0.0170,0.0031,0.0497,0.0026
ac_10dB,3-197408-A-8.wav,0.0008,0.0002,0.0132,0.0016,0.0015,0.0068,0.0009,0.0023,0.0094,0.0013
ac_10dB,3-197408-B-8.wav,0.0010,0.0003,0.0320,0.0015,0.0010,0.0057,0.0005,0.0047,0.0108,0.0005
ac_10dB,3-197408-C-8.wav,0.0105,0.0015,0.0625,0.0097,0.0018,0.0079,0.0081,0.0030,0.0463,0.0018
ac_10dB,3-197435-A-22.wav,0.0013,0.0016,0.0066,0.0015,0.0021,0.0110,0.0039,0.0084,0.0134,0.0007
ac_10dB,3-197435-B-22.wav,0.0088,0.0016,0.0061,0.0059,0.0014,0.0133,0.0038,0.0033,0.0194,0.0007
ac_10dB,3-203371-A-39.wav,0.0092,0.0037,0.0148,0.0119,0.0036,0.0171,0.0069,0.0044,0.0504,0.0481
ac_10dB,3-203373-A-39.wav,0.0225,0.0128,0.0119,0.0359,0.0155,0.0136,0.0250,0.0173,0.0333,0.9921
ac_10dB,3-203374-A-39.wav,0.0075,0.0026,0.0171,0.0072,0.0015,0.0092,0.0039,0.0064,0.0701,0.9363
ac_10dB,3-203375-A-39.wav,0.0078,0.0037,0.0126,0.0090,0.0032,0.0245,0.0071,0.0054,0.0702,0.9948
ac_10dB,3-203377-A-39.wav,0.0135,0.0121,0.0064,0.0319,0.0072,0.0160,0.0079,0.0095,0.0266,0.8105
ac_10dB,3-20861-A-8.wav,0.0022,0.0002,0.0206,0.0023,0.0018,0.0107,0.0036,0.0056,0.0081,0.0004
ac_10dB,3-208820-A-49.wav,0.0064,0.0015,0.0269,0.0110,0.0021,0.0249,0.0095,0.0030,0.0180,0.0042
ac_10dB,3-216280-A-39.wav,0.0152,0.0129,0.0214,0.0191,0.0246,0.0321,0.0242,0.0166,0.0908,0.6295
ac_10dB,3-216281-A-39.wav,0.0044,0.0017,0.0616,0.0095,0.0030,0.0151,0.0035,0.0199,0.0310,0.0243
ac_10dB,3-216284-A-39.wav,0.0080,0.0090,0.0053,0.0160,0.0039,0.0179,0.0134,0.0082,0.0455,0.6442
ac_10dB,3-233151-A-2.wav,0.0116,0.1043,0.0362,0.0213,0.0166,0.0695,0.0043,0.0072,0.0276,0.0127
ac_10dB,3-243726-A-43.wav,0.0021,0.0034,0.0223,0.0028,0.0019,0.0106,0.0062,0.0030,0.8141,0.0022
ac_10dB,3-246513-A-16.wav,0.0080,0.0019,0.1424,0.0201,0.0038,0.0286,0.0365,0.0119,0.0973,0.0041
ac_10dB,3-246513-B-16.wav,0.0143,0.0043,0.0074,0.0227,0.0030,0.0094,0.0214,0.0058,0.0362,0.0043
ac_10dB,3-249913-A-25.wav,0.0180,0.0137,0.0045,0.0201,0.0048,0.0122,0.0147,0.0256,0.0433,0.0050
ac_10dB,3-251617-A-48.wav,0.0140,0.0054,0.0049,0.0172,0.0036,0.0195,0.0054,0.0400,0.0428,0.0064
ac_10dB,3-253081-A-2.wav,0.0006,0.1690,0.0108,0.0023,0.0062,0.0626,0.0480,0.4145,0.0106,0.0013
ac_10dB,3-253084-A-2.wav,0.0230,0.0178,0.0803,0.0622,0.0457,0.0087,0.0050,0.0015,0.0335,0.0021
ac_10dB,3-253084-B-2.wav,0.0365,0.0053,0.2655,0.0342,0.0060,0.0099,0.0062,0.0017,0.0091,0.0009
ac_10dB,3-253084-C-2.wav,0.0061,0.0056,0.0847,0.0066,0.0008,0.0054,0.0067,0.0040,0.0230,0.0013
ac_10dB,3-253084-D-2.wav,0.6120,0.1511,0.0344,0.5233,0.0214,0.0624,0.0104,0.0045,0.0329,0.0013
ac_10dB,3-253084-E-2.wav,0.0429,0.0053,0.0370,0.0443,0.0032,0.0046,0.0026,0.0042,0.0158,0.0008
ac_10dB,3-257858-A-2.wav,0.0037,0.0013,0.0043,0.0042,0.0008,0.0037,0.0052,0.0025,0.0285,0.0015
ac_10dB,3-259622-A-44.wav,0.0007,0.0007,0.0158,0.0038,0.0009,0.0064,0.0040,0.0011,0.0294,0.0023
ac_10dB,3-51376-A-42.wav,0.0003,0.0001,0.0076,0.0016,0.0003,0.0077,0.0019,0.0020,0.0486,0.0001
ac_10dB,3-51731-A-42.wav,0.0031,0.0006,0.0105,0.0026,0.0019,0.0081,0.0041,0.0039,0.1896,0.0010
ac_10dB,3-51731-B-42.wav,0.0007,0.0002,0.0143,0.0010,0.0010,0.0020,0.0019,0.0067,0.2665,0.0011
ac_10dB,3-51909-A-42.wav,0.0011,0.0008,0.0251,0.0031,0.0005,0.0034,0.0014,0.0024,0.4199,0.0004
ac_10dB,3-51909-B-42.wav,0.0001,0.0002,0.0160,0.0016,0.0001,0.0034,0.0021,0.0016,0.2679,0.0010
ac_10dB,3-58772-A-42.wav,0.0004,0.0006,0.0181,0.0015,0.0005,0.0040,0.0011,0.0011,0.0395,0.0004
ac_10dB,3-62878-A-42.wav,0.0008,0.0004,0.0112,0.0011,0.0004,0.0178,0.0008,0.0005,0.1211,0.0002
ac_10dB,3-62878-B-42.wav,0.0209,0.0053,0.0094,0.0262,0.0032,0.0174,0.0243,0.0056,0.0436,0.0056
ac_10dB,3-65748-A-12.wav,0.0034,0.0038,0.0110,0.0027,0.0005,0.0104,0.0031,0.0022,0.0308,0.0003
ac_10dB,3-68630-A-40.wav,0.0039,0.0006,0.0052,0.0059,0.0010,0.0139,0.0035,0.0006,0.0675,0.0015
ac_10dB,3-68630-B-40.wav,0.0013,0.0006,0.0056,0.0016,0.0007,0.0109,0.0033,0.0019,0.0741,0.0029
ac_10dB,3-68630-C-40.wav,0.0030,0.0009,0.0114,0.0019,0.0012,0.0072,0.0039,0.0022,0.0809,0.0014
ac_10dB,3-70962-A-4.wav,0.0109,0.0019,0.1071,0.0149,0.0018,0.0104,0.0191,0.0023,0.0091,0.0035
ac_10dB,3-70962-B-4.wav,0.0036,0.0030,0.0280,0.0058,0.0076,0.0188,0.0023,0.0006,0.0218,0.0007
ac_10dB,3-70962-C-4.wav,0.0020,0.0005,0.0080,0.0031,0.0009,0.0048,0.0089,0.0090,0.0105,0.0017
ac_10dB,3-71964-A-4.wav,0.0007,0.0003,0.0064,0.0009,0.0007,0.0023,0.0011,0.0009,0.0108,0.0007
ac_10dB,3-71964-B-4.wav,0.0003,0.0001,0.0995,0.0009,0.0001,0.0020,0.0006,0.0005,0.0036,0.0002
ac_10dB,3-71964-C-4.wav,0.0001,0.0000,0.0087,0.0003,0.0001,0.0017,0.0006,0.0003,0.0110,0.0005
ac_10dB,3-83527-A-4.wav,0.0034,0.0019,0.0081,0.0078,0.0038,0.0119,0.0173,0.0067,0.0706,0.0013
ac_10dB,3-87936-A-46.wav,0.0007,0.0011,0.0105,0.0017,0.0008,0.0031,0.0021,0.0007,0.1085,0.0004
ac_10dB,3-87936-B-46.wav,0.0063,0.0009,0.0062,0.0098,0.0044,0.0173,0.0058,0.0043,0.1788,0.0066
ac_10dB,3-92637-A-18.wav,0.0019,0.0004,0.0582,0.0033,0.0013,0.0103,0.0022,0.0039,0.3184,0.0036
ac_10dB,3-93010-A-18.wav,0.0029,0.0053,0.0183,0.0116,0.0021,0.0090,0.0017,0.0011,0.0268,0.0252
ac_10dB,3-94342-A-25.wav,0.0050,0.0027,0.0080,0.0103,0.0018,0.0079,0.0082,0.0130,0.0291,0.0018
ac_10dB,3-94343-A-25.wav,0.0037,0.0041,0.0034,0.0045,0.0011,0.0063,0.0097,0.0188,0.0117,0.0025
ac_10dB,3-94344-A-25.wav,0.0060,0.0061,0.0059,0.0086,0.0028,0.0180,0.0108,0.0323,0.0151,0.0080
ac_10dB,3-94355-A-33.wav,0.0200,0.0044,0.0260,0.0184,0.0023,0.0663,0.0054,0.0060,0.0292,0.0081
ac_10dB,3-95694-A-5.wav,0.0089,0.0057,0.0245,0.0175,0.0039,0.0168,0.0062,0.0150,0.0118,0.0103
ac_10dB,3-95695-A-5.wav,0.0061,0.0065,0.6128,0.0066,0.0142,0.0483,0.0117,0.0711,0.1116,0.0014
ac_10dB,3-95695-B-5.wav,0.0122,0.0158,0.0288,0.0151,0.0114,0.0474,0.0484,0.0109,0.0580,0.0029
ac_10dB,3-95697-A-5.wav,0.0186,0.0092,0.0107,0.0441,0.0072,0.0152,0.0086,0.0084,0.0385,0.0102
ac_10dB,3-95698-A-5.wav,0.0025,0.0033,0.0136,0.0039,0.0018,0.0137,0.0030,0.0043,0.0317,0.0031
ac_10dB,3-96606-A-49.wav,0.0007,0.0005,0.0072,0.0035,0.0010,0.0094,0.0022,0.0010,0.0124,0.0013
ac_10dB,3-96606-B-49.wav,0.0009,0.0005,0.0116,0.0046,0.0014,0.0184,0.0062,0.0021,0.0311,0.0010
ac_10dB,3-97909-A-49.wav,0.0003,0.0000,0.0453,0.0359,0.0001,0.0038,0.0001,0.0000,0.0016,0.0006
ac_10dB,3-97909-B-49.wav,0.0022,0.0010,0.2175,0.0391,0.0024,0.0119,0.0046,0.0029,0.0116,0.0186
ac_10dB,3-98193-A-46.wav,0.0001,0.0001,0.0049,0.0003,0.0001,0.0008,0.0004,0.0005,0.0330,0.0005
ac_10dB,3-98771-A-18.wav,0.0046,0.0036,0.0065,0.0069,0.0024,0.0098,0.0010,0.0008,0.0085,0.0021
ac_10dB,3-98869-A-46.wav,0.0003,0.0002,0.0085,0.0007,0.0002,0.0030,0.0014,0.0009,0.0233,0.0002
ac_10dB,4-102844-A-49.wav,0.0023,0.0003,0.0073,0.0132,0.0004,0.0015,0.0001,0.0001,0.0082,0.0001
ac_10dB,4-102844-B-49.wav,0.0033,0.0002,0.0559,0.0113,0.0002,0.0156,0.0005,0.0007,0.0125,0.0001
ac_10dB,4-102844-C-49.wav,0.0032,0.0006,0.0129,0.0122,0.0006,0.0070,0.0010,0.0007,0.0062,0.0003
ac_10dB,4-102871-A-42.wav,0.0010,0.0001,0.0176,0.0010,0.0004,0.0064,0.0015,0.0011,0.3828,0.0003
ac_10dB,4-107117-A-33.wav,0.0249,0.0018,0.0141,0.0229,0.0014,0.0102,0.0103,0.0098,0.0604,0.0051
ac_10dB,4-107120-A-33.wav,0.0171,0.0020,0.0132,0.0323,0.0078,0.0096,0.0039,0.0105,0.0478,0.0040
ac_10dB,4-107122-A-33.wav,0.0022,0.0005,0.0143,0.0043,0.0008,0.0209,0.0016,0.0045,0.0135,0.0021
ac_10dB,4-108352-A-33.wav,0.0016,0.0008,0.0034,0.0018,0.0011,0.0026,0.0021,0.0258,0.0320,0.0002
ac_10dB,4-111671-A-42.wav,0.0007,0.0009,0.0078,0.0017,0.0017,0.0076,0.0020,0.0020,0.0392,0.0004
ac_10dB,4-111671-B-42.wav,0.0003,0.0005,0.0068,0.0006,0.0003,0.0056,0.0011,0.0002,0.0340,0.0004
ac_10dB,4-117627-A-25.wav,0.0092,0.0079,0.0027,0.0126,0.0032,0.0433,0.0066,0.0241,0.0415,0.0166
ac_10dB,4-117630-A-25.wav,0.0519,0.0061,0.0184,0.0704,0.0044,0.0103,0.0051,0.0159,0.0201,0.0046
ac_10dB,4-119647-A-48.wav,0.0141,0.0050,0.0077,0.0117,0.0052,0.0300,0.0073,0.0165,0.0570,0.0053
ac_10dB,4-119647-B-48.wav,0.2905,0.0134,0.0120,0.1914,0.0107,0.0164,0.0342,0.0735,0.0281,0.0031
ac_10dB,4-119647-C-48.wav,0.0099,0.0024,0.0120,0.0087,0.0030,0.0085,0.0234,0.0562,0.0627,0.0054
ac_10dB,4-119647-D-48.wav,0.0041,0.0015,0.0102,0.0067,0.0007,0.0056,0.0119,0.0060,0.0178,0.0003
ac_10dB,4-119648-A-48.wav,0.0042,0.0045,0.0026,0.0074,0.0013,0.0037,0.0053,0.0150,0.0094,0.0027
ac_10dB,4-119648-B-48.wav,0.0027,0.0024,0.0027,0.0059,0.0008,0.0048,0.0045,0.0114,0.0134,0.0014
ac_10dB,4-119648-C-48.wav,0.0163,0.0065,0.0038,0.0187,0.0018,0.0060,0.0110,0.0237,0.0205,0.0073
ac_10dB,4-119648-D-48.wav,0.0056,0.0020,0.0522,0.0096,0.0014,0.0087,0.0088,0.0252,0.0161,0.0012
ac_10dB,4-119720-A-18.wav,0.0013,0.0002,0.0155,0.0029,0.0009,0.0058,0.0023,0.0019,0.0153,0.0010
ac_10dB,4-120160-A-5.wav,0.0078,0.0084,0.0063,0.0192,0.0039,0.0182,0.0055,0.0043,0.0290,0.0056
ac_10dB,4-121532-A-42.wav,0.0009,0.0007,0.0193,0.0011,0.0003,0.0045,0.0016,0.0023,0.1928,0.0003
ac_10dB,4-123680-A-18.wav,0.0013,0.0010,0.0105,0.0064,0.0009,0.0414,0.0032,0.0006,0.0084,0.0031
ac_10dB,4-125070-A-19.wav,0.0100,0.0074,0.0071,0.0142,0.0106,0.0239,0.0208,0.0207,0.0808,0.0042
ac_10dB,4-125071-A-19.wav,0.0011,0.0010,0.0056,0.0021,0.0019,0.0039,0.0040,0.0072,0.0550,0.0013
ac_10dB,4-125072-A-19.wav,0.0076,0.0039,0.0046,0.0128,0.0021,0.0059,0.0044,0.0373,0.0099,0.0004
ac_10dB,4-125072-B-19.wav,0.0056,0.0010,0.0069,0.0116,0.0011,0.0067,0.0034,0.0019,0.0284,0.0014
ac_10dB,4-125825-A-46.wav,0.0019,0.0012,0.0090,0.0037,0.0015,0.0052,0.0029,0.0022,0.0192,0.0026
ac_10dB,4-125825-B-46.wav,0.0020,0.0010,0.0066,0.0046,0.0006,0.0012,0.0042,0.0035,0.0278,0.0013
ac_10dB,4-125929-A-40.wav,0.0023,0.0011,0.0065,0.0109,0.0017,0.0016,0.0019,0.0033,0.0090,0.0025
ac_10dB,4-126046-A-18.wav,0.0059,0.0035,0.0098,0.0067,0.0015,0.0041,0.0042,0.0230,0.0214,0.0029
ac_10dB,4-126532-A-18.wav,0.0006,0.0014,0.0049,0.0019,0.0007,0.0033,0.0019,0.0042,0.0169,0.0012
ac_10dB,4-128659-A-33.wav,0.0036,0.0022,0.0212,0.0027,0.0017,0.0131,0.0081,0.0208,0.0260,0.0014
ac_10dB,4-130584-A-4.wav,0.0004,0.0001,0.1173,0.0007,0.0004,0.0027,0.0008,0.0004,0.0438,0.0003
ac_10dB,4-130891-A-7.wav,0.0077,0.0045,0.2157,0.0225,0.0066,0.0119,0.0263,0.0962,0.0194,0.0216
ac_10dB,4-132383-A-2.wav,0.0801,0.0179,0.1528,0.1568,0.0152,0.0236,0.0138,0.0099,0.0196,0.0017
ac_10dB,4-132383-B-2.wav,0.0122,0.0696,0.0574,0.0233,0.0486,0.0525,0.0874,0.0033,0.0096,0.0038
ac_10dB,4-132803-A-26.wav,0.0102,0.0092,0.2394,0.0318,0.0057,0.9515,0.0165,0.0150,0.0429,0.0140
ac_10dB,4-132810-A-26.wav,0.0184,0.0119,0.2721,0.0203,0.0124,0.9917,0.0173,0.0161,0.0647,0.0020
ac_10dB,4-132816-A-26.wav,0.0024,0.0020,0.1505,0.0077,0.0021,0.9731,0.0049,0.0013,0.0232,0.0001
ac_10dB,4-132839-A-33.wav,0.0953,0.0006,0.0473,0.0486,0.0016,0.0066,0.0035,0.0101,0.0428,0.0154
ac_10dB,4-133047-A-5.wav,0.0003,0.0004,0.0081,0.0009,0.0002,0.0006,0.0004,0.0022,0.0535,0.0008
ac_10dB,4-133047-B-5.wav,0.0236,0.0520,0.1871,0.0511,0.0202,0.1789,0.2073,0.0090,0.0126,0.0059
ac_10dB,4-133047-C-5.wav,0.0048,0.0043,0.0191,0.0105,0.0075,0.0103,0.0034,0.0016,0.0895,0.0031
ac_10dB,4-133674-A-26.wav,0.2912,0.0050,0.0468,0.1961,0.0068,0.7349,0.0101,0.0057,0.0218,0.0005
ac_10dB,4-133895-A-7.wav,0.0222,0.0091,0.0425,0.0334,0.0092,0.0146,0.0182,0.0204,0.0503,0.0031
ac_10dB,4-135439-A-18.wav,0.0012,0.0006,0.0062,0.0035,0.0005,0.0038,0.0008,0.0005,0.0142,0.0025
ac_10dB,4-136381-A-9.wav,0.0080,0.0092,0.0052,0.0103,0.0061,0.0232,0.0086,0.0075,0.0423,0.0225
ac_10dB,4-138344-A-9.wav,0.0119,0.0281,0.0156,0.0542,0.0961,0.0235,0.0110,0.0101,0.0568,0.0071
ac_10dB,4-140034-A-46.wav,0.0005,0.0004,0.0143,0.0011,0.0006,0.0047,0.0036,0.0011,0.1062,0.0022
ac_10dB,4-141365-A-18.wav,0.0007,0.0010,0.0157,0.0023,0.0015,0.0220,0.0018,0.0020,0.0104,0.0015
ac_10dB,4-143118-A-7.wav,0.0447,0.0028,0.2596,0.0379,0.0033,0.0074,0.0147,0.0225,0.0301,0.0020
ac_10dB,4-143118-B-7.wav,0.0118,0.0044,0.0137,0.0176,0.0064,0.0189,0.0105,0.0072,0.0612,0.0017
ac_10dB,4-144083-A-16.wav,0.0033,0.0023,0.0137,0.0049,0.0009,0.0194,0.0059,0.0072,0.1014,0.0005
ac_10dB,4-144083-B-16.wav,0.0018,0.0016,0.0067,0.0041,0.0016,0.0046,0.0060,0.0073,0.0630,0.0030
ac_10dB,4-144083-C-16.wav,0.0036,0.0007,0.0081,0.0084,0.0010,0.0044,0.0043,0.0063,0.0314,0.0024
ac_10dB,4-144085-A-16.wav,0.0029,0.0009,0.0057,0.0046,0.0007,0.0050,0.0048,0.0043,0.0354,0.0010
ac_10dB,4-144468-A-27.wav,0.0072,0.0016,0.0046,0.0628,0.0011,0.0087,0.0039,0.0013,0.0205,0.0017
ac_10dB,4-144468-B-27.wav,0.0138,0.0072,0.9185,0.0432,0.0154,0.0150,0.0124,0.0274,0.0154,0.0016
ac_10dB,4-145006-A-18.wav,0.0834,0.0054,0.0232,0.1290,0.0064,0.0170,0.0038,0.0024,0.0191,0.0127
ac_10dB,4-145081-A-9.wav,0.0009,0.0016,0.0024,0.0010,0.0003,0.0019,0.0035,0.0005,0.0317,0.0002
ac_10dB,4-146200-A-36.wav,0.0027,0.0049,0.0103,0.0043,0.0034,0.0283,0.0078,0.0030,0.0682,0.0069
ac_10dB,4-147240-A-2.wav,0.0037,0.0006,0.0156,0.0058,0.0007,0.0033,0.0031,0.0043,0.0041,0.0008
ac_10dB,4-147240-B-2.wav,0.0396,0.0062,0.1415,0.0208,0.0195,0.0233,0.0073,0.0203,0.0505,0.0145
ac_10dB,4-147657-A-46.wav,0.0012,0.0008,0.0105,0.0017,0.0032,0.0069,0.0047,0.0067,0.1950,0.0022
ac_10dB,4-147658-A-46.wav,0.0006,0.0005,0.0053,0.0017,0.0007,0.0053,0.0010,0.0009,0.0078,0.0005
ac_10dB,4-149294-A-41.wav,0.6405,0.0026,0.0199,0.5484,0.0045,0.0153,0.0043,0.0016,0.0417,0.0030
ac_10dB,4-149294-B-41.wav,0.0217,0.0031,0.0273,0.0212,0.0014,0.0160,0.0075,0.0053,0.0540,0.0040
ac_10dB,4-149940-A-5.wav,0.0081,0.0031,0.0643,0.0086,0.0008,0.0722,0.0118,0.0008,0.0171,0.0006
ac_10dB,4-149940-B-5.wav,0.0039,0.0028,0.0315,0.0084,0.0038,0.0224,0.0092,0.0065,0.2338,0.0090
ac_10dB,4-150364-A-46.wav,0.0005,0.0002,0.0114,0.0009,0.0002,0.0048,0.0010,0.0004,0.0071,0.0004
ac_10dB,4-150364-B-46.wav,0.0008,0.0005,0.0116,0.0015,0.0004,0.0085,0.0018,0.0011,0.0194,0.0005
ac_10dB,4-151242-A-37.wav,0.0051,0.0014,0.0147,0.0085,0.0009,0.0078,0.0030,0.0005,0.0114,0.0011
ac_10dB,4-152958-A-18.wav,0.0105,0.0040,0.0241,0.0170,0.0028,0.0079,0.0077,0.0246,0.0524,0.0136
ac_10dB,4-152995-A-24.wav,0.0130,0.7773,0.0284,0.0625,0.0932,0.0188,0.0246,0.0133,0.0513,0.0010
ac_10dB,4-154405-A-27.wav,0.0334,0.0037,0.0089,0.0909,0.0037,0.0076,0.0134,0.0083,0.0331,0.0018
ac_10dB,4-154405-B-27.wav,0.0066,0.0054,0.0179,0.0090,0.0034,0.0277,0.0046,0.0056,0.0397,0.0011
ac_10dB,4-154443-A-24.wav,0.0242,0.0928,0.0327,0.0376,0.0317,0.3175,0.0339,0.0099,0.0456,0.1438
ac_10dB,4-154793-A-4.wav,0.0010,0.0002,0.0635,0.0022,0.0004,0.0035,0.0037,0.0009,0.0161,0.0004
ac_10dB,4-155650-A-24.wav,0.0064,0.9999,0.0405,0.0207,0.0598,0.0805,0.0380,0.0092,0.1242,0.0055
ac_10dB,4-155650-B-24.wav,0.0108,0.9996,0.0159,0.1067,0.0880,0.0075,0.0066,0.0051,0.0198,0.0114
ac_10dB,4-155670-A-26.wav,0.0018,0.0076,0.3828,0.0037,0.0105,0.5817,0.0037,0.0189,0.0974,0.0050
ac_10dB,4-156227-A-9.wav,0.0035,0.0047,0.0067,0.0054,0.0025,0.0103,0.0061,0.0037,0.0691,0.0006
ac_10dB,4-156827-A-46.wav,0.0004,0.0004,0.0044,0.0006,0.0003,0.0012,0.0009,0.0003,0.0116,0.0004
ac_10dB,4-156843-A-21.wav,0.0046,0.0172,0.1461,0.0542,0.4303,0.0222,0.0054,0.0152,0.0171,0.0007
ac_10dB,4-156844-A-21.wav,0.0141,0.8269,0.0965,0.0531,0.9426,0.0721,0.0263,0.0123,0.0396,0.0025
ac_10dB,4-156993-A-19.wav,0.0109,0.0024,0.0133,0.0109,0.0034,0.0107,0.0058,0.0136,0.0562,0.0014
ac_10dB,4-157296-A-24.wav,0.0167,0.9752,0.0787,0.0696,0.2649,0.0794,0.0029,0.0029,0.0122,0.0022
ac_10dB,4-157297-A-21.wav,0.0144,0.1672,0.2717,0.0587,0.9932,0.0554,0.0386,0.0080,0.0548,0.0063
ac_10dB,4-157611-A-41.wav,0.0040,0.0008,0.0120,0.0060,0.0005,0.0043,0.0050,0.0028,0.0120,0.0009
ac_10dB,4-157611-B-41.wav,0.0032,0.0008,0.0160,0.0093,0.0006,0.0029,0.0024,0.0008,0.0236,0.0004
ac_10dB,4-158653-A-32.wav,0.0025,0.0012,0.0063,0.0049,0.0006,0.0119,0.0020,0.0041,0.0314,0.0008
ac_10dB,4-159426-A-9.wav,0.0157,0.0358,0.0713,0.0418,0.0413,0.0580,0.0141,0.0147,0.0188,0.0029
ac_10dB,4-159609-A-14.wav,0.0116,0.0095,0.0134,0.0165,0.0117,0.0389,0.0170,0.0135,0.1085,0.0044
ac_10dB,4-159609-B-14.wav,0.0029,0.0019,0.0047,0.0058,0.0015,0.0059,0.0050,0.0049,0.0124,0.0007
ac_10dB,4-160036-A-33.wav,0.0049,0.0063,0.0056,0.0062,0.0041,0.0361,0.0054,0.0328,0.0350,0.0064
ac_10dB,4-160036-B-33.wav,0.3668,0.0044,0.2308,0.2980,0.0043,0.0246,0.0125,0.0116,0.0298,0.0023
ac_10dB,4-160999-A-10.wav,0.0015,0.0030,0.0194,0.0028,0.0013,0.0149,0.0050,0.0017,0.0306,0.0022
ac_10dB,4-161099-A-47.wav,0.0057,0.0013,0.0103,0.0062,0.0010,0.0053,0.0323,0.0058,0.0760,0.0005
ac_10dB,4-161099-B-47.wav,0.0014,0.0002,0.0178,0.0050,0.0007,0.0007,0.0016,0.0064,0.0016,0.0119
ac_10dB,4-161100-A-47.wav,0.0007,0.0008,0.0097,0.0021,0.0004,0.0020,0.0032,0.0008,0.0097,0.0034
ac_10dB,4-161103-A-47.wav,0.0003,0.0002,0.0041,0.0008,0.0000,0.0009,0.0009,0.0007,0.0059,0.0010
ac_10dB,4-161105-A-47.wav,0.0053,0.0030,0.0200,0.0088,0.0021,0.0060,0.0446,0.0063,0.0787,0.0019
ac_10dB,4-161105-B-47.wav,0.0034,0.0007,0.0040,0.0046,0.0003,0.0016,0.0008,0.0012,0.0041,0.0018
ac_10dB,4-161127-A-10.wav,0.0038,0.0037,0.0067,0.0052,0.0031,0.0299,0.0056,0.0058,0.0797,0.0018
ac_10dB,4-161303-A-5.wav,0.0020,0.0009,0.0181,0.0064,0.0006,0.0063,0.0050,0.0008,0.2181,0.0013
ac_10dB,4-161303-B-5.wav,0.0079,0.0042,0.0158,0.0101,0.0041,0.0214,0.0067,0.0052,0.0444,0.0028
ac_10dB,4-161519-A-19.wav,0.0074,0.0040,0.0065,0.0096,0.0030,0.0083,0.0081,0.0224,0.0637,0.0038
ac_10dB,4-161579-A-40.wav,0.0069,0.0037,0.0092,0.0066,0.0020,0.0096,0.0063,0.0101,0.0650,0.0011
ac_10dB,4-161579-B-40.wav,0.0023,0.0008,0.0110,0.0059,0.0005,0.0032,0.0025,0.0005,0.0339,0.0003
ac_10dB,4-163264-A-10.wav,0.0055,0.0060,0.0089,0.0072,0.0034,0.0377,0.0039,0.0076,0.0763,0.0028
ac_10dB,4-163606-A-16.wav,0.0056,0.0014,0.0184,0.0098,0.0027,0.0070,0.0055,0.0065,0.0508,0.0069
ac_10dB,4-163608-B-16.wav,0.0272,0.0119,0.0145,0.0260,0.0150,0.0191,0.0197,0.0259,0.0198,0.0045
ac_10dB,4-163609-A-16.wav,0.0142,0.0068,0.0106,0.0198,0.0120,0.0186,0.0128,0.0122,0.0486,0.0030
ac_10dB,4-163609-B-16.wav,0.0010,0.0005,0.0031,0.0019,0.0010,0.0021,0.0068,0.0291,0.0151,0.0041
ac_10dB,4-163697-A-13.wav,0.0041,0.0026,0.0025,0.0153,0.0023,0.0113,0.0057,0.0012,0.0269,0.0010
ac_10dB,4-164021-A-1.wav,0.0043,0.0012,0.0047,0.0073,0.0007,0.0068,0.0018,0.0022,0.0299,0.0015
ac_10dB,4-164064-A-1.wav,0.0186,0.0079,0.0119,0.0242,0.0096,0.0113,0.0365,0.0165,0.0799,0.0148
ac_10dB,4-164064-B-1.wav,0.0049,0.0019,0.0089,0.0079,0.0015,0.0093,0.0111,0.0046,0.1019,0.0013
ac_10dB,4-164064-C-1.wav,0.0092,0.0040,0.0078,0.0113,0.0039,0.0131,0.0157,0.0106,0.0394,0.0033
ac_10dB,4-164206-A-10.wav,0.0080,0.0039,0.0048,0.0101,0.0044,0.0375,0.0037,0.0108,0.0777,0.0007
ac_10dB,4-164243-A-26.wav,0.0026,0.0036,0.0669,0.0157,0.0700,0.9423,0.0086,0.0031,0.0328,0.0037
ac_10dB,4-164661-A-12.wav,0.0034,0.0023,0.0056,0.0028,0.0021,0.0100,0.0089,0.0221,0.0209,0.0003
ac_10dB,4-164661-B-12.wav,0.0049,0.0056,0.0020,0.0068,0.0022,0.0057,0.0193,0.0435,0.0811,0.0051
ac_10dB,4-164859-A-1.wav,0.0047,0.0016,0.0061,0.0084,0.0017,0.0045,0.0047,0.0038,0.0112,0.0006
ac_10dB,4-165606-A-45.wav,0.0039,0.0025,0.1482,0.0050,0.0057,0.0146,0.0057,0.0096,0.0628,0.0082
ac_10dB,4-165791-A-45.wav,0.0086,0.0048,0.0086,0.0152,0.0032,0.0125,0.0171,0.0225,0.0464,0.0042
ac_10dB,4-165791-B-45.wav,0.0056,0.0033,0.0101,0.0075,0.0025,0.0076,0.0044,0.0139,0.1155,0.0036
ac_10dB,4-165813-A-19.wav,0.0083,0.0018,0.0153,0.0072,0.0012,0.0076,0.0108,0.0047,0.1231,0.0006
ac_10dB,4-165813-B-19.wav,0.0047,0.0030,0.0056,0.0085,0.0020,0.0146,0.0066,0.0061,0.0556,0.0017
ac_10dB,4-165823-A-41.wav,0.0006,0.0002,0.0238,0.0008,0.0001,0.0025,0.0010,0.0038,0.0046,0.0003
ac_10dB,4-165823-B-41.wav,0.0024,0.0004,0.0074,0.0045,0.0004,0.0046,0.0011,0.0025,0.0088,0.0015
ac_10dB,4-165845-A-45.wav,0.0018,0.0206,0.0306,0.0033,0.0055,0.0181,0.0645,0.0108,0.0432,0.0018
ac_10dB,4-165845-B-45.wav,0.0055,0.0031,0.0161,0.0064,0.0052,0.0222,0.0142,0.1193,0.0867,0.0026
ac_10dB,4-165933-A-45.wav,0.0026,0.0009,0.0826,0.0038,0.0009,0.0122,0.0043,0.0079,0.0586,0.0025
ac_10dB,4-166661-A-10.wav,0.0021,0.0022,0.0088,0.0036,0.0014,0.0369,0.0037,0.0078,0.0254,0.0005
ac_10dB,4-167063-A-11.wav,0.0010,0.0031,0.0076,0.0017,0.0013,0.0158,0.0037,0.0022,0.0521,0.0009
ac_10dB,4-167063-B-11.wav,0.0029,0.0033,0.0060,0.0062,0.0028,0.0102,0.0081,0.0145,0.0449,0.0018
ac_10dB,4-167063-C-11.wav,0.0014,0.0029,0.0064,0.0028,0.0013,0.0170,0.0062,0.0051,0.0101,0.0009
ac_10dB,4-167077-A-20.wav,0.0107,0.4663,0.0359,0.0443,0.4230,0.0995,0.0129,0.0245,0.0225,0.0040
ac_10dB,4-167077-B-20.wav,0.0040,0.0032,0.0568,0.0159,0.0038,0.0722,0.0019,0.0043,0.0244,0.0007
ac_10dB,4-167077-C-20.wav,0.0050,0.0074,0.2635,0.0146,0.0195,0.1210,0.0032,0.0049,0.0133,0.0022
ac_10dB,4-167155-A-32.wav,0.0006,0.0009,0.0037,0.0019,0.0010,0.0034,0.0030,0.0022,0.0112,0.0034
ac_10dB,4-167571-A-26.wav,0.0531,0.0175,0.0255,0.0635,0.0335,0.2593,0.0213,0.0172,0.0629,0.0162
ac_10dB,4-167642-A-21.wav,0.0033,0.0028,0.0155,0.0116,0.9924,0.0173,0.0028,0.0080,0.0325,0.0060
ac_10dB,4-168155-A-15.wav,0.0099,0.0215,0.0122,0.0187,0.0073,0.0197,0.0323,0.0034,0.0526,0.0078
ac_10dB,4-168446-A-45.wav,0.0053,0.0031,0.0101,0.0068,0.0015,0.0101,0.0084,0.0145,0.0699,0.0009
ac_10dB,4-168868-A-17.wav,0.0011,0.0013,0.0192,0.0095,0.0003,0.0014,0.0011,0.0001,0.0096,0.0024
ac_10dB,4-169127-A-41.wav,0.0739,0.0080,0.0064,0.0604,0.0027,0.0224,0.0097,0.0105,0.0503,0.0043
ac_10dB,4-169127-B-41.wav,0.0004,0.0004,0.0034,0.0010,0.0002,0.0019,0.0008,0.0035,0.0032,0.0008
ac_10dB,4-169508-A-37.wav,0.0004,0.0004,0.0095,0.0012,0.0003,0.0034,0.0006,0.0005,0.0304,0.0007
ac_10dB,4-169726-A-24.wav,0.0118,0.9514,0.1439,0.0961,0.0940,0.1165,0.0054,0.0110,0.0366,0.0068
ac_10dB,4-170078-A-1.wav,0.0328,0.0336,0.0117,0.0594,0.0255,0.0166,0.2084,0.0178,0.0204,0.0051
ac_10dB,4-170247-A-12.wav,0.0056,0.0019,0.0029,0.0076,0.0017,0.0143,0.0117,0.0124,0.0978,0.0006
ac_10dB,4-170247-B-12.wav,0.0032,0.0018,0.1614,0.0057,0.0006,0.0096,0.0045,0.0030,0.0227,0.0002
ac_10dB,4-171207-A-12.wav,0.0100,0.0054,0.0024,0.0085,0.0013,0.0068,0.0116,0.0032,0.0163,0.0006
ac_10dB,4-171396-A-24.wav,0.0346,0.9977,0.4272,0.1057,0.2088,0.0302,0.0040,0.0057,0.0358,0.0038
ac_10dB,4-171519-A-21.wav,0.0133,0.7432,0.0087,0.0725,0.9825,0.0175,0.0157,0.0063,0.0495,0.0132
ac_10dB,4-171652-A-44.wav,0.0013,0.0003,0.0019,0.0018,0.0001,0.0042,0.0017,0.0005,0.0010,0.0002
ac_10dB,4-171706-A-23.wav,0.0644,0.0046,0.0221,0.9082,0.0051,0.0134,0.0012,0.0007,0.0104,0.0009
ac_10dB,4-171823-A-13.wav,0.0023,0.0025,0.0073,0.0047,0.0024,0.0168,0.0092,0.0114,0.0284,0.0009
ac_10dB,4-172143-A-13.wav,0.0026,0.0008,0.0056,0.0038,0.0010,0.0073,0.0065,0.0087,0.0197,0.0010
ac_10dB,4-172180-A-32.wav,0.0114,0.0078,0.0026,0.0116,0.0033,0.0135,0.0069,0.0196,0.0167,0.0021
ac_10dB,4-172366-A-37.wav,0.0013,0.0004,0.0166,0.0015,0.0005,0.0017,0.0011,0.0003,0.0109,0.0015
ac_10dB,4-172377-A-17.wav,0.0056,0.0017,0.0071,0.0270,0.0013,0.0085,0.0087,0.0054,0.0292,0.0071
ac_10dB,4-172500-A-27.wav,0.0820,0.0029,0.0126,0.0622,0.0062,0.0161,0.0172,0.0057,0.0228,0.0054
ac_10dB,4-172500-B-27.wav,0.0517,0.0030,0.0081,0.0509,0.0026,0.0979,0.0813,0.0008,0.0353,0.0048
ac_10dB,4-172500-C-27.wav,0.0176,0.0008,0.0189,0.1034,0.0026,0.0046,0.0070,0.0006,0.0453,0.0163
ac_10dB,4-172500-D-27.wav,0.1002,0.0074,0.0096,0.1274,0.0176,0.0098,0.0355,0.0048,0.0268,0.0083
ac_10dB,4-172732-A-36.wav,0.0021,0.0020,0.0110,0.0057,0.0014,0.0098,0.0045,0.0008,0.0226,0.0157
ac_10dB,4-172733-A-36.wav,0.0022,0.0013,0.0092,0.0075,0.0009,0.0051,0.0020,0.0008,0.0104,0.0046
ac_10dB,4-172734-A-36.wav,0.0027,0.0011,0.0134,0.0030,0.0017,0.0168,0.0049,0.0044,0.0444,0.0038
ac_10dB,4-172736-A-36.wav,0.0027,0.0015,0.0155,0.0035,0.0008,0.0075,0.0036,0.0014,0.0605,0.0012
ac_10dB,4-172736-B-36.wav,0.0015,0.0011,0.0181,0.0019,0.0006,0.0063,0.0029,0.0006,0.0308,0.0064
ac_10dB,4-172742-A-32.wav,0.0098,0.0010,0.0622,0.0052,0.0020,0.0081,0.0049,0.0075,0.0459,0.0007
ac_10dB,4-173865-A-9.wav,0.0001,0.0008,0.0025,0.0002,0.0003,0.0007,0.0030,0.0001,0.0159,0.0001
ac_10dB,4-173865-B-9.wav,0.0069,0.0079,0.0113,0.0154,0.0074,0.0128,0.0084,0.0069,0.0624,0.0056
ac_10dB,4-174797-A-15.wav,0.0056,0.0041,0.0101,0.0259,0.0024,0.0060,0.0101,0.0581,0.0131,0.0036
ac_10dB,4-174860-A-3.wav,0.4055,0.0009,0.2907,0.3288,0.0025,0.0105,0.0078,0.0035,0.1117,0.0006
ac_10dB,4-174860-B-3.wav,0.0053,0.0018,0.0309,0.0052,0.0013,0.0181,0.0068,0.0028,0.0598,0.0136
ac_10dB,4-175000-A-40.wav,0.0053,0.0014,0.0079,0.0131,0.0005,0.0075,0.0035,0.0022,0.0352,0.0056
ac_10dB,4-175000-B-40.wav,0.0025,0.0013,0.0057,0.0037,0.0009,0.0071,0.0045,0.0018,0.0506,0.0012
ac_10dB,4-175000-C-40.wav,0.0055,0.0040,0.0113,0.0039,0.0005,0.0045,0.0067,0.0038,0.0305,0.0038
ac_10dB,4-175025-A-34.wav,0.0078,0.0048,0.0195,0.0082,0.0063,0.0214,0.0126,0.0187,0.1877,0.0047
ac_10dB,4-175845-A-43.wav,0.0051,0.0015,0.0085,0.0064,0.0019,0.0069,0.0126,0.0051,0.9345,0.0006
ac_10dB,4-175846-A-43.wav,0.0113,0.0059,0.0025,0.0179,0.0033,0.0101,0.0098,0.0156,0.9780,0.0033
ac_10dB,4-175855-A-43.wav,0.0131,0.0034,0.0206,0.0135,0.0038,0.0244,0.0060,0.0077,0.9740,0.0046
ac_10dB,4-175856-A-43.wav,0.0036,0.0010,0.0092,0.0048,0.0027,0.0062,0.0154,0.0025,0.9800,0.0008
ac_10dB,4-175945-A-38.wav,0.0074,0.0027,0.0109,0.0066,0.0028,0.0435,0.0050,0.0044,0.1161,0.0009
ac_10dB,4-176631-A-43.wav,0.0138,0.0017,0.0119,0.0232,0.0012,0.0119,0.0099,0.0103,0.9437,0.0019
ac_10dB,4-176638-A-43.wav,0.0019,0.0008,0.0069,0.0038,0.0009,0.0031,0.0051,0.0027,0.9828,0.0019
ac_10dB,4-176914-A-23.wav,0.0111,0.0125,0.0104,0.0228,0.0934,0.0158,0.0053,0.0059,0.0939,0.0037
ac_10dB,4-177243-A-32.wav,0.0246,0.0024,0.0062,0.0232,0.0028,0.0090,0.0043,0.0005,0.0131,0.0033
ac_10dB,4-177250-A-10.wav,0.0101,0.0092,0.0065,0.0109,0.0052,0.0570,0.0117,0.0068,0.0531,0.0045
ac_10dB,4-177835-A-24.wav,0.0220,0.9908,0.0722,0.0772,0.0312,0.0208,0.0095,0.0153,0.0217,0.0139
ac_10dB,4-178402-A-43.wav,0.0078,0.0110,0.0075,0.0115,0.0038,0.0178,0.0171,0.0070,0.9510,0.0031
ac_10dB,4-178881-A-45.wav,0.0017,0.0019,0.0084,0.0050,0.0021,0.0101,0.0024,0.0038,0.0772,0.0018
ac_10dB,4-179836-A-34.wav,0.0194,0.0224,0.0052,0.0382,0.0260,0.0249,0.0162,0.0123,0.1058,0.0109
ac_10dB,4-179984-A-38.wav,0.0051,0.0046,0.1782,0.0095,0.0037,0.0087,0.0102,0.0350,0.0693,0.0052
ac_10dB,4-180337-A-28.wav,0.7685,0.0094,0.0104,0.7289,0.0099,0.0202,0.0046,0.0083,0.0294,0.0038
ac_10dB,4-180380-A-10.wav,0.0013,0.0024,0.0083,0.0017,0.0023,0.0173,0.0021,0.0020,0.0329,0.0007
ac_10dB,4-180453-A-17.wav,0.0042,0.0073,0.0051,0.0056,0.0018,0.0101,0.0062,0.0013,0.0228,0.0270
ac_10dB,4-181035-A-38.wav,0.0128,0.0083,0.0142,0.0176,0.0125,0.0176,0.0398,0.0260,0.0107,0.0062
ac_10dB,4-181286-A-10.wav,0.0208,0.0165,0.0039,0.0254,0.0190,0.0617,0.0079,0.0141,0.0584,0.0036
ac_10dB,4-181362-A-13.wav,0.1290,0.0057,0.0072,0.0943,0.0138,0.0227,0.0076,0.0242,0.0201,0.0049
ac_10dB,4-181563-A-12.wav,0.0017,0.0015,0.0070,0.0027,0.0005,0.0121,0.0045,0.0018,0.0512,0.0001
ac_10dB,4-181599-A-26.wav,0.0161,0.0260,0.0689,0.0555,0.0175,0.7186,0.0475,0.0040,0.0379,0.0129
ac_10dB,4-181628-A-17.wav,0.0009,0.0040,0.0169,0.0038,0.0007,0.0085,0.0058,0.0004,0.0154,0.0100
ac_10dB,4-181707-A-32.wav,0.0020,0.0015,0.0244,0.0023,0.0006,0.0058,0.0025,0.0017,0.0291,0.0010
ac_10dB,4-181708-A-32.wav,0.0010,0.0024,0.0020,0.0016,0.0006,0.0081,0.0034,0.0043,0.0422,0.0016
ac_10dB,4-181865-A-38.wav,0.0239,0.0068,0.0039,0.0222,0.0042,0.0089,0.0097,0.0221,0.0329,0.0022
ac_10dB,4-181955-A-3.wav,0.0150,0.0012,0.0369,0.0375,0.0009,0.0089,0.0033,0.0011,0.0891,0.0011
ac_10dB,4-181955-B-3.wav,0.0007,0.0002,0.0201,0.0015,0.0013,0.0008,0.0004,0.0002,0.0168,0.0007
ac_10dB,4-181955-C-3.wav,0.0059,0.0011,0.0177,0.0075,0.0009,0.0024,0.0079,0.0009,0.1282,0.0012
ac_10dB,4-181999-A-36.wav,0.0006,0.0007,0.0075,0.0020,0.0007,0.0036,0.0012,0.0006,0.0254,0.0033
ac_10dB,4-182034-A-30.wav,0.0081,0.0103,0.0039,0.0246,0.0048,0.0156,0.0149,0.0317,0.0224,0.0012
ac_10dB,4-182039-A-30.wav,0.0060,0.0044,0.0084,0.0074,0.0023,0.0138,0.0048,0.0290,0.0287,0.0015
ac_10dB,4-182041-A-30.wav,0.0772,0.0089,0.0063,0.0877,0.0070,0.0162,0.0199,0.1612,0.0645,0.0118
ac_10dB,4-182314-A-7.wav,0.0577,0.0101,0.0162,0.0739,0.0110,0.0177,0.0124,0.0196,0.0634,0.0061
ac_10dB,4-182314-B-7.wav,0.0100,0.0040,0.0032,0.0100,0.0037,0.0060,0.0119,0.0069,0.0127,0.0022
ac_10dB,4-182368-A-12.wav,0.0184,0.0133,0.0069,0.0563,0.0038,0.0055,0.0062,0.0049,0.0073,0.0022
ac_10dB,4-182369-A-12.wav,0.0048,0.0018,0.0066,0.0064,0.0007,0.0074,0.0088,0.0035,0.0296,0.0003
ac_10dB,4-182395-A-0.wav,0.0105,0.0102,0.0144,0.0145,0.0082,0.0237,0.7867,0.0677,0.0188,0.0052
ac_10dB,4-182613-A-11.wav,0.0050,0.0032,0.0161,0.0051,0.0019,0.0306,0.0077,0.0035,0.0370,0.0010
ac_10dB,4-182613-B-11.wav,0.0019,0.0033,0.0129,0.0033,0.0017,0.0105,0.0084,0.0101,0.0311,0.0014
ac_10dB,4-182795-A-14.wav,0.0161,0.0043,0.0046,0.0301,0.0042,0.0084,0.0050,0.0045,0.1156,0.0020
ac_10dB,4-182839-A-17.wav,0.0129,0.0018,0.0115,0.0142,0.0008,0.0050,0.0025,0.0007,0.0231,0.0004
ac_10dB,4-183487-A-1.wav,0.0123,0.0070,0.0043,0.0203,0.0068,0.0183,0.0105,0.0105,0.0521,0.0055
ac_10dB,4-183882-A-28.wav,0.8899,0.0115,0.0218,0.9005,0.0019,0.0115,0.0127,0.0064,0.0205,0.0008
ac_10dB,4-183882-B-28.wav,0.8665,0.0653,0.0377,0.8836,0.0193,0.0264,0.0231,0.0099,0.0276,0.0053
ac_10dB,4-183992-A-0.wav,0.0038,0.0077,0.0083,0.0134,0.0030,0.0050,0.7656,0.0044,0.0430,0.0035
ac_10dB,4-184235-A-28.wav,0.5368,0.0122,0.0072,0.4486,0.0066,0.0133,0.0175,0.0167,0.0411,0.0034
ac_10dB,4-184237-A-28.wav,0.9721,0.0175,0.0127,0.9522,0.0323,0.0441,0.0261,0.0268,0.0164,0.0042
ac_10dB,4-184434-A-21.wav,0.0176,0.8711,0.0340,0.0754,0.4400,0.0787,0.0176,0.0227,0.0791,0.0113
ac_10dB,4-184575-A-0.wav,0.0006,0.0006,0.0046,0.0016,0.0007,0.0046,0.7951,0.0002,0.0342,0.0001
ac_10dB,4-185415-A-21.wav,0.0102,0.9319,0.0043,0.2923,0.6915,0.0172,0.0143,0.0052,0.0310,0.0090
ac_10dB,4-185575-A-20.wav,0.0229,0.0075,0.0776,0.1336,0.0073,0.1566,0.0066,0.0033,0.0239,0.0055
ac_10dB,4-185575-B-20.wav,0.0303,0.1050,0.2339,0.0389,0.0071,0.2341,0.0767,0.0105,0.0478,0.0016
ac_10dB,4-185575-C-20.wav,0.0441,0.6134,0.4137,0.0569,0.0897,0.3699,0.0174,0.0240,0.2169,0.0037
ac_10dB,4-185613-A-32.wav,0.0007,0.0033,0.0066,0.0012,0.0004,0.0079,0.0036,0.0006,0.0146,0.0006
ac_10dB,4-185619-A-21.wav,0.0151,0.1234,0.3415,0.2240,0.9123,0.0835,0.0055,0.0073,0.0190,0.0706
ac_10dB,4-186518-A-30.wav,0.0066,0.0061,0.0130,0.0134,0.0044,0.0247,0.0140,0.0113,0.0265,0.0017
ac_10dB,4-186693-A-17.wav,0.0028,0.0100,0.0041,0.0032,0.0008,0.0159,0.0059,0.0013,0.0047,0.0124
ac_10dB,4-186935-A-44.wav,0.0017,0.0031,0.0070,0.0015,0.0013,0.0146,0.0038,0.0082,0.0935,0.0014
ac_10dB,4-186936-A-44.wav,0.0004,0.0011,0.0082,0.0016,0.0003,0.0094,0.0045,0.0134,0.0065,0.0148
ac_10dB,4-186938-A-44.wav,0.0130,0.0063,0.0053,0.0238,0.0034,0.0150,0.0151,0.0053,0.0305,0.0132
ac_10dB,4-186940-A-44.wav,0.0024,0.0024,0.0070,0.0029,0.0024,0.0104,0.0047,0.0030,0.1491,0.0005
ac_10dB,4-186962-A-44.wav,0.0004,0.0008,0.0044,0.0021,0.0005,0.0061,0.0029,0.0038,0.0099,0.0173
ac_10dB,4-187284-A-30.wav,0.0044,0.0038,0.5777,0.0069,0.0075,0.0331,0.0060,0.1061,0.0980,0.0028
ac_10dB,4-187384-A-34.wav,0.0111,0.0047,0.0073,0.0115,0.0027,0.0182,0.0057,0.0091,0.0637,0.0020
ac_10dB,4-187504-A-17.wav,0.0025,0.0062,0.0077,0.0076,0.0012,0.0135,0.0039,0.0012,0.0248,0.0027
ac_10dB,4-187504-B-17.wav,0.0071,0.0071,0.0162,0.0075,0.0033,0.0219,0.0083,0.0059,0.0355,0.0024
ac_10dB,4-187769-A-14.wav,0.0130,0.0181,0.0131,0.0184,0.0090,0.0251,0.0279,0.0200,0.1104,0.0106
ac_10dB,4-187769-B-14.wav,0.0021,0.0055,0.0050,0.0073,0.0025,0.0068,0.0185,0.0012,0.0535,0.0035
ac_10dB,4-188003-A-34.wav,0.0318,0.0084,0.1947,0.0456,0.0087,0.0131,0.0197,0.0284,0.0232,0.0009
ac_10dB,4-188033-A-38.wav,0.0065,0.0039,0.0035,0.0078,0.0023,0.0071,0.0047,0.0296,0.0234,0.0031
ac_10dB,4-188191-A-29.wav,0.0939,0.0352,0.0211,0.0554,0.0186,0.0247,0.0151,0.0045,0.1388,0.0037
ac_10dB,4-188191-B-29.wav,0.0650,0.0111,0.0136,0.0469,0.0054,0.0127,0.0147,0.0333,0.0225,0.0108
ac_10dB,4-188191-C-29.wav,0.0148,0.0165,0.0144,0.0107,0.0024,0.0258,0.0068,0.0073,0.0746,0.0014
ac_10dB,4-188287-A-9.wav,0.0003,0.0012,0.0025,0.0004,0.0002,0.0019,0.0182,0.0004,0.0350,0.0001
ac_10dB,4-188293-A-15.wav,0.0107,0.0172,0.0055,0.0239,0.0092,0.0097,0.0255,0.0015,0.0191,0.0007
ac_10dB,4-188293-B-15.wav,0.0029,0.0105,0.0036,0.0053,0.0019,0.0107,0.0073,0.0025,0.0466,0.0021
ac_10dB,4-188595-A-29.wav,0.0436,0.0997,0.1100,0.5353,0.0443,0.0201,0.0349,0.0301,0.0207,0.0060
ac_10dB,4-188703-A-8.wav,0.0105,0.0051,0.0282,0.0136,0.0043,0.0101,0.0204,0.0195,0.2547,0.0046
ac_10dB,4-188703-B-8.wav,0.0045,0.0020,0.0215,0.0071,0.0018,0.0064,0.0033,0.0036,0.0483,0.0008
ac_10dB,4-188703-C-8.wav,0.0007,0.0012,0.0172,0.0018,0.0008,0.0088,0.0151,0.0030,0.2144,0.0003
ac_10dB,4-188703-D-8.wav,0.0036,0.0026,0.2808,0.0079,0.0040,0.0248,0.0061,0.0150,0.0413,0.0022
ac_10dB,4-188878-A-30.wav,0.0247,0.0200,0.0070,0.0416,0.0120,0.0146,0.0280,0.0564,0.0329,0.0109
ac_10dB,4-189332-A-37.wav,0.0001,0.0008,0.0772,0.0004,0.0003,0.0151,0.0045,0.0009,0.0704,0.0004
ac_10dB,4-189828-A-22.wav,0.0007,0.0009,0.0289,0.0016,0.0008,0.0186,0.0020,0.0080,0.0114,0.0035
ac_10dB,4-189830-A-22.wav,0.0014,0.0014,0.4757,0.0033,0.0010,0.0278,0.0011,0.0161,0.0094,0.0007
ac_10dB,4-189832-A-22.wav,0.0022,0.0016,0.0206,0.0043,0.0026,0.0142,0.0019,0.0088,0.0225,0.0031
ac_10dB,4-189832-B-22.wav,0.0014,0.0019,0.0193,0.0020,0.0008,0.0189,0.0014,0.0034,0.0122,0.0011
ac_10dB,4-189833-A-22.wav,0.0011,0.0011,0.0137,0.0040,0.0010,0.0121,0.0017,0.0022,0.0115,0.0032
ac_10dB,4-189836-A-22.wav,0.0014,0.0015,0.0196,0.0022,0.0005,0.0145,0.0013,0.0078,0.0081,0.0024
ac_10dB,4-189838-A-22.wav,0.0008,0.0016,0.0304,0.0018,0.0016,0.0238,0.0025,0.0096,0.0120,0.0031
ac_10dB,4-191015-A-43.wav,0.0092,0.0045,0.0151,0.0100,0.0056,0.0276,0.0094,0.0091,0.4347,0.0128
ac_10dB,4-191246-A-7.wav,0.0014,0.0014,0.0515,0.0045,0.0020,0.0130,0.0080,0.0040,0.0032,0.0109
ac_10dB,4-191246-B-7.wav,0.0067,0.0114,0.1917,0.0084,0.0135,0.0149,0.0062,0.0123,0.0512,0.0039
ac_10dB,4-191297-A-28.wav,0.9201,0.0081,0.0133,0.9297,0.0073,0.0472,0.0103,0.0069,0.0983,0.0013
ac_10dB,4-191327-A-38.wav,0.1044,0.0224,0.0090,0.1558,0.0489,0.0172,0.0035,0.0041,0.0122,0.0084
ac_10dB,4-191687-A-0.wav,0.0042,0.0066,0.0230,0.0123,0.0031,0.0049,0.6331,0.0020,0.0647,0.0018
ac_10dB,4-192068-A-31.wav,0.0194,0.0080,0.0081,0.0117,0.0227,0.0141,0.0199,0.0043,0.0159,0.0105
ac_10dB,4-192236-A-0.wav,0.0045,0.0122,0.0112,0.0102,0.0105,0.0089,0.7024,0.0029,0.0528,0.0011
ac_10dB,4-193480-A-40.wav,0.0025,0.0002,0.0036,0.0064,0.0001,0.0036,0.0033,0.0011,0.0106,0.0005
ac_10dB,4-193480-B-40.wav,0.0061,0.0027,0.0064,0.0074,0.0023,0.0183,0.0078,0.0057,0.1477,0.0014
ac_10dB,4-194246-A-13.wav,0.0091,0.0032,0.0086,0.0122,0.0033,0.0130,0.0054,0.0051,0.0597,0.0015
ac_10dB,4-194680-A-36.wav,0.0575,0.0201,0.0279,0.1273,0.0104,0.0245,0.0162,0.0293,0.0128,0.0329
ac_10dB,4-194711-A-38.wav,0.0012,0.0009,0.0310,0.0025,0.0057,0.0148,0.0070,0.0055,0.0231,0.0017
ac_10dB,4-194754-A-0.wav,0.0093,0.0070,0.0202,0.0155,0.0076,0.0120,0.8617,0.0051,0.0395,0.0016
ac_10dB,4-194808-A-29.wav,0.0315,0.0085,0.0102,0.0533,0.0058,0.0149,0.0048,0.0041,0.0262,0.0029
ac_10dB,4-194979-A-25.wav,0.0060,0.0074,0.0104,0.0123,0.0055,0.0138,0.0152,0.0100,0.0486,0.0066
ac_10dB,4-194981-A-25.wav,0.0045,0.0035,0.0040,0.0081,0.0018,0.0037,0.0081,0.0281,0.0206,0.0042
ac_10dB,4-195305-A-31.wav,0.0075,0.0005,0.0042,0.0094,0.0014,0.0035,0.0046,0.0002,0.0453,0.0022
ac_10dB,4-195451-A-44.wav,0.0004,0.0013,0.0128,0.0018,0.0010,0.0063,0.0037,0.0006,0.0204,0.0007
ac_10dB,4-195497-A-11.wav,0.0005,0.0011,0.0045,0.0015,0.0005,0.0082,0.0028,0.0042,0.0084,0.0007
ac_10dB,4-195497-B-11.wav,0.0044,0.0015,0.0048,0.0043,0.0010,0.0148,0.0047,0.0038,0.0557,0.0012
ac_10dB,4-195707-A-13.wav,0.0076,0.0028,0.0191,0.0087,0.0032,0.0163,0.0262,0.0148,0.1340,0.0040
ac_10dB,4-195805-A-13.wav,0.0082,0.0014,0.0048,0.0098,0.0019,0.0022,0.0061,0.0023,0.0773,0.0009
ac_10dB,4-196671-A-8.wav,0.0070,0.0001,0.0269,0.0053,0.0005,0.0009,0.0051,0.0033,0.0045,0.0005
ac_10dB,4-196671-B-8.wav,0.0003,0.0001,0.0216,0.0005,0.0001,0.0010,0.0008,0.0047,0.0239,0.0005
ac_10dB,4-196672-A-8.wav,0.0012,0.0002,0.0136,0.0016,0.0004,0.0019,0.0011,0.0070,0.0194,0.0006
ac_10dB,4-197103-A-6.wav,0.0116,0.0188,0.0174,0.0168,0.0040,0.0469,0.0404,0.0018,0.0154,0.0025
ac_10dB,4-197454-A-28.wav,0.9129,0.0150,0.0099,0.8633,0.0121,0.0174,0.0206,0.0270,0.0742,0.0026
ac_10dB,4-197454-B-28.wav,0.8661,0.0030,0.0161,0.8461,0.0025,0.0129,0.0049,0.0029,0.0210,0.0014
ac_10dB,4-197871-A-15.wav,0.0094,0.0123,0.0030,0.0166,0.0054,0.0179,0.0115,0.0141,0.0322,0.0064
ac_10dB,4-198025-A-23.wav,0.2431,0.0200,0.0105,0.8783,0.0950,0.0293,0.0022,0.0114,0.0368,0.0074
ac_10dB,4-198360-A-49.wav,0.0012,0.0003,0.0105,0.0110,0.0002,0.0048,0.0004,0.0004,0.0113,0.0004
ac_10dB,4-198360-B-49.wav,0.0022,0.0056,0.1927,0.0069,0.0080,0.0160,0.0029,0.1057,0.0227,0.0034
ac_10dB,4-198360-C-49.wav,0.0027,0.0061,0.0148,0.0044,0.0197,0.0134,0.0045,0.1641,0.0186,0.0097
ac_10dB,4-198841-A-37.wav,0.0009,0.0004,0.0180,0.0017,0.0007,0.0082,0.0012,0.0012,0.1069,0.0004
ac_10dB,4-198962-A-25.wav,0.0082,0.0021,0.0079,0.0163,0.0027,0.0145,0.0043,0.0868,0.0635,0.0033
ac_10dB,4-198962-B-25.wav,0.0108,0.0055,0.0216,0.0195,0.0043,0.0156,0.0220,0.1836,0.0241,0.0027
ac_10dB,4-198965-A-38.wav,0.0018,0.0016,0.0067,0.0023,0.0012,0.0059,0.0025,0.0069,0.0255,0.0037
ac_10dB,4-199261-A-0.wav,0.0003,0.0005,0.0064,0.0010,0.0011,0.0869,0.2619,0.0016,0.0096,0.0005
ac_10dB,4-200330-A-6.wav,0.0044,0.0019,0.0553,0.0060,0.0008,0.0115,0.0072,0.0012,0.0076,0.0023
ac_10dB,4-200330-B-6.wav,0.0042,0.0021,0.1004,0.0043,0.0049,0.0061,0.0017,0.0046,0.0082,0.0006
ac_10dB,4-201300-A-31.wav,0.0375,0.0114,0.0168,0.0411,0.0365,0.0232,0.0247,0.0131,0.1365,0.0087
ac_10dB,4-201800-A-31.wav,0.0089,0.0052,0.0089,0.0087,0.0032,0.0115,0.0092,0.0064,0.1418,0.0016
ac_10dB,4-201988-A-44.wav,0.0023,0.0035,0.0063,0.0044,0.0022,0.0086,0.0056,0.0026,0.0439,0.0019
ac_10dB,4-202298-A-31.wav,0.0074,0.0039,0.0059,0.0198,0.0017,0.0048,0.0020,0.0012,0.0223,0.0031
ac_10dB,4-202749-A-13.wav,0.0020,0.0025,0.0088,0.0037,0.0035,0.0098,0.0118,0.0117,0.1059,0.0025
ac_10dB,4-204115-A-39.wav,0.0297,0.0062,0.0081,0.0310,0.0192,0.0155,0.0083,0.0133,0.0529,0.2334
ac_10dB,4-204119-A-39.wav,0.0172,0.0162,0.0178,0.0170,0.0255,0.0466,0.0333,0.0218,0.1561,0.0230
ac_10dB,4-204121-A-39.wav,0.0096,0.0034,0.0095,0.0189,0.0099,0.0158,0.0125,0.0195,0.0620,0.0283
ac_10dB,4-204123-A-39.wav,0.0342,0.0114,0.0053,0.0358,0.0095,0.0167,0.0152,0.0477,0.0338,0.1493
ac_10dB,4-204202-A-29.wav,0.0412,0.0296,0.0143,0.1090,0.0405,0.0345,0.0045,0.0047,0.0291,0.0029
ac_10dB,4-204612-A-31.wav,0.0065,0.0154,0.0055,0.0077,0.0142,0.0204,0.0139,0.0111,0.0239,0.0116
ac_10dB,4-204618-A-11.wav,0.0027,0.0021,0.0268,0.0079,0.0010,0.0217,0.0051,0.0026,0.0283,0.0010
ac_10dB,4-204683-A-31.wav,0.0055,0.0061,0.0130,0.0180,0.0082,0.0085,0.0186,0.0065,0.1527,0.0072
ac_10dB,4-204684-A-37.wav,0.0004,0.0002,0.0096,0.0010,0.0007,0.0025,0.0015,0.0009,0.0233,0.0005
ac_10dB,4-204777-A-39.wav,0.0007,0.0004,0.0056,0.0087,0.0007,0.0009,0.0002,0.0007,0.0041,1.0000
ac_10dB,4-204777-B-39.wav,0.0073,0.0067,0.0063,0.0135,0.0093,0.0070,0.0059,0.0142,0.0082,0.9989
ac_10dB,4-204777-C-39.wav,0.0040,0.0037,0.0134,0.0059,0.0120,0.0143,0.0084,0.0150,0.0820,1.0000
ac_10dB,4-204830-A-6.wav,0.0008,0.0007,0.0039,0.0016,0.0007,0.0021,0.0018,0.0015,0.0234,0.0003
ac_10dB,4-205526-A-23.wav,0.1241,0.0327,0.0049,0.8474,0.0814,0.0153,0.0021,0.0052,0.0152,0.0036
ac_10dB,4-205526-B-23.wav,0.6174,0.0189,0.0090,0.5740,0.0183,0.0149,0.0029,0.0076,0.0188,0.0025
ac_10dB,4-205738-A-22.wav,0.0013,0.0005,0.0245,0.0033,0.0004,0.0216,0.0012,0.0011,0.0257,0.0035
ac_10dB,4-207116-A-23.wav,0.3776,0.0168,0.0071,0.7478,0.0165,0.0306,0.0204,0.0365,0.0300,0.0026
ac_10dB,4-207124-A-0.wav,0.0022,0.0020,0.0117,0.0086,0.0026,0.0046,0.7850,0.0008,0.2663,0.0006
ac_10dB,4-208021-A-1.wav,0.0052,0.0078,0.0109,0.0158,0.0036,0.0064,0.0178,0.0103,0.0147,0.0090
ac_10dB,4-209536-A-37.wav,0.0039,0.0006,0.0172,0.0040,0.0003,0.0109,0.0010,0.0018,0.0582,0.0008
ac_10dB,4-209698-A-37.wav,0.0225,0.0116,0.0103,0.0309,0.0199,0.0206,0.0123,0.0354,0.0347,0.0232
ac_10dB,4-210000-A-23.wav,0.7894,0.0232,0.0082,0.9102,0.0623,0.0240,0.0108,0.0114,0.0852,0.0063
ac_10dB,4-210000-B-23.wav,0.3401,0.0058,0.0081,0.8898,0.0074,0.0164,0.0134,0.0230,0.0264,0.0040
ac_10dB,4-210309-A-31.wav,0.0392,0.0147,0.0025,0.0729,0.0184,0.0145,0.0145,0.0179,0.0344,0.0145
ac_10dB,4-210593-A-29.wav,0.0599,0.0147,0.0059,0.0536,0.0058,0.0181,0.0173,0.0118,0.0176,0.0022
ac_10dB,4-211502-A-30.wav,0.0152,0.0102,0.0047,0.0273,0.0076,0.0161,0.0168,0.0211,0.0605,0.0084
ac_10dB,4-212604-A-15.wav,0.0173,0.0250,0.0557,0.0167,0.0178,0.1501,0.0227,0.0190,0.0413,0.0021
ac_10dB,4-212604-B-15.wav,0.0037,0.0060,0.0025,0.0036,0.0020,0.0032,0.0070,0.0006,0.0288,0.0042
ac_10dB,4-212604-C-15.wav,0.0136,0.0158,0.0050,0.0158,0.0056,0.0145,0.0088,0.0048,0.0182,0.0056
ac_10dB,4-212698-A-39.wav,0.0072,0.0066,0.0096,0.0116,0.0046,0.0156,0.0073,0.0113,0.0420,0.0078
ac_10dB,4-212728-A-34.wav,0.0262,0.0078,0.0130,0.0303,0.0225,0.0234,0.0151,0.0101,0.0233,0.0042
ac_10dB,4-213193-A-29.wav,0.0446,0.0284,0.0056,0.0291,0.0192,0.0065,0.0085,0.0112,0.0337,0.0012
ac_10dB,4-213915-A-3.wav,0.0117,0.0026,0.0284,0.0096,0.0035,0.0069,0.0131,0.0046,0.0318,0.0009
ac_10dB,4-213915-B-3.wav,0.0032,0.0004,0.0102,0.0072,0.0009,0.0102,0.0012,0.0005,0.0037,0.0001
ac_10dB,4-213915-C-3.wav,0.0013,0.0002,0.0222,0.0017,0.0001,0.0009,0.0011,0.0002,0.0077,0.0005
ac_10dB,4-215635-A-34.wav,0.0045,0.0042,0.0040,0.0106,0.0039,0.0130,0.0177,0.0065,0.2269,0.0064
ac_10dB,4-216211-A-14.wav,0.0052,0.0043,0.0892,0.0150,0.0040,0.0193,0.0162,0.0051,0.1531,0.0017
ac_10dB,4-216349-A-34.wav,0.0040,0.0016,0.0045,0.0046,0.0012,0.0140,0.0056,0.0032,0.0831,0.0007
ac_10dB,4-218199-A-35.wav,0.0070,0.0063,0.0106,0.0078,0.0045,0.0150,0.0184,0.0237,0.0273,0.0030
ac_10dB,4-218199-B-35.wav,0.0029,0.0032,0.0158,0.0033,0.0031,0.0093,0.0053,0.0376,0.0342,0.0045
ac_10dB,4-218199-C-35.wav,0.0038,0.0029,0.0217,0.0046,0.0013,0.0089,0.0034,0.0039,0.0597,0.0031
ac_10dB,4-218199-D-35.wav,0.0010,0.0009,0.0040,0.0019,0.0007,0.0041,0.0017,0.0013,0.0195,0.0013
ac_10dB,4-218199-E-35.wav,0.0132,0.0024,0.0303,0.0118,0.0031,0.0110,0.0023,0.0062,0.0428,0.0015
ac_10dB,4-218199-F-35.wav,0.0071,0.0035,0.0098,0.0110,0.0024,0.0063,0.0127,0.0680,0.0238,0.0075
ac_10dB,4-218199-G-35.wav,0.0120,0.0028,0.0230,0.0237,0.0021,0.0201,0.0031,0.0040,0.0252,0.0061
ac_10dB,4-218199-H-35.wav,0.0007,0.0004,0.0103,0.0029,0.0003,0.0023,0.0018,0.0049,0.0419,0.0003
ac_10dB,4-218304-A-25.wav,0.0120,0.0036,0.0037,0.0126,0.0027,0.0245,0.0063,0.0118,0.0254,0.0023
ac_10dB,4-218304-B-25.wav,0.0061,0.0048,0.0044,0.0120,0.0036,0.0212,0.0112,0.0092,0.0423,0.0019
ac_10dB,4-223125-A-14.wav,0.0071,0.0046,0.0106,0.0115,0.0031,0.0104,0.0059,0.0051,0.0646,0.0219
ac_10dB,4-223127-A-14.wav,0.0154,0.0050,0.0076,0.0372,0.0075,0.0146,0.0053,0.0039,0.0708,0.0019
ac_10dB,4-232495-A-6.wav,0.0002,0.0211,0.0320,0.0015,0.0024,0.3195,0.0045,0.0003,0.0108,0.0001
ac_10dB,4-234644-A-2.wav,0.0021,0.0003,0.0577,0.0022,0.0006,0.0244,0.0004,0.0013,0.0060,0.0001
ac_10dB,4-234879-A-6.wav,0.0078,0.0374,0.0312,0.0106,0.0075,0.0150,0.0174,0.0013,0.0365,0.0033
ac_10dB,4-244318-A-6.wav,0.0066,0.0025,0.0031,0.0076,0.0010,0.0041,0.0128,0.0022,0.0187,0.0004
ac_10dB,4-250864-A-8.wav,0.0014,0.0003,0.0241,0.0031,0.0004,0.0099,0.0008,0.0021,0.0233,0.0017
ac_10dB,4-250869-A-2.wav,0.2671,0.0098,0.0614,0.2998,0.0137,0.0727,0.0197,0.0437,0.0114,0.0046
ac_10dB,4-250869-B-2.wav,0.0101,0.0029,0.0409,0.1212,0.0127,0.0062,0.0305,0.0007,0.0055,0.0024
ac_10dB,4-250869-C-2.wav,0.0024,0.0034,0.0280,0.0051,0.0011,0.0114,0.0168,0.0043,0.0117,0.0073
ac_10dB,4-251645-A-49.wav,0.0018,0.0003,0.0074,0.0094,0.0009,0.0033,0.0022,0.0001,0.0069,0.0002
ac_10dB,4-251645-B-49.wav,0.0046,0.0036,0.0141,0.0145,0.0025,0.0107,0.0038,0.0049,0.0184,0.0090
ac_10dB,4-251959-A-47.wav,0.0261,0.0028,0.0090,0.0184,0.0017,0.0207,0.0109,0.0100,0.0761,0.0037
ac_10dB,4-253649-A-6.wav,0.0020,0.0014,0.0155,0.0020,0.0012,0.0092,0.0239,0.0030,0.0603,0.0009
ac_10dB,4-255371-A-47.wav,0.0022,0.0009,0.0063,0.0031,0.0006,0.0019,0.0083,0.0021,0.0203,0.0002
ac_10dB,4-261068-A-30.wav,0.0136,0.0071,0.0034,0.0206,0.0021,0.0147,0.0046,0.0167,0.0130,0.0013
ac_10dB,4-264453-A-34.wav,0.0098,0.0045,0.0262,0.0116,0.0045,0.0295,0.0084,0.0091,0.0538,0.0020
ac_10dB,4-59579-A-20.wav,0.0013,0.0026,0.0296,0.0020,0.0070,0.1012,0.0013,0.0023,0.0091,0.0021
ac_10dB,4-59579-B-20.wav,0.0136,0.0293,0.2637,0.0340,0.0137,0.5071,0.0168,0.0292,0.0670,0.0035
ac_10dB,4-67358-A-42.wav,0.0020,0.0021,0.0066,0.0041,0.0014,0.0214,0.0024,0.0018,0.0559,0.0012
ac_10dB,4-80761-A-42.wav,0.0011,0.0001,0.0076,0.0033,0.0002,0.0048,0.0049,0.0016,0.0562,0.0002
ac_10dB,4-90014-A-42.wav,0.0003,0.0001,0.0034,0.0007,0.0002,0.0019,0.0014,0.0010,0.2543,0.0003
ac_10dB,4-90014-B-42.wav,0.0009,0.0004,0.0406,0.0006,0.0005,0.0077,0.0027,0.0039,0.5482,0.0017
ac_10dB,4-99193-A-4.wav,0.0007,0.0002,0.0139,0.0011,0.0005,0.0046,0.0027,0.0010,0.0525,0.0002
ac_10dB,4-99193-B-4.wav,0.0016,0.0007,0.0323,0.0038,0.0005,0.0147,0.0043,0.0019,0.0144,0.0013
ac_10dB,4-99644-A-4.wav,0.0168,0.0056,0.0279,0.0245,0.0078,0.0103,0.0109,0.0019,0.0294,0.0002
ac_10dB,4-99644-B-4.wav,0.0006,0.0001,0.0036,0.0015,0.0001,0.0017,0.0020,0.0002,0.0056,0.0003
ac_10dB,4-99644-C-4.wav,0.0003,0.0001,0.0035,0.0005,0.0002,0.0025,0.0026,0.0004,0.0067,0.0007
ac_10dB,4-99644-D-4.wav,0.0057,0.0011,0.0109,0.0073,0.0014,0.0111,0.0052,0.0056,0.0581,0.0006
ac_10dB,5-103415-A-2.wav,0.0025,0.0012,0.0145,0.0032,0.0003,0.0033,0.0109,0.0005,0.0106,0.0007
ac_10dB,5-103416-A-2.wav,0.0055,0.0027,0.0751,0.0191,0.0026,0.0209,0.0034,0.0154,0.0537,0.0034
ac_10dB,5-103418-A-2.wav,0.0194,0.0137,0.0420,0.0406,0.0077,0.0205,0.0305,0.0109,0.0307,0.0078
ac_10dB,5-103420-A-2.wav,0.0146,0.0194,0.0831,0.0323,0.0295,0.0646,0.0183,0.0326,0.0298,0.0046
ac_10dB,5-103421-A-2.wav,0.0012,0.0004,0.0100,0.0030,0.0001,0.0028,0.0004,0.0007,0.0212,0.0000
ac_10dB,5-103422-A-2.wav,0.0491,0.0054,0.0150,0.0341,0.0063,0.0154,0.0081,0.0110,0.0222,0.0012
ac_10dB,5-117118-A-42.wav,0.0008,0.0002,0.0120,0.0021,0.0003,0.0039,0.0022,0.0023,0.3104,0.0001
ac_10dB,5-117120-A-42.wav,0.0010,0.0012,0.0132,0.0031,0.0007,0.0124,0.0040,0.0012,0.3067,0.0025
ac_10dB,5-117122-A-42.wav,0.0014,0.0004,0.0147,0.0027,0.0007,0.0040,0.0021,0.0033,0.0839,0.0006
ac_10dB,5-117250-A-2.wav,0.0059,0.0065,0.6805,0.0064,0.0136,0.0337,0.0100,0.0178,0.0707,0.0035
ac_10dB,5-117773-A-16.wav,0.0080,0.0070,0.0096,0.0163,0.0070,0.0231,0.0120,0.0146,0.0684,0.0035
ac_10dB,5-127990-A-2.wav,0.0025,0.0137,0.0748,0.0081,0.0181,0.0377,0.0342,0.0013,0.0176,0.0014
ac_10dB,5-133989-A-42.wav,0.0009,0.0005,0.0090,0.0021,0.0004,0.0105,0.0049,0.0019,0.4536,0.0011
ac_10dB,5-133989-B-42.wav,0.0005,0.0032,0.0118,0.0013,0.0013,0.0121,0.0046,0.0022,0.1104,0.0002
ac_10dB,5-141683-A-35.wav,0.0117,0.0053,0.0045,0.0138,0.0034,0.0132,0.0077,0.0067,0.0660,0.0079
ac_10dB,5-147297-A-27.wav,0.0090,0.0004,0.0049,0.0400,0.0012,0.0070,0.0026,0.0005,0.0156,0.0032
ac_10dB,5-150409-A-42.wav,0.0047,0.0008,0.0218,0.0060,0.0015,0.0077,0.0028,0.0064,0.5723,0.0066
ac_10dB,5-151085-A-20.wav,0.0074,0.0037,0.0164,0.0134,0.0022,0.0609,0.0007,0.0030,0.0083,0.0011
ac_10dB,5-156026-A-4.wav,0.0309,0.0023,0.0265,0.0470,0.0035,0.0057,0.0082,0.0022,0.0127,0.0219
ac_10dB,5-156026-B-4.wav,0.0235,0.0028,0.0983,0.0204,0.0030,0.0149,0.0451,0.0085,0.1901,0.0009
ac_10dB,5-156026-C-4.wav,0.0049,0.0036,0.0087,0.0067,0.0018,0.0206,0.0056,0.0038,0.0991,0.0019
ac_10dB,5-156026-D-4.wav,0.0195,0.0014,0.0152,0.0215,0.0010,0.0036,0.0028,0.0044,0.0071,0.0022
ac_10dB,5-156698-A-18.wav,0.0015,0.0009,0.0167,0.0045,0.0017,0.0122,0.0039,0.0031,0.0148,0.0061
ac_10dB,5-156999-A-19.wav,0.0118,0.0006,0.0082,0.0134,0.0015,0.0109,0.0050,0.0157,0.0114,0.0045
ac_10dB,5-156999-B-19.wav,0.0075,0.0064,0.0088,0.0123,0.0082,0.0224,0.0294,0.0096,0.0546,0.0131
ac_10dB,5-156999-C-19.wav,0.0037,0.0030,0.0112,0.0055,0.0015,0.0043,0.0121,0.0034,0.0367,0.0029
ac_10dB,5-156999-D-19.wav,0.0035,0.0021,0.0015,0.0073,0.0005,0.0075,0.0072,0.0048,0.0173,0.0006
ac_10dB,5-156999-E-19.wav,0.0068,0.0020,0.0158,0.0070,0.0024,0.0078,0.0091,0.0165,0.0319,0.0342
ac_10dB,5-157204-A-16.wav,0.0123,0.0044,0.0095,0.0157,0.0071,0.0095,0.0047,0.0065,0.0358,0.0132
ac_10dB,5-157204-B-16.wav,0.0183,0.0023,0.0096,0.0160,0.0015,0.0110,0.0036,0.0065,0.0836,0.0061
ac_10dB,5-160551-A-42.wav,0.0007,0.0009,0.0116,0.0012,0.0008,0.0119,0.0017,0.0013,0.0785,0.0003
ac_10dB,5-160614-A-48.wav,0.0045,0.0014,0.0045,0.0041,0.0004,0.0185,0.0096,0.0029,0.0157,0.0009
ac_10dB,5-160614-B-48.wav,0.0019,0.0011,0.0054,0.0044,0.0003,0.0225,0.0030,0.0036,0.0123,0.0010
ac_10dB,5-160614-C-48.wav,0.0050,0.0021,0.0280,0.0061,0.0035,0.0167,0.0264,0.0072,0.0329,0.0020
ac_10dB,5-160614-D-48.wav,0.0022,0.0019,0.0051,0.0038,0.0012,0.0122,0.0104,0.0012,0.0257,0.0038
ac_10dB,5-160614-E-48.wav,0.0212,0.0022,0.0098,0.0200,0.0012,0.0068,0.0109,0.0023,0.0080,0.0119
ac_10dB,5-160614-F-48.wav,0.0011,0.0005,0.0205,0.0033,0.0009,0.0108,0.0052,0.0035,0.0143,0.0008
ac_10dB,5-160614-G-48.wav,0.0023,0.0036,0.0137,0.0066,0.0017,0.0197,0.0042,0.0048,0.0127,0.0060
ac_10dB,5-160614-H-48.wav,0.0024,0.0013,0.0053,0.0053,0.0004,0.0083,0.0025,0.0022,0.0123,0.0005
ac_10dB,5-161270-A-33.wav,0.1254,0.0041,0.0502,0.2335,0.0041,0.0132,0.0055,0.0145,0.0489,0.0113
ac_10dB,5-161270-B-33.wav,0.0512,0.0040,0.0070,0.0569,0.0048,0.0198,0.0103,0.0084,0.0433,0.0066
ac_10dB,5-169983-A-5.wav,0.0018,0.0032,0.0707,0.0048,0.0010,0.0091,0.0581,0.0054,0.4430,0.0034
ac_10dB,5-170338-A-41.wav,0.0243,0.0030,0.0148,0.0285,0.0016,0.0095,0.0066,0.0064,0.1193,0.0027
ac_10dB,5-170338-B-41.wav,0.0017,0.0022,0.0103,0.0067,0.0006,0.0025,0.0018,0.0007,0.0087,0.0015
ac_10dB,5-171118-A-26.wav,0.0479,0.0256,0.0899,0.0861,0.0717,0.5867,0.0233,0.1077,0.0495,0.0088
ac_10dB,5-171653-A-41.wav,0.4360,0.0009,0.0029,0.3163,0.0004,0.0029,0.0031,0.0048,0.0127,0.0011
ac_10dB,5-172299-A-5.wav,0.0007,0.0010,0.0736,0.0008,0.0002,0.0023,0.0038,0.0009,0.0260,0.0002
ac_10dB,5-172639-A-5.wav,0.0334,0.0106,0.0428,0.1482,0.0094,0.0236,0.0050,0.0026,0.0103,0.0071
ac_10dB,5-173568-A-33.wav,0.0178,0.0148,0.0090,0.0399,0.0108,0.0226,0.0311,0.0198,0.3103,0.0193
ac_10dB,5-177034-A-18.wav,0.0650,0.0961,0.0159,0.1179,0.0745,0.0088,0.0070,0.0107,0.1309,0.0038
ac_10dB,5-177614-A-5.wav,0.0163,0.0044,0.1318,0.0291,0.0028,0.0269,0.0190,0.0083,0.0828,0.0035
ac_10dB,5-177779-A-33.wav,0.0152,0.0029,0.0049,0.0175,0.0058,0.0110,0.0048,0.0214,0.0243,0.0122
ac_10dB,5-177957-A-40.wav,0.0072,0.0033,0.0123,0.0165,0.0048,0.0156,0.0073,0.0064,0.0410,0.0030
ac_10dB,5-177957-B-40.wav,0.0424,0.0045,0.0034,0.0385,0.0043,0.0068,0.0170,0.0411,0.0677,0.0012
ac_10dB,5-177957-C-40.wav,0.0043,0.0009,0.0062,0.0070,0.0019,0.0062,0.0073,0.0095,0.0556,0.0012
ac_10dB,5-177957-D-40.wav,0.0033,0.0010,0.0204,0.0052,0.0009,0.0027,0.0035,0.0019,0.0436,0.0001
ac_10dB,5-177957-E-40.wav,0.0047,0.0036,0.0026,0.0109,0.0024,0.0060,0.0058,0.0028,0.0157,0.0007
ac_10dB,5-178997-A-24.wav,0.0316,0.8159,0.0240,0.0704,0.4417,0.1552,0.0227,0.0037,0.0197,0.0019
ac_10dB,5-179294-A-46.wav,0.0029,0.0015,0.0223,0.0058,0.0037,0.0045,0.0078,0.0027,0.0153,0.0062
ac_10dB,5-179496-A-16.wav,0.0067,0.0009,0.0079,0.0084,0.0024,0.0048,0.0044,0.0079,0.1632,0.0091
ac_10dB,5-179496-B-16.wav,0.0018,0.0006,0.0098,0.0026,0.0022,0.0084,0.0084,0.0014,0.0449,0.0063
ac_10dB,5-179860-A-43.wav,0.0090,0.0093,0.0052,0.0196,0.0042,0.0079,0.0060,0.0088,0.9434,0.0080
ac_10dB,5-179863-A-43.wav,0.0090,0.0069,0.0060,0.0144,0.0046,0.0143,0.0049,0.0125,0.9723,0.0074
ac_10dB,5-179865-A-43.wav,0.0142,0.0093,0.0138,0.0181,0.0092,0.0204,0.0300,0.0340,0.9732,0.0103
ac_10dB,5-179866-A-43.wav,0.0191,0.0062,0.0138,0.0199,0.0103,0.0184,0.0216,0.0254,0.9628,0.0051
ac_10dB,5-179868-A-43.wav,0.0053,0.0034,0.5923,0.0152,0.0073,0.0160,0.0119,0.0127,0.5255,0.0054
ac_10dB,5-180156-A-43.wav,0.0026,0.0019,0.0118,0.0049,0.0036,0.0260,0.0063,0.0046,0.9291,0.0014
ac_10dB,5-180156-B-43.wav,0.0020,0.0057,0.0125,0.0064,0.0022,0.0082,0.0076,0.0070,0.9695,0.0014
ac_10dB,5-180156-C-43.wav,0.0010,0.0015,0.0209,0.0014,0.0025,0.0070,0.0096,0.0025,0.9302,0.0015
ac_10dB,5-180229-A-27.wav,0.0039,0.0022,0.0665,0.0237,0.0042,0.1417,0.0031,0.0002,0.0152,0.0003
ac_10dB,5-181458-A-33.wav,0.0025,0.0026,0.0392,0.0045,0.0033,0.0174,0.0078,0.0136,0.1358,0.0033
ac_10dB,5-181766-A-10.wav,0.0028,0.0014,0.0069,0.0036,0.0013,0.0220,0.0036,0.0026,0.0812,0.0005
ac_10dB,5-181977-A-35.wav,0.0321,0.0042,0.0228,0.0247,0.0058,0.0177,0.0125,0.0099,0.0551,0.0065
ac_10dB,5-182007-A-36.wav,0.0028,0.0023,0.0076,0.0059,0.0018,0.0073,0.0033,0.0012,0.0236,0.0072
ac_10dB,5-182010-A-36.wav,0.0010,0.0006,0.0032,0.0025,0.0009,0.0034,0.0017,0.0005,0.0489,0.0012
ac_10dB,5-182012-A-36.wav,0.0013,0.0010,0.0075,0.0024,0.0007,0.0077,0.0030,0.0004,0.0182,0.0042
ac_10dB,5-182404-A-18.wav,0.0017,0.0013,0.0107,0.0034,0.0005,0.0054,0.0031,0.0079,0.0122,0.0022
ac_10dB,5-184323-A-42.wav,0.0008,0.0005,0.0083,0.0013,0.0004,0.0044,0.0049,0.0016,0.1326,0.0001
ac_10dB,5-184871-A-24.wav,0.0346,0.9984,0.0582,0.4574,0.3090,0.0161,0.0095,0.0055,0.0287,0.0365
ac_10dB,5-185516-A-27.wav,0.0010,0.0010,0.0027,0.0023,0.0003,0.0060,0.0040,0.0011,0.0163,0.0092
ac_10dB,5-185579-A-41.wav,0.0030,0.0005,0.1330,0.0077,0.0009,0.0048,0.0013,0.0035,0.0424,0.0026
ac_10dB,5-185579-B-41.wav,0.0010,0.0007,0.0059,0.0022,0.0003,0.0058,0.0015,0.0013,0.0179,0.0014
ac_10dB,5-185908-A-18.wav,0.0008,0.0010,0.0184,0.0031,0.0004,0.0128,0.0066,0.0004,0.0051,0.0024
ac_10dB,5-186924-A-12.wav,0.0008,0.0023,0.0040,0.0016,0.0006,0.0087,0.0043,0.0026,0.0084,0.0003
ac_10dB,5-187201-A-4.wav,0.0016,0.0005,0.0103,0.0020,0.0008,0.0044,0.0055,0.0003,0.0244,0.0026
ac_10dB,5-187201-B-4.wav,0.0028,0.0021,0.0430,0.0054,0.0016,0.0135,0.0067,0.0013,0.0130,0.0020
ac_10dB,5-187444-A-33.wav,0.0038,0.0004,0.0236,0.0058,0.0005,0.0048,0.0027,0.0109,0.2452,0.0071
ac_10dB,5-187979-A-21.wav,0.0128,0.9729,0.0174,0.0695,0.7575,0.0271,0.0049,0.0047,0.0626,0.0015
ac_10dB,5-188365-A-36.wav,0.0016,0.0010,0.0065,0.0030,0.0006,0.0149,0.0022,0.0008,0.0185,0.0071
ac_10dB,5-188495-A-19.wav,0.0035,0.0017,0.0055,0.0046,0.0076,0.0084,0.0041,0.0045,0.1324,0.0007
ac_10dB,5-188606-A-33.wav,0.0461,0.0038,0.0133,0.0419,0.0065,0.0337,0.0056,0.0099,0.0635,0.0016
ac_10dB,5-188655-A-10.wav,0.0040,0.0063,0.0058,0.0060,0.0032,0.0350,0.0061,0.0059,0.0537,0.0008
ac_10dB,5-188716-A-46.wav,0.0006,0.0005,0.0040,0.0012,0.0003,0.0032,0.0011,0.0003,0.0102,0.0008
ac_10dB,5-188796-A-45.wav,0.0019,0.0013,0.0143,0.0024,0.0009,0.0106,0.0093,0.0056,0.0302,0.0007
ac_10dB,5-188945-A-45.wav,0.0004,0.0004,0.0147,0.0005,0.0004,0.0058,0.0013,0.0004,0.0623,0.0019
ac_10dB,5-189212-A-12.wav,0.0055,0.0044,0.1198,0.0054,0.0010,0.0132,0.0102,0.0040,0.0276,0.0002
ac_10dB,5-189237-A-12.wav,0.0171,0.0030,0.0014,0.0141,0.0018,0.0091,0.0077,0.0035,0.0281,0.0002
ac_10dB,5-189795-A-4.wav,0.0009,0.0002,0.0078,0.0013,0.0003,0.0034,0.0010,0.0004,0.0094,0.0001
ac_10dB,5-191131-A-40.wav,0.0221,0.0035,0.0145,0.0185,0.0022,0.0072,0.0091,0.0037,0.0450,0.0011
ac_10dB,5-191497-A-33.wav,0.0398,0.0036,0.1206,0.0588,0.0037,0.0383,0.0100,0.0038,0.0187,0.0021
ac_10dB,5-192191-A-19.wav,0.0031,0.0017,0.0052,0.0096,0.0015,0.0097,0.0039,0.0097,0.0146,0.0008
ac_10dB,5-193339-A-10.wav,0.0035,0.0042,0.0090,0.0045,0.0029,0.0352,0.0044,0.0077,0.0290,0.0053
ac_10dB,5-193473-A-12.wav,0.0015,0.0015,0.0048,0.0029,0.0005,0.0140,0.0018,0.0091,0.0127,0.0003
ac_10dB,5-193473-B-12.wav,0.0010,0.0017,0.0031,0.0026,0.0006,0.0096,0.0038,0.0101,0.0194,0.0002
ac_10dB,5-194533-A-21.wav,0.0279,0.1731,0.0582,0.0657,0.9845,0.0458,0.0220,0.0130,0.0796,0.0295
ac_10dB,5-194892-A-10.wav,0.0034,0.0028,0.0113,0.0047,0.0021,0.0229,0.0021,0.0038,0.0501,0.0014
ac_10dB,5-194899-A-3.wav,0.0066,0.0110,0.0239,0.0129,0.0038,0.0177,0.0161,0.0070,0.2271,0.0016
ac_10dB,5-194899-B-3.wav,0.0052,0.0053,0.1125,0.0121,0.0051,0.0164,0.0075,0.0051,0.0310,0.0037
ac_10dB,5-194899-C-3.wav,0.2998,0.0122,0.0190,0.2188,0.0159,0.0329,0.0143,0.0103,0.0435,0.0215
ac_10dB,5-194899-D-3.wav,0.0397,0.0038,0.0123,0.0330,0.0023,0.0150,0.0088,0.0071,0.0666,0.0017
ac_10dB,5-194930-A-1.wav,0.0118,0.0082,0.0153,0.0112,0.0050,0.0308,0.0164,0.0051,0.0489,0.0009
ac_10dB,5-194930-B-1.wav,0.0044,0.0267,0.0168,0.0205,0.0088,0.0187,0.0747,0.0048,0.0611,0.0075
ac_10dB,5-194932-A-7.wav,0.0348,0.0036,0.0344,0.0905,0.0046,0.0111,0.0073,0.0068,0.0081,0.0111
ac_10dB,5-195517-A-7.wav,0.0077,0.0092,0.0200,0.0177,0.0233,0.1112,0.0253,0.0298,0.0220,0.0074
ac_10dB,5-195518-A-7.wav,0.1159,0.0041,0.0269,0.0963,0.0027,0.0126,0.0180,0.0036,0.0318,0.0156
ac_10dB,5-195557-A-19.wav,0.0018,0.0014,0.0069,0.0021,0.0007,0.0040,0.0038,0.0011,0.0044,0.0002
ac_10dB,5-195710-A-10.wav,0.0195,0.0132,0.0205,0.0198,0.0118,0.0309,0.0075,0.0120,0.0504,0.0054
ac_10dB,5-197118-A-45.wav,0.0222,0.0080,0.0154,0.0519,0.0309,0.0295,0.0039,0.0045,0.0736,0.0122
ac_10dB,5-197121-A-45.wav,0.0095,0.0023,0.0212,0.0151,0.0027,0.0268,0.0023,0.0038,0.0379,0.0024
ac_10dB,5-197121-B-45.wav,0.0017,0.0010,0.0075,0.0021,0.0005,0.0087,0.0018,0.0053,0.0537,0.0008
ac_10dB,5-197446-A-7.wav,0.0082,0.0400,0.0129,0.0085,0.0068,0.0234,0.0093,0.0198,0.0161,0.0025
ac_10dB,5-197913-A-18.wav,0.0285,0.0084,0.0084,0.0307,0.0061,0.0106,0.0061,0.0020,0.0178,0.0062
ac_10dB,5-197988-A-46.wav,0.0018,0.0003,0.0080,0.0023,0.0002,0.0030,0.0023,0.0019,0.0623,0.0045
ac_10dB,5-198278-A-7.wav,0.0007,0.0005,0.0120,0.0024,0.0006,0.0032,0.0081,0.0034,0.0073,0.0040
ac_10dB,5-198278-B-7.wav,0.0010,0.0008,0.0089,0.0023,0.0011,0.0031,0.0069,0.0049,0.0097,0.0022
ac_10dB,5-198278-C-7.wav,0.0010,0.0006,0.0388,0.0039,0.0011,0.0047,0.0096,0.0041,0.0082,0.0016
ac_10dB,5-198321-A-10.wav,0.0040,0.0036,0.0178,0.0090,0.0033,0.0273,0.0027,0.0041,0.0516,0.0020
ac_10dB,5-198373-A-46.wav,0.0028,0.0015,0.0233,0.0054,0.0019,0.0064,0.0039,0.0017,0.0324,0.0017
ac_10dB,5-198411-A-20.wav,0.0043,0.0013,0.1019,0.0076,0.0009,0.0686,0.0030,0.0158,0.0160,0.0021
ac_10dB,5-198411-B-20.wav,0.0026,0.0064,0.4828,0.0096,0.0054,0.8983,0.0032,0.0032,0.0054,0.0011
ac_10dB,5-198411-C-20.wav,0.0037,0.0073,0.2459,0.0106,0.0023,0.2183,0.0022,0.0032,0.0181,0.0016
ac_10dB,5-198411-D-20.wav,0.0009,0.0070,0.0874,0.0017,0.0004,0.1504,0.0009,0.0016,0.0210,0.0005
ac_10dB,5-198411-E-20.wav,0.0014,0.0033,0.0825,0.0042,0.0007,0.1942,0.0014,0.0018,0.0060,0.0006
ac_10dB,5-198411-F-20.wav,0.0179,0.0098,0.0997,0.0298,0.0042,0.1833,0.0040,0.0314,0.0081,0.0033
ac_10dB,5-198411-G-20.wav,0.0052,0.0154,0.2783,0.0124,0.0036,0.4031,0.0029,0.0047,0.0094,0.0026
ac_10dB,5-198600-A-45.wav,0.0008,0.0004,0.0093,0.0012,0.0006,0.0028,0.0009,0.0002,0.0414,0.0010
ac_10dB,5-198891-A-8.wav,0.3626,0.0036,0.0092,0.2110,0.0108,0.0089,0.0335,0.0060,0.0344,0.0069
ac_10dB,5-198891-B-8.wav,0.0020,0.0005,0.0102,0.0046,0.0101,0.0013,0.0011,0.0022,0.0650,0.0006
ac_10dB,5-198891-C-8.wav,0.0005,0.0002,0.0190,0.0013,0.0030,0.0029,0.0026,0.0016,0.0836,0.0051
ac_10dB,5-198891-D-8.wav,0.0006,0.0003,0.0103,0.0010,0.0007,0.0024,0.0015,0.0025,0.4222,0.0012
ac_10dB,5-199284-A-45.wav,0.0036,0.0017,0.0115,0.0072,0.0016,0.0077,0.0035,0.0154,0.0704,0.0023
ac_10dB,5-199284-B-45.wav,0.0012,0.0007,0.0142,0.0020,0.0005,0.0045,0.0017,0.0009,0.0324,0.0050
ac_10dB,5-200329-A-8.wav,0.0121,0.0014,0.0588,0.0137,0.0027,0.0173,0.0276,0.0069,0.0973,0.0037
ac_10dB,5-200329-B-8.wav,0.0060,0.0008,0.0256,0.0079,0.0038,0.0046,0.0038,0.0046,0.0086,0.0007
ac_10dB,5-200329-C-8.wav,0.0149,0.0003,0.0279,0.0149,0.0024,0.0085,0.0016,0.0132,0.0118,0.0018
ac_10dB,5-200334-A-1.wav,0.0004,0.0022,0.0810,0.0011,0.0008,0.0230,0.0086,0.0038,0.0121,0.0003
ac_10dB,5-200334-B-1.wav,0.0066,0.0045,0.0019,0.0100,0.0024,0.0056,0.0093,0.0046,0.0156,0.0022
ac_10dB,5-200339-A-1.wav,0.0040,0.0031,0.0468,0.0106,0.0027,0.0184,0.0041,0.0021,0.0206,0.0016
ac_10dB,5-200461-A-11.wav,0.0016,0.0016,0.0127,0.0076,0.0009,0.0082,0.0068,0.0081,0.0306,0.0028
ac_10dB,5-200461-B-11.wav,0.0022,0.0041,0.0358,0.0057,0.0035,0.0335,0.0088,0.0117,0.0830,0.0041
ac_10dB,5-201170-A-46.wav,0.0004,0.0003,0.0105,0.0017,0.0005,0.0046,0.0033,0.0006,0.0337,0.0007
ac_10dB,5-201172-A-46.wav,0.0158,0.0148,0.0112,0.0594,0.0429,0.0295,0.0116,0.0021,0.0305,0.0027
ac_10dB,5-201194-A-38.wav,0.0022,0.0049,0.0123,0.0039,0.0047,0.0117,0.0023,0.0088,0.0466,0.0034
ac_10dB,5-201274-A-21.wav,0.0145,0.1290,0.0270,0.1777,0.6415,0.0290,0.0260,0.0424,0.0118,0.0030
ac_10dB,5-201664-A-18.wav,0.0058,0.0003,0.0336,0.0086,0.0008,0.0045,0.0019,0.0014,0.0024,0.0013
ac_10dB,5-202020-A-18.wav,0.0009,0.0001,0.0035,0.0021,0.0001,0.0021,0.0016,0.0008,0.0110,0.0027
ac_10dB,5-202220-A-21.wav,0.0276,0.2963,0.1073,0.4414,0.5344,0.4503,0.0148,0.0017,0.0299,0.0059
ac_10dB,5-202540-A-18.wav,0.0003,0.0004,0.0105,0.0006,0.0001,0.0013,0.0007,0.0004,0.0032,0.0016
ac_10dB,5-202795-A-3.wav,0.0056,0.0015,0.0142,0.0311,0.0098,0.0010,0.0081,0.0016,0.0280,0.0009
ac_10dB,5-202898-A-10.wav,0.0046,0.0052,0.0218,0.0109,0.0023,0.0627,0.0057,0.0042,0.0367,0.0040
ac_10dB,5-203128-A-0.wav,0.0030,0.0023,0.0078,0.0047,0.0014,0.0142,0.7869,0.0047,0.1181,0.0008
ac_10dB,5-203128-B-0.wav,0.0012,0.0017,0.0031,0.0031,0.0021,0.0051,0.7173,0.0010,0.0581,0.0006
ac_10dB,5-203739-A-10.wav,0.0015,0.0031,0.0146,0.0023,0.0011,0.0325,0.0055,0.0037,0.0311,0.0022
ac_10dB,5-204114-A-29.wav,0.0004,0.0153,0.0180,0.0019,0.0039,0.0107,0.0062,0.0030,0.0067,0.0010
ac_10dB,5-204352-A-13.wav,0.0003,0.0005,0.0079,0.0004,0.0004,0.0042,0.0054,0.0036,0.0373,0.0005
ac_10dB,5-204352-B-13.wav,0.0013,0.0009,0.0150,0.0022,0.0004,0.0052,0.0070,0.0034,0.0123,0.0002
ac_10dB,5-204604-A-24.wav,0.0073,0.9638,0.0117,0.0189,0.1560,0.0164,0.0124,0.0081,0.0229,0.0017
ac_10dB,5-204741-A-46.wav,0.0013,0.0015,0.0077,0.0030,0.0005,0.0033,0.0057,0.0037,0.0161,0.0027
ac_10dB,5-205090-A-32.wav,0.0063,0.0064,0.0057,0.0147,0.0024,0.0071,0.0055,0.0329,0.0233,0.0300
ac_10dB,5-205589-A-17.wav,0.0014,0.0012,0.0173,0.0036,0.0009,0.0113,0.0011,0.0008,0.0060,0.0008
ac_10dB,5-205589-B-17.wav,0.0012,0.0007,0.0099,0.0048,0.0003,0.0069,0.0007,0.0001,0.0064,0.0007
ac_10dB,5-205898-A-40.wav,0.0307,0.0045,0.0065,0.0230,0.0028,0.0177,0.0035,0.0030,0.0640,0.0012
ac_10dB,5-207681-A-24.wav,0.0103,0.9984,0.1447,0.0653,0.1294,0.0171,0.0054,0.0096,0.0221,0.0044
ac_10dB,5-207781-A-17.wav,0.0117,0.0143,0.0181,0.0270,0.0158,0.0230,0.0125,0.0170,0.0155,0.0044
ac_10dB,5-207811-A-35.wav,0.0048,0.0036,0.0130,0.0134,0.0026,0.0053,0.0055,0.0045,0.0554,0.0129
ac_10dB,5-207811-B-35.wav,0.0050,0.0022,0.0096,0.0141,0.0028,0.0161,0.0055,0.0031,0.0299,0.0035
ac_10dB,5-207836-A-29.wav,0.0008,0.0011,0.0059,0.0017,0.0009,0.0083,0.0031,0.0155,0.0275,0.0060
ac_10dB,5-207836-B-29.wav,0.0959,0.0065,0.0063,0.1691,0.0366,0.0146,0.0048,0.0203,0.0210,0.0025
ac_10dB,5-207836-C-29.wav,0.1212,0.0177,0.0039,0.1421,0.0031,0.0052,0.0108,0.0034,0.0098,0.0009
ac_10dB,5-207836-D-29.wav,0.0154,0.0171,0.0837,0.0133,0.0081,0.0043,0.0085,0.0034,0.0115,0.0008
ac_10dB,5-208030-A-0.wav,0.0023,0.0071,0.0141,0.0052,0.0044,0.0016,0.9041,0.0010,0.0210,0.0002
ac_10dB,5-208624-A-38.wav,0.0016,0.0001,0.0108,0.0015,0.0003,0.0099,0.0010,0.0023,0.0086,0.0003
ac_10dB,5-208761-A-24.wav,0.0271,0.9981,0.0256,0.0597,0.0982,0.1296,0.0097,0.0039,0.0308,0.0189
ac_10dB,5-208810-A-11.wav,0.0018,0.0017,0.0094,0.0022,0.0010,0.0138,0.0042,0.0029,0.0131,0.0005
ac_10dB,5-208810-B-11.wav,0.0012,0.0020,0.0085,0.0036,0.0012,0.0151,0.0040,0.0026,0.0179,0.0008
ac_10dB,5-209698-A-38.wav,0.0027,0.0009,0.0746,0.0067,0.0054,0.0429,0.0051,0.0051,0.0414,0.0035
ac_10dB,5-209719-A-24.wav,0.0079,0.4125,0.0368,0.0172,0.0116,0.0135,0.0145,0.0075,0.0277,0.0041
ac_10dB,5-209833-A-38.wav,0.0086,0.0026,0.0074,0.0114,0.0070,0.0170,0.0072,0.0016,0.0565,0.0082
ac_10dB,5-209989-A-22.wav,0.0010,0.0009,0.1153,0.0025,0.0008,0.0484,0.0018,0.0062,0.0092,0.0018
ac_10dB,5-209992-A-44.wav,0.0007,0.0015,0.0800,0.0022,0.0040,0.0266,0.0079,0.0018,0.1066,0.0004
ac_10dB,5-209992-B-44.wav,0.0053,0.0036,0.0106,0.0059,0.0027,0.0147,0.0036,0.0026,0.0450,0.0013
ac_10dB,5-210540-A-13.wav,0.0009,0.0005,0.0097,0.0023,0.0008,0.0045,0.0029,0.0059,0.0076,0.0017
ac_10dB,5-210571-A-38.wav,0.0145,0.0880,0.0127,0.0136,0.0139,0.0300,0.0708,0.0197,0.0558,0.0014
ac_10dB,5-210612-A-37.wav,0.0014,0.0009,0.0037,0.0100,0.0014,0.0051,0.0071,0.0009,0.0169,0.0062
ac_10dB,5-211197-A-24.wav,0.0222,0.9985,0.0119,0.0685,0.1941,0.0800,0.0304,0.0107,0.0808,0.0072
ac_10dB,5-211408-A-37.wav,0.0007,0.0010,0.0169,0.0016,0.0013,0.0030,0.0033,0.0025,0.0272,0.0022
ac_10dB,5-212050-A-27.wav,0.0032,0.0009,0.0025,0.0300,0.0020,0.0066,0.0167,0.0001,0.0077,0.0009
ac_10dB,5-212054-A-36.wav,0.0008,0.0003,0.0190,0.0020,0.0002,0.0022,0.0036,0.0003,0.0801,0.0038
ac_10dB,5-212059-A-36.wav,0.0006,0.0003,0.0060,0.0012,0.0002,0.0025,0.0019,0.0002,0.0964,0.0069
ac_10dB,5-212181-A-38.wav,0.0022,0.0023,0.0064,0.0041,0.0023,0.0099,0.0107,0.0194,0.0582,0.0020
ac_10dB,5-212454-A-0.wav,0.0004,0.0017,0.0084,0.0023,0.0017,0.0118,0.8633,0.0008,0.0800,0.0007
ac_10dB,5-212730-A-17.wav,0.0020,0.0060,0.0039,0.0079,0.0010,0.0148,0.0022,0.0005,0.0052,0.0010
ac_10dB,5-212734-A-17.wav,0.0024,0.0037,0.0181,0.0060,0.0016,0.0091,0.0010,0.0004,0.0071,0.0037
ac_10dB,5-212736-A-17.wav,0.0004,0.0061,0.0131,0.0009,0.0005,0.0047,0.0022,0.0009,0.0030,0.0005
ac_10dB,5-213077-A-11.wav,0.0035,0.0024,0.0070,0.0037,0.0024,0.0268,0.0083,0.0050,0.0580,0.0047
ac_10dB,5-213293-A-23.wav,0.5266,0.0019,0.0061,0.9736,0.0093,0.0077,0.0015,0.0010,0.0197,0.0010
ac_10dB,5-213802-A-12.wav,0.0135,0.0031,0.0083,0.0182,0.0022,0.0128,0.0044,0.0042,0.0362,0.0008
ac_10dB,5-213836-A-9.wav,0.0095,0.0046,0.0097,0.0160,0.0048,0.0298,0.0056,0.0078,0.0678,0.0043
ac_10dB,5-213836-B-9.wav,0.0016,0.0027,0.0025,0.0047,0.0012,0.0044,0.0022,0.0015,0.1229,0.0019
ac_10dB,5-213836-C-9.wav,0.0059,0.0009,0.0077,0.0051,0.0007,0.0009,0.0010,0.0006,0.0345,0.0019
ac_10dB,5-213836-D-9.wav,0.0009,0.0004,0.0034,0.0030,0.0003,0.0004,0.0013,0.0001,0.0404,0.0011
ac_10dB,5-213855-A-0.wav,0.0010,0.0011,0.0038,0.0026,0.0011,0.0042,0.7269,0.0015,0.0601,0.0003
ac_10dB,5-214362-A-17.wav,0.0246,0.0016,0.0129,0.0205,0.0007,0.0296,0.0046,0.0008,0.0066,0.0015
ac_10dB,5-214759-A-5.wav,0.0286,0.0109,0.0176,0.0449,0.0130,0.0305,0.0159,0.0248,0.0385,0.0055
ac_10dB,5-214759-B-5.wav,0.0093,0.0085,0.0128,0.0131,0.0115,0.0190,0.0199,0.0121,0.1400,0.0048
ac_10dB,5-214869-A-9.wav,0.0002,0.0012,0.0069,0.0004,0.0004,0.0011,0.0060,0.0002,0.0334,0.0006
ac_10dB,5-215005-A-32.wav,0.0052,0.0032,0.0059,0.0060,0.0015,0.0103,0.0056,0.0054,0.0287,0.0009
ac_10dB,5-215172-A-13.wav,0.0022,0.0017,0.0105,0.0047,0.0039,0.0106,0.0088,0.0166,0.0517,0.0031
ac_10dB,5-215179-A-13.wav,0.0045,0.0025,0.0085,0.0148,0.0169,0.0067,0.0062,0.0317,0.1219,0.0028
ac_10dB,5-215445-A-47.wav,0.0018,0.0031,0.0145,0.0042,0.0010,0.0019,0.0070,0.0028,0.0106,0.0019
ac_10dB,5-215447-A-47.wav,0.0041,0.0015,0.0085,0.0054,0.0011,0.0064,0.0163,0.0026,0.0573,0.0017
ac_10dB,5-215449-A-47.wav,0.0120,0.0033,0.0048,0.0173,0.0031,0.0093,0.0173,0.0182,0.0216,0.0172
ac_10dB,5-215634-A-17.wav,0.0186,0.0083,0.0112,0.0138,0.0063,0.0247,0.0089,0.0215,0.0409,0.0050
ac_10dB,5-215658-A-12.wav,0.0043,0.0160,0.0109,0.0073,0.0098,0.0145,0.0200,0.0123,0.0136,0.0013
ac_10dB,5-215658-B-12.wav,0.0038,0.0043,0.0049,0.0046,0.0021,0.0121,0.0273,0.0045,0.0450,0.0020
ac_10dB,5-216131-A-32.wav,0.0025,0.0041,0.0025,0.0030,0.0010,0.0057,0.0078,0.0005,0.0316,0.0021
ac_10dB,5-216213-A-13.wav,0.0012,0.0012,0.0052,0.0016,0.0021,0.0089,0.0048,0.0014,0.0108,0.0010
ac_10dB,5-216214-A-13.wav,0.0014,0.0011,0.0064,0.0030,0.0032,0.0082,0.0056,0.0057,0.0152,0.0013
ac_10dB,5-216216-A-13.wav,0.0008,0.0008,0.0069,0.0020,0.0012,0.0064,0.0123,0.0038,0.0117,0.0016
ac_10dB,5-216368-A-28.wav,0.9671,0.0227,0.0394,0.9747,0.0012,0.0255,0.0156,0.0018,0.0030,0.0011
ac_10dB,5-216370-A-41.wav,0.0009,0.0004,0.0035,0.0019,0.0004,0.0125,0.0020,0.0004,0.0088,0.0003
ac_10dB,5-216370-B-41.wav,0.0008,0.0004,0.0068,0.0010,0.0003,0.0063,0.0011,0.0084,0.0084,0.0038
ac_10dB,5-217158-A-0.wav,0.0033,0.0026,0.0092,0.0030,0.0031,0.0296,0.2626,0.0129,0.1049,0.0013
ac_10dB,5-217186-A-16.wav,0.0118,0.0052,0.0153,0.0106,0.0053,0.0234,0.0175,0.0144,0.0877,0.0036
ac_10dB,5-217186-B-16.wav,0.0042,0.0008,0.0130,0.0070,0.0017,0.0052,0.0073,0.0211,0.0294,0.0035
ac_10dB,5-217186-C-16.wav,0.0019,0.0009,0.0105,0.0051,0.0034,0.0057,0.0048,0.0055,0.0403,0.0029
ac_10dB,5-218196-A-27.wav,0.0095,0.0009,0.0113,0.1159,0.0014,0.0277,0.0322,0.0003,0.0065,0.0043
ac_10dB,5-218196-B-27.wav,0.0068,0.0061,0.0085,0.0335,0.0064,0.0540,0.0189,0.0013,0.0121,0.0036
ac_10dB,5-218494-A-22.wav,0.0337,0.0112,0.0132,0.1000,0.0139,0.0237,0.0119,0.1358,0.0505,0.0197
ac_10dB,5-218980-A-30.wav,0.0204,0.0242,0.0863,0.0445,0.0181,0.0195,0.0291,0.0244,0.0912,0.0020
ac_10dB,5-218981-A-30.wav,0.0059,0.0028,0.0055,0.0082,0.0016,0.0173,0.0056,0.0173,0.0819,0.0014
ac_10dB,5-219044-A-46.wav,0.0019,0.0010,0.0049,0.0036,0.0006,0.0027,0.0050,0.0077,0.0537,0.0011
ac_10dB,5-219242-A-37.wav,0.0015,0.0006,0.0067,0.0065,0.0004,0.0024,0.0016,0.0005,0.0107,0.0095
ac_10dB,5-219242-B-37.wav,0.0048,0.0007,0.0109,0.0056,0.0006,0.0034,0.0008,0.0013,0.0070,0.0013
ac_10dB,5-219318-A-31.wav,0.0042,0.0004,0.0030,0.0059,0.0008,0.0014,0.0057,0.0007,0.0476,0.0008
ac_10dB,5-219342-A-38.wav,0.0112,0.0021,0.0089,0.0169,0.0021,0.0106,0.0592,0.0037,0.0190,0.0009
ac_10dB,5-219379-A-11.wav,0.0013,0.0012,0.0066,0.0031,0.0008,0.0176,0.0048,0.0061,0.0132,0.0028
ac_10dB,5-219379-B-11.wav,0.0014,0.0008,0.0157,0.0026,0.0006,0.0274,0.0062,0.0022,0.0366,0.0008
ac_10dB,5-219379-C-11.wav,0.0008,0.0019,0.0158,0.0018,0.0015,0.0184,0.0047,0.0045,0.0590,0.0012
ac_10dB,5-220026-A-21.wav,0.0277,0.0501,0.0182,0.0828,0.9834,0.0216,0.0087,0.0060,0.0833,0.0065
ac_10dB,5-220027-A-21.wav,0.0103,0.2397,0.0790,0.0905,0.9886,0.0192,0.0065,0.0042,0.0660,0.0031
ac_10dB,5-220939-A-27.wav,0.0178,0.0104,0.0093,0.0407,0.0507,0.0139,0.0058,0.0046,0.0174,0.0056
ac_10dB,5-220955-A-40.wav,0.0119,0.0110,0.0251,0.0210,0.0102,0.0346,0.0088,0.0281,0.0674,0.0116
ac_10dB,5-221518-A-21.wav,0.0212,0.6198,0.0421,0.1079,0.9853,0.0294,0.0228,0.0107,0.0208,0.0030
ac_10dB,5-221528-A-39.wav,0.0187,0.0054,0.0139,0.0210,0.0084,0.0268,0.0257,0.0220,0.0663,0.7846
ac_10dB,5-221529-A-39.wav,0.0059,0.0014,0.0537,0.0081,0.0104,0.0064,0.0098,0.1337,0.0208,0.0193
ac_10dB,5-221567-A-22.wav,0.0018,0.0011,0.1426,0.0037,0.0015,0.0187,0.0033,0.0125,0.0137,0.0048
ac_10dB,5-221568-A-22.wav,0.0018,0.0041,0.2057,0.0037,0.0020,0.0302,0.0075,0.0206,0.0263,0.0042
ac_10dB,5-221593-A-21.wav,0.0171,0.0747,0.0474,0.1273,0.6658,0.1455,0.0394,0.0153,0.0654,0.0195
ac_10dB,5-221878-A-34.wav,0.0082,0.0101,0.1786,0.0074,0.0037,0.0102,0.0120,0.0120,0.0497,0.0005
ac_10dB,5-221950-A-22.wav,0.0018,0.0041,0.0099,0.0028,0.0016,0.0338,0.0063,0.0111,0.0583,0.0025
ac_10dB,5-222041-A-9.wav,0.0045,0.0027,0.0084,0.0077,0.0011,0.0071,0.0034,0.0007,0.0756,0.0009
ac_10dB,5-222524-A-41.wav,0.0038,0.0012,0.0118,0.0046,0.0011,0.0063,0.0074,0.0017,0.0520,0.0010
ac_10dB,5-222894-A-32.wav,0.0032,0.0058,0.0019,0.0030,0.0007,0.0079,0.0074,0.0005,0.0421,0.0010
ac_10dB,5-223099-A-32.wav,0.0049,0.0011,0.0095,0.0068,0.0009,0.0046,0.0025,0.0117,0.0690,0.0042
ac_10dB,5-223099-B-32.wav,0.0006,0.0004,0.0057,0.0009,0.0002,0.0018,0.0036,0.0010,0.0863,0.0008
ac_10dB,5-223103-A-31.wav,0.0106,0.0075,0.0015,0.0110,0.0017,0.0072,0.0076,0.0038,0.0167,0.0026
ac_10dB,5-223176-A-37.wav,0.0017,0.0020,0.0077,0.0047,0.0008,0.0072,0.0050,0.0006,0.0301,0.0014
ac_10dB,5-223317-A-31.wav,0.0098,0.0015,0.0020,0.0131,0.0037,0.0028,0.0040,0.0004,0.0253,0.0014
ac_10dB,5-223810-A-35.wav,0.0034,0.0074,0.0324,0.0040,0.0054,0.0657,0.0253,0.0358,0.0460,0.0314
ac_10dB,5-231551-A-36.wav,0.0199,0.0033,0.0169,0.0160,0.0016,0.0068,0.0135,0.0105,0.0716,0.0015
ac_10dB,5-231762-A-0.wav,0.0120,0.0063,0.0081,0.0215,0.0042,0.0097,0.6566,0.0129,0.0183,0.0040
ac_10dB,5-232272-A-44.wav,0.0025,0.0008,0.0049,0.0054,0.0004,0.0038,0.0026,0.0018,0.0185,0.0027
ac_10dB,5-232802-A-31.wav,0.0052,0.0066,0.0051,0.0111,0.0166,0.0195,0.0058,0.0082,0.0353,0.0012
ac_10dB,5-232816-A-23.wav,0.0203,0.0104,0.0153,0.0257,0.0156,0.0481,0.0268,0.0244,0.1033,0.0083
ac_10dB,5-233019-A-31.wav,0.0135,0.0066,0.0077,0.0165,0.0023,0.0123,0.0112,0.0107,0.0294,0.0008
ac_10dB,5-233160-A-1.wav,0.0163,0.0068,0.0046,0.0283,0.0038,0.0130,0.0187,0.0067,0.0540,0.0015
ac_10dB,5-233260-A-23.wav,0.0346,0.0139,0.0045,0.0666,0.0093,0.0098,0.0891,0.0082,0.1549,0.0085
ac_10dB,5-233312-A-28.wav,0.9540,0.0054,0.0128,0.9355,0.0038,0.0127,0.0081,0.0088,0.0745,0.0039
ac_10dB,5-233605-A-39.wav,0.0085,0.0069,0.0106,0.0119,0.1616,0.0111,0.0054,0.0114,0.1078,0.0311
ac_10dB,5-233607-A-39.wav,0.0096,0.0055,0.0073,0.0117,0.0034,0.0229,0.0064,0.0105,0.0553,0.2615
ac_10dB,5-233645-A-37.wav,0.0081,0.0032,0.0059,0.0121,0.0022,0.0041,0.0031,0.0031,0.0218,0.0042
ac_10dB,5-233787-A-7.wav,0.0203,0.0040,0.0188,0.0153,0.0025,0.0144,0.0112,0.0037,0.0160,0.0034
ac_10dB,5-234145-A-28.wav,0.8897,0.0119,0.0114,0.8003,0.0194,0.0179,0.0245,0.0072,0.0114,0.0036
ac_10dB,5-234247-A-37.wav,0.0006,0.0006,0.0124,0.0007,0.0000,0.0016,0.0001,0.0000,0.0148,0.0020
ac_10dB,5-234263-A-25.wav,0.0101,0.0051,0.0232,0.0174,0.0057,0.0177,0.0105,0.0558,0.0227,0.0010
ac_10dB,5-234335-A-23.wav,0.1002,0.0353,0.0058,0.9150,0.5639,0.0102,0.0032,0.0021,0.0373,0.0018
ac_10dB,5-234855-A-25.wav,0.0282,0.0087,0.0095,0.0551,0.0119,0.0172,0.0098,0.0235,0.0398,0.0119
ac_10dB,5-234879-A-1.wav,0.0095,0.0058,0.0072,0.0172,0.0065,0.0200,0.0106,0.0081,0.0385,0.0105
ac_10dB,5-234879-B-1.wav,0.0065,0.0040,0.0098,0.0100,0.0017,0.0115,0.0074,0.0075,0.0721,0.0022
ac_10dB,5-234923-A-32.wav,0.0007,0.0028,0.0070,0.0020,0.0008,0.0180,0.0060,0.0005,0.0336,0.0008
ac_10dB,5-235507-A-44.wav,0.0019,0.0008,0.0053,0.0044,0.0006,0.0085,0.0020,0.0028,0.0438,0.0009
ac_10dB,5-235593-A-23.wav,0.1434,0.0068,0.1300,0.8654,0.2667,0.1024,0.0013,0.0334,0.0590,0.0021
ac_10dB,5-235644-A-30.wav,0.0160,0.0190,0.0222,0.0232,0.0158,0.0169,0.0177,0.0422,0.0240,0.0045
ac_10dB,5-235671-A-38.wav,0.0183,0.0062,0.0141,0.0258,0.0064,0.0094,0.0172,0.0204,0.0600,0.0101
ac_10dB,5-235874-A-28.wav,0.8331,0.0364,0.0128,0.7771,0.0073,0.0214,0.0169,0.0114,0.0482,0.0012
ac_10dB,5-235893-A-28.wav,0.9010,0.0353,0.0146,0.8755,0.0339,0.0238,0.0295,0.0053,0.0352,0.0064
ac_10dB,5-235956-A-47.wav,0.0057,0.0020,0.0127,0.0106,0.0019,0.0079,0.0078,0.0108,0.0935,0.0017
ac_10dB,5-236288-A-28.wav,0.9528,0.0102,0.0111,0.9527,0.0100,0.0161,0.0030,0.0066,0.0632,0.0044
ac_10dB,5-236299-A-34.wav,0.0125,0.0121,0.0107,0.0140,0.0071,0.0159,0.0082,0.0137,0.0979,0.0022
ac_10dB,5-237315-A-31.wav,0.0059,0.0028,0.0017,0.0112,0.0018,0.0262,0.0047,0.0029,0.0190,0.0029
ac_10dB,5-237499-A-4.wav,0.0846,0.0043,0.0290,0.0960,0.0038,0.0076,0.0186,0.0054,0.0339,0.0010
ac_10dB,5-237795-A-34.wav,0.0094,0.0174,0.0066,0.0303,0.0339,0.0327,0.0122,0.0084,0.0230,0.0163
ac_10dB,5-238021-A-35.wav,0.0188,0.0099,0.0068,0.0308,0.0035,0.0057,0.0075,0.0105,0.0374,0.0081
ac_10dB,5-238492-A-23.wav,0.1031,0.0313,0.0104,0.5918,0.0805,0.0389,0.0198,0.0177,0.1284,0.0064
ac_10dB,5-238926-A-31.wav,0.0050,0.0018,0.0065,0.0041,0.0009,0.0049,0.0052,0.0067,0.0432,0.0008
ac_10dB,5-238938-A-27.wav,0.0316,0.0040,0.0281,0.0668,0.0023,0.0480,0.0130,0.0044,0.0129,0.0066
ac_10dB,5-240671-A-44.wav,0.0069,0.0037,0.0193,0.0082,0.0022,0.0142,0.0074,0.0024,0.0669,0.0031
ac_10dB,5-241846-A-15.wav,0.0062,0.0083,0.0080,0.0140,0.0042,0.0054,0.0049,0.0048,0.0174,0.0106
ac_10dB,5-242490-A-14.wav,0.0120,0.0128,0.0072,0.0139,0.0048,0.0116,0.0257,0.0263,0.0486,0.0031
ac_10dB,5-242491-A-14.wav,0.0027,0.0011,0.0077,0.0090,0.0014,0.0042,0.0073,0.0108,0.1367,0.0063
ac_10dB,5-242492-A-3.wav,0.0833,0.0078,0.0061,0.0875,0.0055,0.0080,0.0078,0.0043,0.0111,0.0029
ac_10dB,5-242711-A-9.wav,0.0012,0.0012,0.0361,0.0039,0.0010,0.0057,0.0013,0.0009,0.2571,0.0005
ac_10dB,5-242932-A-26.wav,0.0184,0.0847,0.1117,0.0206,0.0059,0.8959,0.0120,0.0028,0.0110,0.0013
ac_10dB,5-242932-B-26.wav,0.0292,0.2225,0.1130,0.0754,0.0409,0.9333,0.0321,0.0029,0.0198,0.0059
ac_10dB,5-243025-A-25.wav,0.0032,0.0025,0.0043,0.0079,0.0010,0.0092,0.0039,0.0133,0.0192,0.0042
ac_10dB,5-243036-A-29.wav,0.0233,0.0346,0.0055,0.0178,0.0088,0.0148,0.0171,0.0100,0.0678,0.0025
ac_10dB,5-243448-A-14.wav,0.0236,0.0164,0.0068,0.0741,0.0146,0.0147,0.0111,0.0045,0.0724,0.0040
ac_10dB,5-243449-A-14.wav,0.0041,0.0025,0.0098,0.0125,0.0068,0.0081,0.0290,0.0047,0.0184,0.0083
ac_10dB,5-243450-A-14.wav,0.0161,0.0081,0.0032,0.0316,0.0052,0.0088,0.0134,0.0045,0.0596,0.0030
ac_10dB,5-243459-A-14.wav,0.0085,0.0088,0.0022,0.0123,0.0029,0.0064,0.0080,0.0034,0.0546,0.0043
ac_10dB,5-243459-B-14.wav,0.0053,0.0029,0.0074,0.0065,0.0017,0.0052,0.0021,0.0016,0.0170,0.0023
ac_10dB,5-243635-A-29.wav,0.0222,0.0121,0.0110,0.0269,0.0073,0.0276,0.0231,0.0209,0.0431,0.0062
ac_10dB,5-243773-A-44.wav,0.0019,0.0024,0.0072,0.0043,0.0024,0.0105,0.0033,0.0037,0.0151,0.0014
ac_10dB,5-243773-B-44.wav,0.0037,0.0019,0.0134,0.0044,0.0018,0.0106,0.0038,0.0030,0.0393,0.0014
ac_10dB,5-243783-A-44.wav,0.0015,0.0040,0.0079,0.0024,0.0030,0.0096,0.0022,0.0019,0.0284,0.0017
ac_10dB,5-244178-A-32.wav,0.0022,0.0042,0.0031,0.0038,0.0014,0.0049,0.0042,0.0002,0.0191,0.0013
ac_10dB,5-244310-A-25.wav,0.0125,0.0057,0.0050,0.0147,0.0055,0.0192,0.0073,0.0139,0.0354,0.0022
ac_10dB,5-244315-A-6.wav,0.0007,0.0042,0.0143,0.0019,0.0010,0.0022,0.0029,0.0003,0.0107,0.0017
ac_10dB,5-244315-B-6.wav,0.0010,0.0017,0.1290,0.0037,0.0012,0.0150,0.0082,0.0024,0.0139,0.0023
ac_10dB,5-244315-C-6.wav,0.0003,0.0028,0.0067,0.0006,0.0003,0.0153,0.0020,0.0017,0.0031,0.0004
ac_10dB,5-244327-A-34.wav,0.0066,0.0029,0.0022,0.0128,0.0064,0.0063,0.0046,0.0032,0.0092,0.0077
ac_10dB,5-244459-A-28.wav,0.9016,0.0083,0.0121,0.9478,0.0054,0.0170,0.0164,0.0090,0.0717,0.0175
ac_10dB,5-244526-A-26.wav,0.0180,0.0421,0.2837,0.0229,0.0129,0.9339,0.0076,0.0049,0.0223,0.0073
ac_10dB,5-244651-A-31.wav,0.0106,0.0036,0.0061,0.0138,0.0046,0.0092,0.0168,0.0136,0.1699,0.0046
ac_10dB,5-244933-A-34.wav,0.0143,0.0152,0.0064,0.0101,0.0046,0.0157,0.0112,0.0097,0.0297,0.0029
ac_10dB,5-245040-A-35.wav,0.4757,0.0096,0.0197,0.2952,0.0024,0.0065,0.0083,0.0234,0.0211,0.0032
ac_10dB,5-248341-A-6.wav,0.0093,0.0056,0.0535,0.0127,0.0042,0.0300,0.0122,0.0231,0.0588,0.0021
ac_10dB,5-248341-B-6.wav,0.0011,0.0014,0.0093,0.0011,0.0003,0.0033,0.0025,0.0009,0.0031,0.0006
ac_10dB,5-248341-C-6.wav,0.0002,0.0044,0.0057,0.0005,0.0002,0.4494,0.0021,0.0004,0.0099,0.0001
ac_10dB,5-249748-A-28.wav,0.8271,0.0191,0.0056,0.7830,0.0238,0.0190,0.0259,0.0125,0.1118,0.0024
ac_10dB,5-249937-A-22.wav,0.0016,0.0011,0.0164,0.0044,0.0007,0.0236,0.0027,0.0030,0.0109,0.0033
ac_10dB,5-250026-A-30.wav,0.0076,0.0020,0.0046,0.0169,0.0024,0.0148,0.0020,0.0182,0.0136,0.0016
ac_10dB,5-250026-B-30.wav,0.0028,0.0021,0.0092,0.0045,0.0007,0.0055,0.0021,0.0495,0.0097,0.0028
ac_10dB,5-250258-A-49.wav,0.0333,0.0189,0.0115,0.4599,0.0935,0.0615,0.0271,0.0244,0.0607,0.0255
ac_10dB,5-250629-A-37.wav,0.0015,0.0006,0.0258,0.0037,0.0005,0.0027,0.0028,0.0006,0.0181,0.0008
ac_10dB,5-250753-A-34.wav,0.0098,0.0060,0.1131,0.0231,0.0039,0.0119,0.0086,0.0148,0.0240,0.0087
ac_10dB,5-251426-A-30.wav,0.0069,0.0060,0.0055,0.0097,0.0028,0.0167,0.0096,0.0248,0.0300,0.0051
ac_10dB,5-251426-B-30.wav,0.0173,0.0129,0.0039,0.0291,0.0082,0.0195,0.0172,0.0293,0.0363,0.0102
ac_10dB,5-251489-A-24.wav,0.0338,0.8836,0.2276,0.1541,0.2657,0.0290,0.0167,0.0230,0.0724,0.0017
ac_10dB,5-251957-A-47.wav,0.0019,0.0022,0.0134,0.0039,0.0013,0.0197,0.0064,0.0051,0.1178,0.0029
ac_10dB,5-251962-A-47.wav,0.0038,0.0049,0.0079,0.0064,0.0026,0.0210,0.0097,0.0112,0.1072,0.0039
ac_10dB,5-251963-A-47.wav,0.0065,0.0021,0.0151,0.0063,0.0012,0.0190,0.0062,0.0046,0.1051,0.0058
ac_10dB,5-251971-A-47.wav,0.0097,0.0026,0.0121,0.0230,0.0017,0.0108,0.0087,0.0070,0.0636,0.0196
ac_10dB,5-252248-A-34.wav,0.0217,0.0044,0.0135,0.0206,0.0061,0.0158,0.0173,0.0149,0.0564,0.0044
ac_10dB,5-253085-A-3.wav,0.0033,0.0010,0.0068,0.0052,0.0010,0.0090,0.0046,0.0257,0.0139,0.0005
ac_10dB,5-253085-B-3.wav,0.0156,0.0051,0.0160,0.0258,0.0078,0.0028,0.0041,0.0045,0.0115,0.0014
ac_10dB,5-253094-A-49.wav,0.0015,0.0010,0.0126,0.0147,0.0005,0.0084,0.0005,0.0002,0.0030,0.0001
ac_10dB,5-253094-B-49.wav,0.0030,0.0018,0.0052,0.0111,0.0163,0.0024,0.0011,0.0134,0.0198,0.0726
ac_10dB,5-253094-C-49.wav,0.0024,0.0012,0.0064,0.0066,0.0006,0.0048,0.0007,0.0005,0.0067,0.0013
ac_10dB,5-253094-D-49.wav,0.0010,0.0002,0.0094,0.0069,0.0004,0.0033,0.0010,0.0025,0.0101,0.0011
ac_10dB,5-253101-A-49.wav,0.0952,0.0004,0.0070,0.3367,0.0007,0.0029,0.0003,0.0004,0.0150,0.0023
ac_10dB,5-253101-B-49.wav,0.0173,0.0021,0.0081,0.2722,0.0016,0.0051,0.0015,0.0058,0.0137,0.0035
ac_10dB,5-253101-C-49.wav,0.0034,0.0001,0.0193,0.1012,0.0002,0.0038,0.0001,0.0001,0.0027,0.0013
ac_10dB,5-253534-A-26.wav,0.0047,0.0217,0.0897,0.0059,0.0080,0.7410,0.0233,0.0046,0.0115,0.0035
ac_10dB,5-254160-A-22.wav,0.0213,0.0089,0.2030,0.0260,0.0022,0.0602,0.0136,0.0040,0.0375,0.0013
ac_10dB,5-254832-A-15.wav,0.0038,0.0022,0.0247,0.0155,0.0015,0.0075,0.0030,0.0011,0.0078,0.0023
ac_10dB,5-254832-B-15.wav,0.0083,0.0076,0.0109,0.0104,0.0032,0.0102,0.0032,0.0025,0.0370,0.0006
ac_10dB,5-256452-A-5.wav,0.0114,0.0100,0.0085,0.0191,0.0093,0.0167,0.0138,0.0117,0.0534,0.0097
ac_10dB,5-256512-A-30.wav,0.0123,0.0050,0.0201,0.0229,0.0047,0.0199,0.0107,0.0484,0.0407,0.0046
ac_10dB,5-257349-A-15.wav,0.0016,0.0010,0.0024,0.0031,0.0018,0.0049,0.0154,0.0014,0.0081,0.0012
ac_10dB,5-257642-A-39.wav,0.0050,0.0042,0.0037,0.0340,0.0086,0.0083,0.0037,0.0119,0.0290,0.9983
ac_10dB,5-257839-A-14.wav,0.0037,0.0041,0.0073,0.0074,0.0033,0.0055,0.0045,0.0031,0.0816,0.0052
ac_10dB,5-259169-A-5.wav,0.0214,0.0125,0.0240,0.0290,0.0281,0.0239,0.0181,0.0240,0.0546,0.0022
ac_10dB,5-259180-A-15.wav,0.0156,0.0066,0.0184,0.0142,0.0079,0.0147,0.0161,0.0154,0.0652,0.0073
ac_10dB,5-259514-A-26.wav,0.3736,0.0290,0.0597,0.6525,0.0255,0.6649,0.0213,0.0252,0.0265,0.0096
ac_10dB,5-259640-A-29.wav,0.0771,0.0985,0.0133,0.2298,0.1445,0.0142,0.0143,0.0076,0.0424,0.0018
ac_10dB,5-260011-A-34.wav,0.0080,0.0248,0.0107,0.0087,0.0104,0.0274,0.0104,0.0036,0.0416,0.0024
ac_10dB,5-260164-A-23.wav,0.2641,0.0307,0.0206,0.8117,0.0217,0.0278,0.0156,0.0193,0.0198,0.0092
ac_10dB,5-260432-A-39.wav,0.0165,0.0247,0.0648,0.0265,0.0194,0.0248,0.0214,0.0382,0.1058,0.1908
ac_10dB,5-260433-A-39.wav,0.0045,0.0032,0.0057,0.0036,0.0014,0.0171,0.0059,0.0031,0.0713,0.6076
ac_10dB,5-260434-A-39.wav,0.0101,0.0061,0.0062,0.0227,0.0036,0.0080,0.0044,0.0065,0.0218,0.9982
ac_10dB,5-260875-A-35.wav,0.0039,0.0024,0.0069,0.0072,0.0014,0.0070,0.0029,0.0055,0.0322,0.0018
ac_10dB,5-261325-A-9.wav,0.0015,0.0030,0.0532,0.0032,0.0027,0.0061,0.0101,0.0004,0.0082,0.0010
ac_10dB,5-261433-A-15.wav,0.0135,0.0078,0.0137,0.0159,0.0105,0.0254,0.0399,0.0210,0.1062,0.0062
ac_10dB,5-261439-A-15.wav,0.1156,0.0163,0.0103,0.1108,0.0109,0.0399,0.0195,0.0120,0.0908,0.0040
ac_10dB,5-261464-A-23.wav,0.2957,0.0148,0.0037,0.2315,0.0103,0.0210,0.0050,0.0026,0.0692,0.0007
ac_10dB,5-262641-A-15.wav,0.0082,0.0088,0.0033,0.0073,0.0044,0.0147,0.0157,0.0032,0.1386,0.0047
ac_10dB,5-262957-A-22.wav,0.0060,0.0017,0.0216,0.0160,0.0018,0.0218,0.0024,0.0020,0.0201,0.0039
ac_10dB,5-263490-A-25.wav,0.0069,0.0087,0.0125,0.0120,0.0137,0.0267,0.0094,0.0318,0.0954,0.0068
ac_10dB,5-263491-A-25.wav,0.0046,0.0075,0.0045,0.0110,0.0037,0.0115,0.0071,0.0142,0.0242,0.0044
ac_10dB,5-263501-A-25.wav,0.0065,0.0122,0.0075,0.0105,0.0065,0.0126,0.0071,0.0192,0.0336,0.0052
ac_10dB,5-263775-A-26.wav,0.0169,0.3086,0.0895,0.0618,0.1971,0.2110,0.3110,0.0493,0.0376,0.0045
ac_10dB,5-263775-B-26.wav,0.0029,0.0276,0.2966,0.0124,0.0730,0.1527,0.3743,0.0151,0.0479,0.0413
ac_10dB,5-263831-A-6.wav,0.0072,0.0030,0.0194,0.0087,0.0042,0.0250,0.0260,0.0090,0.1533,0.0029
ac_10dB,5-263831-B-6.wav,0.0001,0.0002,0.0021,0.0002,0.0000,0.0005,0.0015,0.0002,0.0125,0.0000
ac_10dB,5-263902-A-36.wav,0.0017,0.0018,0.0183,0.0028,0.0015,0.0096,0.0038,0.0008,0.0308,0.0052
ac_10dB,5-51149-A-25.wav,0.0038,0.0035,0.0039,0.0046,0.0008,0.0061,0.0022,0.1237,0.0142,0.0098
ac_10dB,5-61635-A-8.wav,0.0012,0.0001,0.0100,0.0019,0.0002,0.0033,0.0106,0.0032,0.0060,0.0003
ac_10dB,5-9032-A-0.wav,0.0047,0.0042,0.0157,0.0068,0.0067,0.0116,0.5568,0.0083,0.0405,0.0036
ac_5dB,1-100032-A-0.wav,0.0072,0.0054,0.0175,0.0094,0.0078,0.0269,0.5193,0.0087,0.0470,0.0019
ac_5dB,1-100038-A-14.wav,0.0041,0.0074,0.0634,0.0085,0.0041,0.0240,0.0255,0.0051,0.0735,0.0041
ac_5dB,1-100210-A-36.wav,0.0021,0.0027,0.0069,0.0054,0.0013,0.0160,0.0037,0.0029,0.0517,0.0028
ac_5dB,1-100210-B-36.wav,0.0034,0.0039,0.0120,0.0088,0.0016,0.0082,0.0022,0.0062,0.0311,0.0024
ac_5dB,1-101296-A-19.wav,0.0057,0.0031,0.0053,0.0051,0.0023,0.0091,0.0078,0.0043,0.1581,0.0005
ac_5dB,1-101296-B-19.wav,0.3518,0.0025,0.0047,0.2441,0.0012,0.0036,0.0327,0.0066,0.0052,0.0011
ac_5dB,1-101336-A-30.wav,0.0101,0.0098,0.0046,0.0201,0.0037,0.0139,0.0081,0.0632,0.0171,0.0041
ac_5dB,1-101404-A-34.wav,0.0083,0.0068,0.0181,0.0096,0.0067,0.0260,0.0083,0.0060,0.0821,0.0058
ac_5dB,1-103298-A-9.wav,0.0028,0.0034,0.0079,0.0041,0.0019,0.0102,0.0070,0.0056,0.0234,0.0093
ac_5dB,1-103995-A-30.wav,0.0128,0.0113,0.1844,0.0210,0.0126,0.0186,0.0151,0.0553,0.0726,0.0013
ac_5dB,1-103999-A-30.wav,0.0100,0.0056,0.0091,0.0114,0.0037,0.0208,0.0075,0.0212,0.0629,0.0029
ac_5dB,1-104089-A-22.wav,0.0012,0.0006,0.0214,0.0033,0.0004,0.0201,0.0011,0.0021,0.0139,0.0012
ac_5dB,1-104089-B-22.wav,0.0014,0.0008,0.0239,0.0032,0.0006,0.0333,0.0011,0.0037,0.0146,0.0032
ac_5dB,1-105224-A-22.wav,0.0021,0.0009,0.0304,0.0030,0.0007,0.0348,0.0018,0.0016,0.0213,0.0006
ac_5dB,1-110389-A-0.wav,0.0104,0.0123,0.0198,0.0134,0.0102,0.0316,0.3148,0.0175,0.1151,0.0078
ac_5dB,1-110537-A-22.wav,0.0024,0.0015,0.0317,0.0037,0.0009,0.0166,0.0015,0.0036,0.0185,0.0005
ac_5dB,1-115521-A-19.wav,0.0069,0.0058,0.0032,0.0119,0.0023,0.0155,0.0086,0.0078,0.0235,0.0014
ac_5dB,1-115545-A-48.wav,0.0046,0.0036,0.0171,0.0088,0.0040,0.0210,0.0092,0.0143,0.0626,0.0084
ac_5dB,1-115545-B-48.wav,0.0133,0.0164,0.0151,0.0396,0.0347,0.0200,0.0195,0.0260,0.0517,0.0108
ac_5dB,1-115545-C-48.wav,0.0230,0.0135,0.0097,0.0336,0.0096,0.0120,0.0155,0.0631,0.0979,0.0046
ac_5dB,1-115546-A-48.wav,0.0067,0.0040,0.0109,0.0084,0.0032,0.0245,0.0070,0.0067,0.0532,0.0015
ac_5dB,1-115920-A-22.wav,0.0009,0.0007,0.0075,0.0014,0.0002,0.0097,0.0005,0.0019,0.0072,0.0004
ac_5dB,1-115920-B-22.wav,0.0041,0.0015,0.0632,0.0049,0.0008,0.0344,0.0021,0.0110,0.0200,0.0037
ac_5dB,1-115921-A-22.wav,0.0021,0.0026,0.0470,0.0021,0.0012,0.0579,0.0027,0.0062,0.0206,0.0009
ac_5dB,1-116765-A-41.wav,0.0060,0.0009,0.0215,0.0130,0.0007,0.0037,0.0035,0.0008,0.1378,0.0015
ac_5dB,1-11687-A-47.wav,0.0129,0.0048,0.0432,0.0987,0.0046,0.0109,0.0028,0.0100,0.0287,0.0360
ac_5dB,1-118206-A-31.wav,0.0180,0.0043,0.0032,0.0199,0.0045,0.0152,0.0085,0.0197,0.1066,0.0015
ac_5dB,1-118559-A-17.wav,0.0100,0.0052,0.0101,0.0113,0.0061,0.0282,0.0065,0.0058,0.0512,0.0242
ac_5dB,1-119125-A-45.wav,0.0133,0.0048,0.0075,0.0276,0.0050,0.0100,0.0077,0.0293,0.0862,0.0044
ac_5dB,1-121951-A-8.wav,0.0612,0.0218,0.2531,0.0456,0.0134,0.0141,0.0110,0.0223,0.0523,0.0017
ac_5dB,1-12653-A-15.wav,0.0043,0.0212,0.0076,0.0059,0.0055,0.0058,0.0029,0.0022,0.0094,0.0044
ac_5dB,1-12654-A-15.wav,0.0108,0.0060,0.0019,0.0147,0.0060,0.0274,0.0269,0.0027,0.0127,0.0035
ac_5dB,1-12654-B-15.wav,0.0142,0.0102,0.0079,0.0197,0.0053,0.0223,0.0106,0.0120,0.0314,0.0044
ac_5dB,1-13571-A-46.wav,0.0005,0.0004,0.0079,0.0018,0.0004,0.0025,0.0014,0.0009,0.1879,0.0004
ac_5dB,1-13572-A-46.wav,0.0058,0.0025,0.0105,0.0058,0.0029,0.0212,0.0079,0.0072,0.1343,0.0050
ac_5dB,1-13613-A-37.wav,0.0019,0.0026,0.1050,0.0041,0.0012,0.0214,0.0204,0.0008,0.0467,0.0002
ac_5dB,1-137-A-32.wav,0.0041,0.0013,0.0031,0.0034,0.0003,0.0095,0.0026,0.0012,0.0515,0.0004
ac_5dB,1-137296-A-16.wav,0.0069,0.0056,0.0118,0.0117,0.0032,0.0155,0.0103,0.0083,0.0395,0.0019
ac_5dB,1-14262-A-37.wav,0.0012,0.0005,0.0158,0.0020,0.0017,0.0105,0.0023,0.0030,0.0994,0.0035
ac_5dB,1-155858-A-25.wav,0.0776,0.0147,0.0390,0.0836,0.0099,0.0167,0.0275,0.0466,0.0741,0.0034
ac_5dB,1-155858-B-25.wav,0.0024,0.0054,0.0021,0.0040,0.0019,0.0076,0.0089,0.0509,0.0178,0.0102
ac_5dB,1-155858-C-25.wav,0.0532,0.0146,0.0085,0.0950,0.0086,0.0070,0.0061,0.0122,0.0174,0.0019
ac_5dB,1-155858-D-25.wav,0.0033,0.0019,0.0060,0.0040,0.0018,0.0149,0.0048,0.0084,0.0514,0.0007
ac_5dB,1-155858-E-25.wav,0.0079,0.0068,0.0063,0.0184,0.0050,0.0119,0.0106,0.0150,0.0346,0.0117
ac_5dB,1-155858-F-25.wav,0.0086,0.0030,0.0071,0.0157,0.0023,0.0062,0.0128,0.0108,0.0859,0.0013
ac_5dB,1-15689-A-4.wav,0.0017,0.0013,0.0154,0.0033,0.0013,0.0018,0.0035,0.0016,0.0116,0.0005
ac_5dB,1-15689-B-4.wav,0.0028,0.0008,0.0028,0.0045,0.0008,0.0032,0.0049,0.0031,0.0143,0.0005
ac_5dB,1-160563-A-48.wav,0.0103,0.0046,0.0051,0.0151,0.0038,0.0236,0.0082,0.0068,0.0187,0.0016
ac_5dB,1-160563-B-48.wav,0.0053,0.0030,0.0030,0.0082,0.0008,0.0037,0.0102,0.0105,0.0629,0.0023
ac_5dB,1-16568-A-3.wav,0.0094,0.0041,0.0118,0.0109,0.0023,0.0098,0.0057,0.0063,0.0828,0.0015
ac_5dB,1-16746-A-15.wav,0.0045,0.0082,0.0053,0.0054,0.0032,0.0140,0.0123,0.0056,0.0925,0.0026
ac_5dB,1-17092-A-27.wav,0.0024,0.0007,0.0098,0.0952,0.0005,0.0184,0.0079,0.0011,0.0271,0.0031
ac_5dB,1-17092-B-27.wav,0.0105,0.0032,0.0128,0.0137,0.0042,0.0099,0.0186,0.0046,0.0793,0.0098
ac_5dB,1-17124-A-43.wav,0.0152,0.0061,0.0395,0.0226,0.0081,0.0216,0.0396,0.0146,0.5633,0.0101
ac_5dB,1-17150-A-12.wav,0.0124,0.0020,0.0026,0.0134,0.0015,0.0055,0.0116,0.0026,0.0556,0.0002
ac_5dB,1-172649-A-40.wav,0.0016,0.0021,0.0243,0.0021,0.0010,0.0383,0.0055,0.0030,0.0386,0.0020
ac_5dB,1-172649-B-40.wav,0.0027,0.0027,0.0290,0.0027,0.0013,0.0201,0.0108,0.0045,0.0389,0.0010
ac_5dB,1-172649-C-40.wav,0.0022,0.0009,0.0056,0.0020,0.0005,0.0091,0.0035,0.0018,0.0412,0.0008
ac_5dB,1-172649-D-40.wav,0.0020,0.0010,0.0020,0.0027,0.0012,0.0095,0.0073,0.0102,0.0099,0.0100
ac_5dB,1-172649-E-40.wav,0.0025,0.0021,0.0119,0.0031,0.0017,0.0071,0.0075,0.0050,0.1228,0.0016
ac_5dB,1-172649-F-40.wav,0.0014,0.0013,0.0064,0.0019,0.0006,0.0044,0.0065,0.0014,0.1259,0.0035
ac_5dB,1-17295-A-29.wav,0.0471,0.0271,0.0072,0.0545,0.0088,0.0062,0.0130,0.0216,0.0274,0.0031
ac_5dB,1-17367-A-10.wav,0.0042,0.0020,0.0121,0.0049,0.0016,0.0293,0.0074,0.0014,0.0829,0.0014
ac_5dB,1-17565-A-12.wav,0.0009,0.0022,0.0046,0.0031,0.0004,0.0038,0.0066,0.0016,0.0084,0.0006
ac_5dB,1-17585-A-7.wav,0.0073,0.0082,0.0137,0.0096,0.0066,0.0150,0.0145,0.0079,0.0534,0.0033
ac_5dB,1-17742-A-12.wav,0.0020,0.0049,0.0051,0.0035,0.0015,0.0149,0.0061,0.0049,0.0183,0.0007
ac_5dB,1-17808-A-12.wav,0.0103,0.0038,0.0035,0.0087,0.0010,0.0198,0.0066,0.0147,0.0249,0.0005
ac_5dB,1-17808-B-12.wav,0.0056,0.0037,0.0093,0.0083,0.0028,0.0127,0.0067,0.0084,0.0518,0.0010
ac_5dB,1-1791-A-26.wav,0.0211,0.0226,0.0281,0.0437,0.0332,0.9103,0.0417,0.0180,0.0704,0.0663
ac_5dB,1-17970-A-4.wav,0.0030,0.0009,0.0423,0.0033,0.0018,0.0051,0.0075,0.0021,0.0170,0.0004
ac_5dB,1-18074-A-6.wav,0.0042,0.0046,0.0134,0.0057,0.0023,0.0152,0.0115,0.0036,0.0390,0.0013
ac_5dB,1-18074-B-6.wav,0.0069,0.0046,0.0058,0.0204,0.0021,0.0569,0.0047,0.0047,0.0152,0.0015
ac_5dB,1-181071-A-40.wav,0.0014,0.0005,0.0027,0.0032,0.0003,0.0041,0.0014,0.0012,0.0030,0.0004
ac_5dB,1-181071-B-40.wav,0.0019,0.0015,0.0348,0.0046,0.0010,0.0081,0.0027,0.0026,0.0091,0.0007
ac_5dB,1-18527-A-44.wav,0.0050,0.0022,0.0141,0.0050,0.0023,0.0190,0.0091,0.0247,0.0963,0.0017
ac_5dB,1-18527-B-44.wav,0.0146,0.0022,0.0516,0.0148,0.0015,0.0079,0.0057,0.0068,0.0569,0.0009
ac_5dB,1-18631-A-23.wav,0.0740,0.0325,0.0051,0.5553,0.0258,0.0219,0.0058,0.0348,0.0223,0.0027
ac_5dB,1-18655-A-31.wav,0.0108,0.0029,0.0067,0.0104,0.0012,0.0141,0.0054,0.0104,0.0613,0.0014
ac_5dB,1-187207-A-20.wav,0.0038,0.0068,0.2367,0.0075,0.0054,0.1682,0.0056,0.0328,0.0186,0.0036
ac_5dB,1-18755-A-4.wav,0.0003,0.0002,0.0088,0.0010,0.0002,0.0045,0.0015,0.0007,0.0079,0.0003
ac_5dB,1-18755-B-4.wav,0.0028,0.0004,0.0129,0.0026,0.0004,0.0080,0.0471,0.0005,0.0069,0.0010
ac_5dB,1-18757-A-4.wav,0.0065,0.0013,0.0062,0.0070,0.0030,0.0343,0.0110,0.0009,0.0095,0.0003
ac_5dB,1-18810-A-49.wav,0.0217,0.0030,0.0204,0.0880,0.0063,0.0123,0.0035,0.0576,0.0378,0.0153
ac_5dB,1-19026-A-43.wav,0.0165,0.0177,0.0393,0.0380,0.0238,0.0585,0.0205,0.0297,0.9613,0.0088
ac_5dB,1-19111-A-24.wav,0.0108,0.0530,0.1361,0.0146,0.0094,0.0551,0.0390,0.0208,0.0617,0.0528
ac_5dB,1-19118-A-24.wav,0.0236,0.1629,0.0525,0.0462,0.0558,0.0462,0.0471,0.0143,0.0590,0.0012
ac_5dB,1-19501-A-7.wav,0.0333,0.0172,0.0080,0.0444,0.0167,0.0176,0.0211,0.0152,0.0462,0.0032
ac_5dB,1-196660-A-8.wav,0.2499,0.0013,0.5739,0.2049,0.0069,0.0113,0.0061,0.0095,0.0605,0.0019
ac_5dB,1-196660-B-8.wav,0.0154,0.0001,0.0413,0.0124,0.0007,0.0013,0.0024,0.0021,0.0247,0.0004
ac_5dB,1-19840-A-36.wav,0.0073,0.0310,0.0728,0.0414,0.0310,0.0684,0.0116,0.0098,0.0281,0.0185
ac_5dB,1-19872-A-36.wav,0.0024,0.0038,0.0058,0.0101,0.0020,0.0065,0.0040,0.0012,0.0188,0.0102
ac_5dB,1-19872-B-36.wav,0.0023,0.0020,0.0062,0.0071,0.0010,0.0060,0.0021,0.0023,0.0284,0.0117
ac_5dB,1-19898-A-41.wav,0.0148,0.0004,0.0060,0.0204,0.0007,0.0044,0.0069,0.0013,0.0223,0.0002
ac_5dB,1-19898-B-41.wav,0.0014,0.0003,0.0317,0.0016,0.0001,0.0042,0.0020,0.0009,0.0117,0.0005
ac_5dB,1-19898-C-41.wav,0.0344,0.0056,0.0225,0.0527,0.0144,0.0213,0.0045,0.0244,0.0665,0.0034
ac_5dB,1-20133-A-39.wav,0.0039,0.0027,0.0209,0.0236,0.0094,0.0134,0.0173,0.0112,0.0337,0.9830
ac_5dB,1-202111-A-3.wav,0.0583,0.0042,0.0053,0.0665,0.0023,0.0059,0.0100,0.0046,0.1014,0.0011
ac_5dB,1-20545-A-28.wav,0.0140,0.0047,0.0120,0.0158,0.0043,0.0179,0.0048,0.0063,0.0586,0.0045
ac_5dB,1-20736-A-18.wav,0.0034,0.0105,0.0056,0.0100,0.0096,0.0244,0.0483,0.0017,0.0537,0.0086
ac_5dB,1-208757-A-2.wav,0.0077,0.2132,0.1671,0.0936,0.0622,0.3185,0.0370,0.0242,0.0032,0.0119
ac_5dB,1-208757-B-2.wav,0.0772,0.0180,0.0881,0.1999,0.0244,0.0139,0.0163,0.0443,0.0368,0.0159
ac_5dB,1-208757-C-2.wav,0.1380,0.0491,0.1196,0.1571,0.0197,0.0212,0.5765,0.0130,0.0110,0.0009
ac_5dB,1-208757-D-2.wav,0.0060,0.0012,0.1095,0.0021,0.0007,0.0046,0.0007,0.0382,0.0105,0.0010
ac_5dB,1-208757-E-2.wav,0.0034,0.0010,0.0389,0.0072,0.0006,0.0047,0.0006,0.0026,0.0041,0.0011
ac_5dB,1-211527-A-20.wav,0.0123,0.0042,0.0871,0.0143,0.0052,0.0490,0.0294,0.0079,0.0513,0.0032
ac_5dB,1-211527-B-20.wav,0.0030,0.0131,0.1790,0.0062,0.0064,0.9527,0.0014,0.0060,0.0096,0.0004
ac_5dB,1-211527-C-20.wav,0.0017,0.0014,0.0339,0.0037,0.0013,0.0306,0.0029,0.0016,0.0518,0.0019
ac_5dB,1-21189-A-10.wav,0.0050,0.0022,0.0082,0.0058,0.0019,0.0378,0.0042,0.0076,0.0282,0.0018
ac_5dB,1-21421-A-46.wav,0.0002,0.0001,0.0111,0.0005,0.0001,0.0011,0.0003,0.0005,0.0249,0.0006
ac_5dB,1-21896-A-35.wav,0.0017,0.0019,0.0074,0.0018,0.0023,0.0129,0.0043,0.0020,0.2050,0.0022
ac_5dB,1-21934-A-38.wav,0.0017,0.0010,0.0048,0.0034,0.0019,0.0034,0.0093,0.0073,0.0686,0.0006
ac_5dB,1-21935-A-38.wav,0.0021,0.0007,0.0091,0.0051,0.0018,0.0050,0.0011,0.0067,0.0352,0.0017
ac_5dB,1-223162-A-25.wav,0.0081,0.0037,0.0119,0.0105,0.0050,0.0180,0.0056,0.0092,0.0498,0.0041
ac_5dB,1-22694-A-20.wav,0.0182,0.0157,0.0480,0.0285,0.0223,0.0561,0.0348,0.0244,0.0426,0.0030
ac_5dB,1-22694-B-20.wav,0.0117,0.0093,0.1385,0.0141,0.0109,0.0302,0.0978,0.0536,0.0522,0.0055
ac_5dB,1-22804-A-46.wav,0.0017,0.0004,0.0047,0.0025,0.0007,0.0051,0.0021,0.0007,0.0067,0.0010
ac_5dB,1-22882-A-44.wav,0.0014,0.0010,0.0054,0.0064,0.0019,0.0068,0.0029,0.0946,0.0283,0.0046
ac_5dB,1-23094-A-15.wav,0.0039,0.0044,0.0117,0.0103,0.0043,0.0084,0.0047,0.0017,0.0441,0.1813
ac_5dB,1-23094-B-15.wav,0.0188,0.0049,0.0108,0.0404,0.0078,0.0098,0.0199,0.0059,0.0868,0.1063
ac_5dB,1-23222-A-19.wav,0.0120,0.0081,0.2446,0.0362,0.0139,0.0166,0.0133,0.1140,0.0596,0.0045
ac_5dB,1-23222-B-19.wav,0.0082,0.0044,0.0131,0.0079,0.0033,0.0265,0.0043,0.0055,0.0377,0.0027
ac_5dB,1-23706-A-49.wav,0.0023,0.0003,0.0058,0.0066,0.0004,0.0057,0.0014,0.0020,0.0170,0.0016
ac_5dB,1-23996-A-35.wav,0.0026,0.0022,0.0138,0.0034,0.0009,0.0093,0.0024,0.0021,0.0397,0.0020
ac_5dB,1-23996-B-35.wav,0.0048,0.0024,0.0153,0.0088,0.0023,0.0120,0.0060,0.0042,0.0444,0.0017
ac_5dB,1-24074-A-43.wav,0.0023,0.0006,0.0086,0.0017,0.0007,0.0021,0.0078,0.0009,0.9369,0.0016
ac_5dB,1-24076-A-43.wav,0.0032,0.0005,0.0758,0.0041,0.0022,0.0064,0.0184,0.0014,0.9744,0.0018
ac_5dB,1-24524-A-19.wav,0.0117,0.0073,0.0036,0.0218,0.0039,0.0140,0.0144,0.0119,0.0402,0.0022
ac_5dB,1-24524-B-19.wav,0.0045,0.0030,0.0097,0.0062,0.0018,0.0191,0.0047,0.1170,0.0547,0.0024
ac_5dB,1-24524-C-19.wav,0.0080,0.0081,0.0077,0.0083,0.0044,0.0127,0.0180,0.5434,0.0437,0.0060
ac_5dB,1-24796-A-47.wav,0.0008,0.0005,0.0170,0.0024,0.0011,0.0040,0.0043,0.0018,0.0659,0.0028
ac_5dB,1-254507-A-43.wav,0.0089,0.0040,0.0155,0.0102,0.0045,0.0172,0.0059,0.0136,0.2109,0.0035
ac_5dB,1-25777-A-48.wav,0.0184,0.0083,0.0026,0.0232,0.0027,0.0112,0.0156,0.0110,0.0269,0.0040
ac_5dB,1-25781-A-48.wav,0.0129,0.0027,0.0128,0.0112,0.0019,0.0194,0.0062,0.0039,0.1481,0.0011
ac_5dB,1-260640-A-2.wav,0.0398,0.0017,0.0210,0.0375,0.0012,0.0048,0.0060,0.0015,0.0166,0.0013
ac_5dB,1-260640-B-2.wav,0.0224,0.0040,0.0175,0.0159,0.0041,0.0258,0.0039,0.0016,0.0105,0.0005
ac_5dB,1-260640-C-2.wav,0.0292,0.0029,0.0418,0.0228,0.0031,0.0186,0.0203,0.0061,0.0649,0.0022
ac_5dB,1-26143-A-21.wav,0.0099,0.7346,0.0095,0.1193,0.9027,0.0276,0.0125,0.0149,0.0323,0.0019
ac_5dB,1-26176-A-43.wav,0.0056,0.0025,0.0143,0.0084,0.0027,0.0167,0.0053,0.0043,0.9182,0.0045
ac_5dB,1-26177-A-43.wav,0.0096,0.0086,0.0115,0.0138,0.0081,0.0285,0.0121,0.0114,0.2395,0.0073
ac_5dB,1-26188-A-30.wav,0.0067,0.0066,0.0097,0.0076,0.0026,0.0208,0.0072,0.0133,0.0848,0.0030
ac_5dB,1-26222-A-10.wav,0.0021,0.0023,0.0083,0.0036,0.0015,0.0447,0.0061,0.0048,0.0806,0.0013
ac_5dB,1-26806-A-1.wav,0.0162,0.0058,0.0068,0.0231,0.0039,0.0112,0.0053,0.0024,0.0115,0.0050
ac_5dB,1-27165-A-35.wav,0.0083,0.0039,0.0054,0.0134,0.0023,0.0130,0.0036,0.0050,0.0362,0.0113
ac_5dB,1-27166-A-35.wav,0.0007,0.0012,0.0067,0.0013,0.0008,0.0077,0.0037,0.0022,0.0426,0.0013
ac_5dB,1-27403-A-28.wav,0.8800,0.0032,0.0222,0.7984,0.0050,0.0147,0.0527,0.0155,0.0470,0.0058
ac_5dB,1-27405-A-28.wav,0.8610,0.0047,0.0172,0.8866,0.0023,0.0151,0.0056,0.0204,0.0142,0.0016
ac_5dB,1-27724-A-1.wav,0.0215,0.0116,0.0065,0.0417,0.0084,0.0230,0.0165,0.0071,0.0628,0.0039
ac_5dB,1-28005-A-18.wav,0.0063,0.0014,0.0138,0.0076,0.0007,0.0176,0.0026,0.0007,0.0086,0.0011
ac_5dB,1-28135-A-11.wav,0.0024,0.0030,0.0187,0.0031,0.0017,0.0336,0.0077,0.0046,0.0985,0.0014
ac_5dB,1-28135-B-11.wav,0.0029,0.0053,0.0254,0.0035,0.0024,0.0270,0.0079,0.0085,0.0696,0.0014
ac_5dB,1-28808-A-43.wav,0.0078,0.0009,0.0415,0.0095,0.0030,0.0151,0.0143,0.0017,0.9434,0.0012
ac_5dB,1-29532-A-16.wav,0.0032,0.0011,0.0087,0.0040,0.0010,0.0107,0.0022,0.0049,0.0443,0.0013
ac_5dB,1-29561-A-10.wav,0.0028,0.0017,0.0070,0.0037,0.0015,0.0200,0.0061,0.0043,0.0316,0.0008
ac_5dB,1-29680-A-21.wav,0.0153,0.3702,0.0640,0.3248,0.3125,0.0463,0.0275,0.0165,0.0111,0.1247
ac_5dB,1-30039-A-26.wav,0.0351,0.0920,0.3454,0.0644,0.0862,0.3820,0.0124,0.0207,0.1122,0.0024
ac_5dB,1-30043-A-26.wav,0.0065,0.0136,0.1357,0.0137,0.0072,0.8417,0.0056,0.0109,0.0320,0.0017
ac_5dB,1-30214-A-18.wav,0.0173,0.0101,0.0083,0.0217,0.0200,0.0199,0.0168,0.0157,0.0978,0.0061
ac_5dB,1-30226-A-0.wav,0.0064,0.0029,0.0200,0.0076,0.0029,0.0194,0.6787,0.0064,0.0754,0.0013
ac_5dB,1-30344-A-0.wav,0.0031,0.0069,0.0155,0.0098,0.0059,0.0056,0.7865,0.0022,0.0760,0.0007
ac_5dB,1-30709-A-23.wav,0.4964,0.0100,0.0062,0.9273,0.0145,0.0024,0.0003,0.0007,0.0062,0.0013
ac_5dB,1-30709-B-23.wav,0.1340,0.0244,0.0056,0.9689,0.0278,0.0044,0.0006,0.0033,0.0086,0.0029
ac_5dB,1-30709-C-23.wav,0.1581,0.0216,0.0034,0.9789,0.0030,0.0029,0.0007,0.0013,0.0104,0.0049
ac_5dB,1-30830-A-24.wav,0.0152,0.3738,0.0269,0.0331,0.0116,0.1901,0.0074,0.0305,0.0504,0.0074
ac_5dB,1-31251-A-6.wav,0.0019,0.0030,0.0156,0.0025,0.0007,0.0047,0.0024,0.0003,0.0172,0.0005
ac_5dB,1-31251-B-6.wav,0.0046,0.0064,0.0097,0.0056,0.0017,0.9343,0.0062,0.0008,0.0406,0.0014
ac_5dB,1-31482-A-42.wav,0.0034,0.0034,0.0625,0.0156,0.0026,0.0273,0.0186,0.0027,0.0649,0.0024
ac_5dB,1-31482-B-42.wav,0.0115,0.0009,0.0076,0.0079,0.0024,0.0073,0.0011,0.0052,0.0470,0.0002
ac_5dB,1-31748-A-21.wav,0.0160,0.0715,0.0143,0.0465,0.6745,0.0118,0.0044,0.0033,0.0470,0.0029
ac_5dB,1-31836-A-4.wav,0.0029,0.0014,0.0448,0.0042,0.0011,0.0467,0.0051,0.0019,0.0078,0.0010
ac_5dB,1-31836-B-4.wav,0.0012,0.0010,0.0584,0.0021,0.0010,0.0079,0.0052,0.0018,0.0128,0.0013
ac_5dB,1-32318-A-0.wav,0.0010,0.0041,0.0115,0.0111,0.0040,0.0265,0.5945,0.0016,0.0924,0.0005
ac_5dB,1-32373-A-35.wav,0.0018,0.0022,0.0054,0.0057,0.0012,0.0073,0.0029,0.0020,0.0070,0.0016
ac_5dB,1-32373-B-35.wav,0.0041,0.0023,0.0046,0.0109,0.0021,0.0073,0.0031,0.0029,0.0149,0.0032
ac_5dB,1-32579-A-29.wav,0.0129,0.0185,0.0072,0.0370,0.0130,0.0335,0.0195,0.0327,0.0399,0.0069
ac_5dB,1-33658-A-26.wav,0.0138,0.2286,0.0811,0.0557,0.7750,0.7518,0.0286,0.0135,0.0241,0.0137
ac_5dB,1-34094-A-5.wav,0.0014,0.0013,0.0184,0.0030,0.0012,0.0109,0.0030,0.0020,0.0527,0.0024
ac_5dB,1-34094-B-5.wav,0.0014,0.0005,0.0080,0.0027,0.0006,0.0041,0.0011,0.0061,0.0935,0.0010
ac_5dB,1-34119-A-1.wav,0.0049,0.0036,0.0069,0.0095,0.0033,0.0113,0.0044,0.0056,0.0350,0.0038
ac_5dB,1-34119-B-1.wav,0.0089,0.0042,0.0061,0.0123,0.0035,0.0114,0.0094,0.0059,0.0588,0.0077
ac_5dB,1-34495-A-14.wav,0.0202,0.0103,0.0060,0.0193,0.0064,0.0250,0.0110,0.0065,0.1105,0.0054
ac_5dB,1-34497-A-14.wav,0.0306,0.0114,0.0049,0.0326,0.0069,0.0084,0.0074,0.0045,0.0819,0.0047
ac_5dB,1-34853-A-37.wav,0.0005,0.0005,0.0058,0.0011,0.0001,0.0026,0.0014,0.0001,0.0121,0.0017
ac_5dB,1-35687-A-38.wav,0.0030,0.0017,0.0199,0.0062,0.0014,0.0067,0.0039,0.0190,0.0225,0.0023
ac_5dB,1-36164-A-26.wav,0.0306,0.0779,0.0548,0.0716,0.0587,0.6484,0.0222,0.0253,0.0178,0.0102
ac_5dB,1-36164-B-26.wav,0.0034,0.0085,0.0599,0.0565,0.0558,0.9016,0.0078,0.0037,0.0291,0.0082
ac_5dB,1-36393-A-23.wav,0.3189,0.0193,0.0201,0.5660,0.0335,0.0158,0.0172,0.0148,0.0112,0.0031
ac_5dB,1-36397-A-23.wav,0.1595,0.0187,0.0065,0.2361,0.0195,0.0158,0.0241,0.0064,0.0433,0.0065
ac_5dB,1-36400-A-23.wav,0.1361,0.0258,0.0160,0.5764,0.0303,0.0197,0.0068,0.0084,0.0452,0.0044
ac_5dB,1-36402-A-23.wav,0.0909,0.0182,0.0097,0.4921,0.0371,0.0289,0.0211,0.0071,0.0994,0.0089
ac_5dB,1-36929-A-47.wav,0.0017,0.0006,0.0145,0.0052,0.0005,0.0043,0.0068,0.0007,0.1898,0.0009
ac_5dB,1-37226-A-29.wav,0.0518,0.1281,0.0079,0.2531,0.0497,0.0385,0.0158,0.0097,0.0410,0.0058
ac_5dB,1-38559-A-14.wav,0.0055,0.0020,0.0070,0.0085,0.0058,0.0130,0.0087,0.0064,0.0439,0.0055
ac_5dB,1-38560-A-14.wav,0.0037,0.0028,0.0196,0.0070,0.0067,0.0247,0.0118,0.0120,0.0984,0.0075
ac_5dB,1-39835-A-9.wav,0.0007,0.0197,0.0032,0.0020,0.0015,0.0037,0.0036,0.0033,0.0049,0.0005
ac_5dB,1-39835-B-9.wav,0.0028,0.0016,0.0022,0.0094,0.0008,0.0018,0.0040,0.0006,0.0498,0.0007
ac_5dB,1-39901-A-11.wav,0.0026,0.0039,0.0069,0.0037,0.0025,0.0054,0.0021,0.0017,0.0355,0.0014
ac_5dB,1-39901-B-11.wav,0.0011,0.0042,0.0084,0.0075,0.0012,0.0080,0.0032,0.0026,0.0159,0.0044
ac_5dB,1-39923-A-1.wav,0.0039,0.0022,0.0087,0.0094,0.0018,0.0152,0.0054,0.0033,0.0488,0.0032
ac_5dB,1-39937-A-28.wav,0.6555,0.0113,0.0315,0.6717,0.0251,0.0237,0.0161,0.0248,0.0538,0.0201
ac_5dB,1-40154-A-46.wav,0.0003,0.0005,0.0164,0.0008,0.0006,0.0048,0.0059,0.0004,0.0166,0.0002
ac_5dB,1-40621-A-28.wav,0.7124,0.0042,0.0083,0.7773,0.0034,0.0233,0.0060,0.0041,0.0499,0.0016
ac_5dB,1-40730-A-1.wav,0.0030,0.0025,0.0058,0.0126,0.0013,0.0096,0.0145,0.0041,0.0105,0.0030
ac_5dB,1-40967-A-28.wav,0.8556,0.0251,0.0058,0.9029,0.0072,0.0167,0.0048,0.0073,0.0502,0.0026
ac_5dB,1-41615-A-34.wav,0.0202,0.0303,0.0091,0.0384,0.0349,0.0215,0.0175,0.0229,0.0284,0.0084
ac_5dB,1-4211-A-12.wav,0.0030,0.0025,0.0037,0.0044,0.0014,0.0155,0.0171,0.0121,0.0638,0.0005
ac_5dB,1-42139-A-38.wav,0.0115,0.0067,0.0229,0.0166,0.0053,0.0189,0.0081,0.0106,0.0466,0.0031
ac_5dB,1-43382-A-1.wav,0.0056,0.0068,0.0044,0.0107,0.0033,0.0155,0.0077,0.0052,0.0207,0.0010
ac_5dB,1-43760-A-11.wav,0.0024,0.0051,0.0046,0.0046,0.0032,0.0261,0.0027,0.0044,0.0216,0.0010
ac_5dB,1-43764-A-34.wav,0.0107,0.0087,0.0057,0.0174,0.0104,0.0122,0.0117,0.0151,0.0688,0.0069
ac_5dB,1-43807-A-47.wav,0.0016,0.0017,0.0196,0.0082,0.0043,0.0129,0.0077,0.0009,0.0614,0.0005
ac_5dB,1-43807-B-47.wav,0.0201,0.0037,0.0065,0.0203,0.0017,0.0075,0.0136,0.0120,0.0588,0.0022
ac_5dB,1-43807-C-47.wav,0.0112,0.0038,0.0078,0.0417,0.0038,0.0053,0.0248,0.0260,0.0143,0.0042
ac_5dB,1-43807-D-47.wav,0.0023,0.0012,0.0068,0.0031,0.0006,0.0037,0.0031,0.0016,0.2234,0.0012
ac_5dB,1-44831-A-1.wav,0.0255,0.0494,0.0265,0.0666,0.0504,0.0343,0.0199,0.0138,0.0989,0.0054
ac_5dB,1-45641-A-27.wav,0.0062,0.0007,0.0156,0.0125,0.0009,0.0093,0.0049,0.0012,0.0884,0.0079
ac_5dB,1-45645-A-31.wav,0.0103,0.0066,0.0028,0.0156,0.0035,0.0148,0.0059,0.0059,0.0233,0.0064
ac_5dB,1-46040-A-14.wav,0.0062,0.0077,0.3077,0.0117,0.0113,0.1485,0.0110,0.0205,0.0252,0.0099
ac_5dB,1-46272-A-12.wav,0.0006,0.0007,0.0045,0.0028,0.0002,0.0131,0.0021,0.0012,0.0268,0.0002
ac_5dB,1-46274-A-18.wav,0.0020,0.0016,0.0066,0.0035,0.0015,0.0054,0.0029,0.0009,0.0090,0.0059
ac_5dB,1-46353-A-49.wav,0.0006,0.0022,0.0257,0.0070,0.0030,0.0098,0.0030,0.0001,0.0100,0.0001
ac_5dB,1-46744-A-36.wav,0.0046,0.0012,0.0040,0.0093,0.0008,0.0045,0.0038,0.0055,0.0292,0.0076
ac_5dB,1-46938-A-7.wav,0.0006,0.0004,0.0588,0.0014,0.0017,0.0034,0.0037,0.0059,0.4009,0.0051
ac_5dB,1-46938-B-7.wav,0.0028,0.0031,0.0447,0.0031,0.0030,0.0160,0.0054,0.0062,0.0434,0.0027
ac_5dB,1-47250-A-41.wav,0.0028,0.0038,0.0194,0.0071,0.0015,0.0027,0.0020,0.0006,0.0310,0.0011
ac_5dB,1-47250-B-41.wav,0.0055,0.0027,0.0324,0.0089,0.0009,0.0041,0.0040,0.0013,0.0255,0.0020
ac_5dB,1-47273-A-21.wav,0.0328,0.0865,0.0341,0.0981,0.8057,0.0539,0.0161,0.0351,0.0145,0.0039
ac_5dB,1-47274-A-21.wav,0.0094,0.0361,0.0806,0.0624,0.8525,0.0575,0.0161,0.0093,0.0343,0.0573
ac_5dB,1-47709-A-16.wav,0.0092,0.0028,0.0090,0.0138,0.0029,0.0135,0.0119,0.0084,0.0418,0.0073
ac_5dB,1-47714-A-16.wav,0.0104,0.0082,0.0083,0.0143,0.0069,0.0227,0.0142,0.0099,0.0671,0.0202
ac_5dB,1-47819-A-5.wav,0.0420,0.0085,0.0385,0.0504,0.0100,0.0367,0.0175,0.0337,0.0876,0.0033
ac_5dB,1-47819-B-5.wav,0.0086,0.0041,0.0256,0.0145,0.0031,0.0145,0.0113,0.0415,0.0698,0.0041
ac_5dB,1-47819-C-5.wav,0.0765,0.0052,0.0922,0.1023,0.0068,0.0243,0.0072,0.0102,0.0616,0.0025
ac_5dB,1-47923-A-28.wav,0.9498,0.0037,0.0610,0.9252,0.0080,0.0104,0.0129,0.0057,0.0580,0.0063
ac_5dB,1-48298-A-46.wav,0.0123,0.0032,0.0062,0.0189,0.0117,0.0093,0.0047,0.0189,0.0571,0.0063
ac_5dB,1-48413-A-38.wav,0.0025,0.0009,0.0094,0.0030,0.0018,0.0023,0.0023,0.0142,0.0248,0.0016
ac_5dB,1-49098-A-35.wav,0.0176,0.0012,0.0122,0.0082,0.0007,0.0049,0.0030,0.0109,0.0361,0.0011
ac_5dB,1-49409-A-8.wav,0.0051,0.0025,0.0709,0.0048,0.0045,0.1183,0.0025,0.0107,0.0315,0.0004
ac_5dB,1-49409-B-8.wav,0.0060,0.0011,0.1330,0.0062,0.0047,0.0145,0.0016,0.0047,0.0224,0.0019
ac_5dB,1-50060-A-10.wav,0.0025,0.0033,0.0077,0.0037,0.0033,0.0348,0.0020,0.0017,0.0348,0.0010
ac_5dB,1-50454-A-44.wav,0.0035,0.0036,0.0048,0.0045,0.0021,0.0090,0.0049,0.0058,0.0654,0.0047
ac_5dB,1-50455-A-44.wav,0.0050,0.0041,0.0083,0.0064,0.0029,0.0128,0.0055,0.0089,0.0811,0.0027
ac_5dB,1-50623-A-15.wav,0.0095,0.0276,0.0048,0.0142,0.0076,0.0135,0.0127,0.0137,0.0233,0.0043
ac_5dB,1-50625-A-17.wav,0.0067,0.0029,0.0134,0.0075,0.0024,0.0137,0.0026,0.0021,0.0415,0.0015
ac_5dB,1-50661-A-44.wav,0.0019,0.0020,0.0128,0.0052,0.0011,0.0087,0.0069,0.0045,0.0314,0.0016
ac_5dB,1-50688-A-17.wav,0.0024,0.0085,0.0039,0.0044,0.0018,0.0256,0.0033,0.0017,0.0195,0.0019
ac_5dB,1-51035-A-16.wav,0.0082,0.0041,0.0043,0.0081,0.0027,0.0105,0.0061,0.0048,0.0791,0.0027
ac_5dB,1-51036-A-16.wav,0.0027,0.0027,0.0094,0.0026,0.0012,0.0210,0.0037,0.0033,0.0824,0.0017
ac_5dB,1-51037-A-16.wav,0.0044,0.0021,0.0128,0.0042,0.0017,0.0369,0.0059,0.0078,0.0529,0.0006
ac_5dB,1-51147-A-25.wav,0.0036,0.0093,0.0088,0.0046,0.0019,0.0095,0.0042,0.0169,0.0345,0.0051
ac_5dB,1-51170-A-18.wav,0.0005,0.0022,0.0886,0.0029,0.0016,0.0153,0.0016,0.0024,0.0075,0.0013
ac_5dB,1-51433-A-17.wav,0.0026,0.0090,0.0103,0.0064,0.0009,0.0328,0.0030,0.0006,0.0622,0.0009
ac_5dB,1-51436-A-17.wav,0.0010,0.0036,0.0160,0.0049,0.0008,0.0022,0.0008,0.0003,0.0078,0.0006
ac_5dB,1-51805-A-33.wav,0.0237,0.0005,0.0179,0.0209,0.0006,0.0242,0.0078,0.0053,0.1290,0.0019
ac_5dB,1-51805-B-33.wav,0.0148,0.0098,0.0458,0.0131,0.0100,0.0467,0.0132,0.0330,0.0569,0.0039
ac_5dB,1-51805-C-33.wav,0.0210,0.0019,0.0233,0.0183,0.0059,0.0186,0.0146,0.0099,0.0576,0.0034
ac_5dB,1-51805-D-33.wav,0.0480,0.0008,0.0164,0.1002,0.0008,0.0057,0.0035,0.0055,0.0350,0.0009
ac_5dB,1-51805-E-33.wav,0.0106,0.0115,0.0331,0.0148,0.0052,0.0261,0.1147,0.0063,0.0164,0.0013
ac_5dB,1-51805-F-33.wav,0.2266,0.0028,0.0744,0.4022,0.0185,0.0268,0.0290,0.0079,0.1369,0.0071
ac_5dB,1-51805-G-33.wav,0.2511,0.0027,0.0193,0.1683,0.0060,0.0063,0.0053,0.0261,0.0162,0.0189
ac_5dB,1-51805-H-33.wav,0.0050,0.0047,0.0100,0.0057,0.0033,0.0119,0.0068,0.0097,0.0965,0.0016
ac_5dB,1-52266-A-24.wav,0.0102,0.9737,0.0204,0.0160,0.0590,0.0265,0.0323,0.0018,0.0598,0.0003
ac_5dB,1-52290-A-30.wav,0.0175,0.0189,0.0061,0.0288,0.0109,0.0221,0.0090,0.0107,0.0251,0.0111
ac_5dB,1-52323-A-24.wav,0.0675,0.4543,0.0992,0.1142,0.1420,0.0929,0.0176,0.0133,0.0499,0.0052
ac_5dB,1-53444-A-28.wav,0.6727,0.0113,0.0078,0.6976,0.0086,0.0080,0.0154,0.0087,0.0110,0.0045
ac_5dB,1-53467-A-47.wav,0.0188,0.0067,0.0210,0.0227,0.0133,0.0110,0.0162,0.0103,0.0634,0.0026
ac_5dB,1-53501-A-32.wav,0.0268,0.0071,0.0067,0.0359,0.0034,0.0094,0.0101,0.0036,0.0474,0.0007
ac_5dB,1-53663-A-24.wav,0.0331,0.9847,0.0124,0.0898,0.2412,0.0145,0.0435,0.0064,0.0127,0.0106
ac_5dB,1-53670-A-18.wav,0.0069,0.0044,0.0286,0.0114,0.0038,0.0141,0.0044,0.0059,0.0623,0.0055
ac_5dB,1-54065-A-45.wav,0.0043,0.0020,0.0327,0.0094,0.0026,0.0176,0.0051,0.0066,0.0731,0.0023
ac_5dB,1-54065-B-45.wav,0.0050,0.0027,0.0177,0.0073,0.0066,0.0126,0.0064,0.0379,0.1511,0.0018
ac_5dB,1-54084-A-42.wav,0.0006,0.0002,0.0230,0.0009,0.0003,0.0042,0.0036,0.0062,0.4153,0.0002
ac_5dB,1-54505-A-21.wav,0.0299,0.5193,0.0190,0.2230,0.9233,0.0347,0.0373,0.0059,0.0334,0.0251
ac_5dB,1-54747-A-46.wav,0.0041,0.0031,0.0118,0.0050,0.0034,0.0263,0.0102,0.0029,0.1660,0.0015
ac_5dB,1-54752-A-18.wav,0.0009,0.0008,0.0121,0.0029,0.0009,0.0032,0.0008,0.0007,0.0165,0.0016
ac_5dB,1-54918-A-14.wav,0.0060,0.0050,0.0024,0.0098,0.0040,0.0069,0.0243,0.0022,0.0486,0.0077
ac_5dB,1-54918-B-14.wav,0.0166,0.0097,0.0228,0.0270,0.0039,0.0235,0.0254,0.0070,0.0298,0.0025
ac_5dB,1-54958-A-10.wav,0.0162,0.0031,0.0079,0.0154,0.0045,0.0482,0.0026,0.0046,0.0277,0.0017
ac_5dB,1-56233-A-9.wav,0.0004,0.0047,0.0040,0.0009,0.0007,0.0015,0.0020,0.0003,0.0124,0.0004
ac_5dB,1-56234-A-9.wav,0.2311,0.0010,0.0036,0.1784,0.0009,0.0040,0.0038,0.0013,0.0178,0.0006
ac_5dB,1-56269-A-18.wav,0.0016,0.0009,0.0150,0.0049,0.0021,0.0085,0.0025,0.0012,0.0257,0.0021
ac_5dB,1-56270-A-29.wav,0.0119,0.1610,0.0170,0.0487,0.0537,0.0129,0.0086,0.0080,0.0325,0.0024
ac_5dB,1-56311-A-10.wav,0.0033,0.0020,0.0098,0.0060,0.0025,0.0309,0.0067,0.0034,0.0345,0.0010
ac_5dB,1-56380-A-5.wav,0.0029,0.0008,0.0457,0.0075,0.0016,0.0193,0.0012,0.0033,0.0230,0.0016
ac_5dB,1-56380-B-5.wav,0.0123,0.0105,0.2207,0.0162,0.0173,0.0209,0.0085,0.0189,0.1087,0.0049
ac_5dB,1-56907-A-46.wav,0.0006,0.0007,0.0101,0.0018,0.0005,0.0015,0.0010,0.0014,0.0185,0.0044
ac_5dB,1-57163-A-38.wav,0.0020,0.0010,0.0096,0.0026,0.0016,0.0091,0.0100,0.0019,0.0208,0.0036
ac_5dB,1-57316-A-13.wav,0.0086,0.0055,0.0039,0.0100,0.0047,0.0123,0.0043,0.0035,0.0337,0.0031
ac_5dB,1-57318-A-13.wav,0.0152,0.0018,0.0026,0.0190,0.0036,0.0064,0.0069,0.0070,0.0689,0.0024
ac_5dB,1-57795-A-8.wav,0.0108,0.0005,0.3790,0.0126,0.0062,0.0062,0.0010,0.0030,0.0096,0.0012
ac_5dB,1-58277-A-3.wav,0.0189,0.0044,0.1742,0.0150,0.0044,0.0097,0.0149,0.0106,0.1701,0.0021
ac_5dB,1-58792-A-24.wav,0.0230,0.2142,0.3287,0.1235,0.2663,0.0380,0.0140,0.0077,0.0474,0.0180
ac_5dB,1-58846-A-34.wav,0.0091,0.0061,0.0056,0.0183,0.0041,0.0120,0.0101,0.0075,0.0150,0.0033
ac_5dB,1-58923-A-27.wav,0.0043,0.0003,0.0120,0.0358,0.0008,0.0067,0.0043,0.0008,0.0148,0.0011
ac_5dB,1-58923-B-27.wav,0.0037,0.0005,0.0054,0.0442,0.0008,0.0229,0.0120,0.0023,0.0280,0.0049
ac_5dB,1-59102-A-13.wav,0.0025,0.0015,0.0065,0.0071,0.0026,0.0034,0.0171,0.0106,0.0967,0.0043
ac_5dB,1-59324-A-21.wav,0.0716,0.0805,0.0460,0.1064,0.4457,0.0203,0.0792,0.0119,0.0363,0.0013
ac_5dB,1-59513-A-0.wav,0.0019,0.0025,0.0063,0.0076,0.0039,0.0046,0.7405,0.0040,0.0343,0.0008
ac_5dB,1-5996-A-6.wav,0.0079,0.0185,0.3159,0.0147,0.0055,0.0883,0.0091,0.0099,0.0717,0.0036
ac_5dB,1-60460-A-36.wav,0.0014,0.0011,0.0124,0.0032,0.0013,0.0051,0.0035,0.0023,0.0296,0.0198
ac_5dB,1-60676-A-34.wav,0.0042,0.0051,0.0057,0.0062,0.0029,0.0096,0.0102,0.0089,0.0974,0.0023
ac_5dB,1-60997-A-20.wav,0.0056,0.0034,0.0453,0.0162,0.0034,0.1994,0.0012,0.0044,0.0424,0.0029
ac_5dB,1-60997-B-20.wav,0.0024,0.0024,0.0386,0.0077,0.0027,0.1216,0.0010,0.0043,0.0118,0.0017
ac_5dB,1-61212-A-32.wav,0.0039,0.0065,0.0168,0.0031,0.0015,0.0173,0.0070,0.0014,0.0441,0.0017
ac_5dB,1-61221-A-17.wav,0.0176,0.0077,0.0163,0.0243,0.0106,0.0176,0.0125,0.0086,0.0332,0.0028
ac_5dB,1-61252-A-11.wav,0.0008,0.0011,0.0133,0.0012,0.0003,0.0246,0.0036,0.0015,0.0629,0.0006
ac_5dB,1-61261-A-44.wav,0.0040,0.0025,0.0225,0.0045,0.0018,0.0192,0.0030,0.0018,0.0497,0.0027
ac_5dB,1-61534-A-27.wav,0.0454,0.0072,0.0063,0.1250,0.0098,0.0165,0.0300,0.0062,0.0181,0.0057
ac_5dB,1-62509-A-45.wav,0.0024,0.0007,0.0106,0.0031,0.0010,0.0076,0.0021,0.0065,0.0615,0.0055
ac_5dB,1-62565-A-44.wav,0.0253,0.0103,0.0100,0.0457,0.0075,0.0200,0.0117,0.0073,0.1054,0.0038
ac_5dB,1-62594-A-32.wav,0.0064,0.0050,0.1076,0.0137,0.0112,0.0314,0.0099,0.0429,0.0295,0.0068
ac_5dB,1-62849-A-38.wav,0.0021,0.0038,0.0054,0.0037,0.0028,0.0131,0.0053,0.0189,0.0560,0.0012
ac_5dB,1-62850-A-38.wav,0.0444,0.0269,0.0444,0.1789,0.1518,0.2036,0.0207,0.0068,0.4424,0.0034
ac_5dB,1-63679-A-24.wav,0.0155,0.9708,0.2100,0.0266,0.0423,0.3874,0.0143,0.0142,0.0568,0.0125
ac_5dB,1-63871-A-10.wav,0.0042,0.0033,0.0184,0.0066,0.0013,0.0245,0.0060,0.0098,0.0270,0.0009
ac_5dB,1-64398-A-41.wav,0.1303,0.0060,0.0893,0.0714,0.0037,0.0156,0.0088,0.0211,0.1152,0.0015
ac_5dB,1-64398-B-41.wav,0.0012,0.0008,0.0079,0.0034,0.0004,0.0054,0.0052,0.0042,0.0283,0.0011
ac_5dB,1-64473-A-45.wav,0.0033,0.0028,0.0109,0.0068,0.0035,0.0097,0.0045,0.0034,0.0578,0.0182
ac_5dB,1-65483-A-13.wav,0.0157,0.0084,0.1228,0.0263,0.0094,0.0205,0.0301,0.0190,0.0314,0.0017
ac_5dB,1-67033-A-37.wav,0.0019,0.0014,0.0015,0.0037,0.0016,0.0034,0.0024,0.0010,0.0294,0.0040
ac_5dB,1-67152-A-17.wav,0.0128,0.0048,0.0045,0.0097,0.0048,0.0133,0.0054,0.0093,0.1431,0.0024
ac_5dB,1-67230-A-29.wav,0.4410,0.0404,0.0064,0.3433,0.0330,0.0200,0.0105,0.0029,0.0520,0.0004
ac_5dB,1-67432-A-27.wav,0.0027,0.0007,0.0017,0.0100,0.0011,0.0046,0.0060,0.0003,0.0139,0.0023
ac_5dB,1-68628-A-27.wav,0.2593,0.0065,0.0166,0.1949,0.0045,0.0186,0.0073,0.0207,0.0301,0.0152
ac_5dB,1-68670-A-34.wav,0.0189,0.0353,0.0237,0.0177,0.0332,0.0231,0.1508,0.0222,0.0173,0.0096
ac_5dB,1-68734-A-34.wav,0.0040,0.0013,0.0281,0.0052,0.0014,0.0076,0.0127,0.0010,0.0191,0.0010
ac_5dB,1-69165-A-34.wav,0.0035,0.0016,0.0526,0.0085,0.0034,0.0082,0.0060,0.0336,0.0112,0.0004
ac_5dB,1-69422-A-3.wav,0.0095,0.0091,0.1125,0.0209,0.0078,0.0201,0.0661,0.0104,0.0402,0.0017
ac_5dB,1-69641-A-3.wav,0.1035,0.0075,0.0328,0.1532,0.0135,0.0177,0.0098,0.0072,0.0320,0.0093
ac_5dB,1-69760-A-16.wav,0.0087,0.0051,0.0057,0.0109,0.0051,0.0187,0.0090,0.0078,0.0181,0.0022
ac_5dB,1-70300-A-45.wav,0.0166,0.0027,0.0138,0.0293,0.0046,0.0118,0.0094,0.0137,0.1297,0.0013
ac_5dB,1-7057-A-12.wav,0.0014,0.0028,0.0031,0.0041,0.0006,0.0093,0.0042,0.0031,0.0160,0.0008
ac_5dB,1-71030-A-6.wav,0.0021,0.0017,0.0068,0.0050,0.0015,0.0230,0.0102,0.0036,0.0039,0.0013
ac_5dB,1-72195-A-37.wav,0.0009,0.0002,0.0040,0.0029,0.0001,0.0019,0.0009,0.0008,0.0364,0.0021
ac_5dB,1-72195-B-37.wav,0.0006,0.0006,0.0108,0.0015,0.0003,0.0032,0.0026,0.0018,0.0269,0.0019
ac_5dB,1-72229-A-6.wav,0.0114,0.0015,0.0154,0.0091,0.0020,0.0068,0.0081,0.0070,0.0594,0.0028
ac_5dB,1-72229-B-6.wav,0.0204,0.0010,0.0428,0.0199,0.0022,0.1024,0.0113,0.0073,0.0743,0.0015
ac_5dB,1-72695-A-26.wav,0.0109,0.0227,0.0234,0.0403,0.3707,0.7295,0.0121,0.0156,0.0337,0.0025
ac_5dB,1-73123-A-26.wav,0.0326,0.0111,0.0214,0.0779,0.0247,0.8054,0.0223,0.0051,0.8323,0.0078
ac_5dB,1-73585-A-7.wav,0.0036,0.0015,0.0075,0.0041,0.0015,0.0091,0.0022,0.0044,0.0111,0.0044
ac_5dB,1-74517-A-37.wav,0.0021,0.0009,0.1300,0.0046,0.0017,0.0074,0.0018,0.0007,0.0471,0.0022
ac_5dB,1-7456-A-13.wav,0.0087,0.0025,0.0090,0.0112,0.0065,0.0177,0.0046,0.0101,0.0501,0.0026
ac_5dB,1-75162-A-9.wav,0.0009,0.0025,0.0028,0.0018,0.0003,0.0005,0.0018,0.0012,0.0632,0.0007
ac_5dB,1-75189-A-7.wav,0.0073,0.0034,0.0715,0.0101,0.0021,0.0169,0.0121,0.0107,0.0401,0.0036
ac_5dB,1-75190-A-8.wav,0.0125,0.0022,0.0773,0.0193,0.0058,0.0382,0.0012,0.0057,0.0179,0.0002
ac_5dB,1-76831-A-42.wav,0.0005,0.0006,0.0076,0.0009,0.0005,0.0108,0.0017,0.0007,0.0416,0.0002
ac_5dB,1-76831-B-42.wav,0.0003,0.0005,0.0061,0.0004,0.0002,0.0024,0.0005,0.0002,0.2295,0.0001
ac_5dB,1-76831-C-42.wav,0.0015,0.0004,0.0055,0.0012,0.0002,0.0029,0.0003,0.0008,0.0571,0.0002
ac_5dB,1-76831-D-42.wav,0.0004,0.0006,0.0111,0.0007,0.0004,0.0083,0.0008,0.0006,0.1003,0.0003
ac_5dB,1-76831-E-42.wav,0.0002,0.0004,0.0122,0.0004,0.0003,0.0049,0.0008,0.0014,0.2988,0.0004
ac_5dB,1-77160-A-3.wav,0.0090,0.0038,0.0146,0.0150,0.0068,0.0050,0.0039,0.0044,0.0345,0.0034
ac_5dB,1-77241-A-3.wav,0.0003,0.0002,0.0086,0.0013,0.0001,0.0008,0.0007,0.0002,0.1252,0.0003
ac_5dB,1-79113-A-5.wav,0.0138,0.0237,0.0178,0.0244,0.0038,0.0258,0.0064,0.0055,0.0228,0.0143
ac_5dB,1-79146-A-29.wav,0.0120,0.0106,0.0147,0.0142,0.0046,0.0096,0.0092,0.0096,0.0589,0.0044
ac_5dB,1-79220-A-17.wav,0.0088,0.0154,0.0085,0.0223,0.0248,0.0252,0.0259,0.0249,0.0165,0.0200
ac_5dB,1-79236-A-36.wav,0.0014,0.0013,0.0094,0.0031,0.0012,0.0058,0.0033,0.0007,0.0168,0.0075
ac_5dB,1-79711-A-32.wav,0.0014,0.0017,0.0112,0.0028,0.0005,0.0068,0.0028,0.0008,0.0297,0.0017
ac_5dB,1-7973-A-7.wav,0.0090,0.0149,0.0554,0.0200,0.0047,0.0112,0.0129,0.0117,0.0175,0.0107
ac_5dB,1-7974-A-49.wav,0.0228,0.0148,0.0125,0.0708,0.0192,0.0146,0.0077,0.0043,0.0450,0.0072
ac_5dB,1-7974-B-49.wav,0.0215,0.0138,0.0054,0.2056,0.0064,0.0129,0.0236,0.0241,0.0406,0.0148
ac_5dB,1-80785-A-7.wav,0.0471,0.0293,0.1079,0.1518,0.0450,0.0215,0.0218,0.0157,0.2297,0.0039
ac_5dB,1-80840-A-13.wav,0.0272,0.0029,0.0065,0.0209,0.0037,0.0068,0.0232,0.0312,0.0529,0.0006
ac_5dB,1-80841-A-13.wav,0.0389,0.0053,0.0111,0.0736,0.0056,0.0102,0.0094,0.0059,0.0481,0.0038
ac_5dB,1-81001-A-30.wav,0.0042,0.0027,0.0039,0.0062,0.0022,0.0139,0.0033,0.0783,0.0330,0.0011
ac_5dB,1-81001-B-30.wav,0.0124,0.0078,0.0156,0.0251,0.0052,0.0145,0.0122,0.0622,0.0134,0.0018
ac_5dB,1-81269-A-3.wav,0.0074,0.0039,0.0181,0.0110,0.0045,0.0150,0.0234,0.0091,0.1244,0.0054
ac_5dB,1-81851-A-31.wav,0.0357,0.0047,0.0046,0.0271,0.0045,0.0071,0.0126,0.0058,0.0248,0.0012
ac_5dB,1-81883-A-21.wav,0.0255,0.5895,0.0206,0.1209,0.9679,0.0464,0.0147,0.0168,0.0432,0.0037
ac_5dB,1-82817-A-30.wav,0.0057,0.0023,0.0136,0.0093,0.0016,0.0144,0.0066,0.0038,0.0595,0.0023
ac_5dB,1-84393-A-32.wav,0.0141,0.0112,0.0061,0.0150,0.0020,0.0130,0.0110,0.0081,0.0103,0.0100
ac_5dB,1-84536-A-39.wav,0.0030,0.0014,0.0400,0.0085,0.0024,0.0131,0.0026,0.0035,0.0915,0.9980
ac_5dB,1-84704-A-39.wav,0.0036,0.0037,0.0079,0.0177,0.0020,0.0247,0.0061,0.0066,0.0643,0.8865
ac_5dB,1-84705-A-39.wav,0.0041,0.0042,0.0041,0.0141,0.0064,0.0158,0.0065,0.0119,0.0242,0.0023
ac_5dB,1-85123-A-31.wav,0.0056,0.0085,0.0087,0.0078,0.0044,0.0495,0.0101,0.0061,0.0431,0.0060
ac_5dB,1-85168-A-39.wav,0.0282,0.0264,0.0126,0.0676,0.0272,0.0205,0.1425,0.0194,0.0199,0.9734
ac_5dB,1-85184-A-39.wav,0.0095,0.0077,0.0128,0.0128,0.0100,0.0278,0.0371,0.0164,0.0668,0.8820
ac_5dB,1-85362-A-0.wav,0.0008,0.0006,0.0041,0.0025,0.0010,0.0027,0.6762,0.0007,0.0651,0.0001
ac_5dB,1-85909-A-29.wav,0.0125,0.0099,0.0021,0.0098,0.0049,0.0137,0.0060,0.0141,0.0368,0.0039
ac_5dB,1-87565-A-29.wav,0.0903,0.0142,0.0669,0.0804,0.0121,0.0161,0.0286,0.0160,0.0219,0.0028
ac_5dB,1-88409-A-45.wav,0.0057,0.0134,0.6157,0.0096,0.0057,0.0914,0.0075,0.0127,0.0597,0.0031
ac_5dB,1-88409-B-45.wav,0.0023,0.0013,0.0195,0.0019,0.0008,0.0082,0.0035,0.0070,0.0481,0.0014
ac_5dB,1-88574-A-8.wav,0.0065,0.0015,0.0058,0.0061,0.0043,0.0213,0.0047,0.0137,0.0435,0.0024
ac_5dB,1-88807-A-39.wav,0.0065,0.0026,0.0042,0.0136,0.0020,0.0055,0.0048,0.0020,0.0448,0.6520
ac_5dB,1-90797-A-15.wav,0.0059,0.0174,0.0112,0.0108,0.0110,0.0211,0.0087,0.0112,0.0365,0.0121
ac_5dB,1-91359-A-11.wav,0.0044,0.0070,0.0247,0.0044,0.0038,0.0218,0.0101,0.0034,0.1020,0.0008
ac_5dB,1-91359-B-11.wav,0.0085,0.0034,0.0180,0.0090,0.0040,0.0155,0.0113,0.0180,0.0953,0.0022
ac_5dB,1-94036-A-22.wav,0.0012,0.0012,0.0178,0.0044,0.0009,0.0184,0.0024,0.0065,0.0731,0.0032
ac_5dB,1-94231-A-32.wav,0.0553,0.0087,0.0058,0.0573,0.0095,0.0183,0.0067,0.0106,0.0404,0.0028
ac_5dB,1-94231-B-32.wav,0.0031,0.0036,0.0058,0.0043,0.0012,0.0083,0.0043,0.0032,0.0895,0.0063
ac_5dB,1-95563-A-31.wav,0.0068,0.0013,0.0007,0.0099,0.0011,0.0051,0.0027,0.0009,0.0277,0.0031
ac_5dB,1-96890-A-37.wav,0.0023,0.0017,0.0436,0.0035,0.0013,0.0026,0.0025,0.0009,0.0967,0.0010
ac_5dB,1-96950-A-9.wav,0.0055,0.0045,0.0062,0.0075,0.0021,0.0204,0.0044,0.0046,0.0676,0.0011
ac_5dB,1-96950-B-9.wav,0.0010,0.0009,0.0076,0.0066,0.0003,0.0003,0.0009,0.0003,0.0072,0.0002
ac_5dB,1-97392-A-0.wav,0.0116,0.0057,0.0211,0.0177,0.0091,0.0367,0.7102,0.0069,0.0599,0.0065
ac_5dB,1-977-A-39.wav,0.0345,0.0224,0.0135,0.0653,0.0231,0.0161,0.1348,0.0248,0.0179,0.5525
ac_5dB,1-97793-A-31.wav,0.0131,0.0014,0.0195,0.0115,0.0044,0.0074,0.0201,0.0083,0.1321,0.0008
ac_5dB,1-9841-A-13.wav,0.0420,0.0074,0.0041,0.0367,0.0040,0.0189,0.0108,0.0156,0.2113,0.0039
ac_5dB,1-9886-A-49.wav,0.0699,0.0268,0.0248,0.3247,0.0227,0.0395,0.0145,0.0012,0.0160,0.0220
ac_5dB,1-9887-A-49.wav,0.0048,0.0047,0.0556,0.0112,0.0087,0.0108,0.0237,0.0013,0.0322,0.0160
ac_5dB,1-9887-B-49.wav,0.0100,0.0058,0.0276,0.0210,0.0051,0.0291,0.0395,0.0205,0.0427,0.0313
ac_5dB,1-99958-A-31.wav,0.0830,0.0026,0.0022,0.0587,0.0034,0.0064,0.0109,0.0038,0.0368,0.0023
ac_5dB,2-100648-A-43.wav,0.0018,0.0014,0.0313,0.0034,0.0010,0.0080,0.0040,0.0048,0.9896,0.0052
ac_5dB,2-100786-A-1.wav,0.0109,0.0084,0.0124,0.0221,0.0038,0.0244,0.0038,0.0044,0.0141,0.0034
ac_5dB,2-101676-A-10.wav,0.0004,0.0011,0.0069,0.0015,0.0008,0.0173,0.0023,0.0025,0.0399,0.0004
ac_5dB,2-102414-A-17.wav,0.0230,0.0135,0.0157,0.0351,0.0120,0.0130,0.0204,0.0176,0.0121,0.0062
ac_5dB,2-102414-B-17.wav,0.0007,0.0013,0.0088,0.0039,0.0011,0.0043,0.0020,0.0007,0.0184,0.0036
ac_5dB,2-102414-C-17.wav,0.0269,0.0042,0.0066,0.0307,0.0022,0.0084,0.0077,0.0103,0.0604,0.0012
ac_5dB,2-102414-D-17.wav,0.0129,0.0128,0.0132,0.0129,0.0052,0.0225,0.0164,0.0062,0.0783,0.0022
ac_5dB,2-102414-E-17.wav,0.0168,0.0142,0.0061,0.0176,0.0035,0.0355,0.0057,0.0016,0.0658,0.0024
ac_5dB,2-102414-F-17.wav,0.0142,0.0047,0.0067,0.0140,0.0027,0.0070,0.0166,0.0043,0.0241,0.0124
ac_5dB,2-102414-G-17.wav,0.0051,0.0037,0.0134,0.0098,0.0019,0.0109,0.0068,0.0040,0.0751,0.0018
ac_5dB,2-102435-A-37.wav,0.1769,0.0035,0.0070,0.1129,0.0018,0.0216,0.0063,0.0033,0.0528,0.0036
ac_5dB,2-102567-A-35.wav,0.0069,0.0040,0.0090,0.0098,0.0038,0.0098,0.0062,0.0044,0.0444,0.0031
ac_5dB,2-102567-B-35.wav,0.0080,0.0046,0.0155,0.0131,0.0029,0.0138,0.0057,0.0201,0.0445,0.0058
ac_5dB,2-102567-C-35.wav,0.0233,0.0131,0.0149,0.0291,0.0073,0.0190,0.0184,0.0163,0.0601,0.0052
ac_5dB,2-102567-D-35.wav,0.0065,0.0025,0.0120,0.0096,0.0021,0.0195,0.0117,0.0051,0.0681,0.0017
ac_5dB,2-102568-A-35.wav,0.0034,0.0020,0.0125,0.0060,0.0048,0.0140,0.0028,0.0044,0.0513,0.0073
ac_5dB,2-102581-A-29.wav,0.0169,0.0217,0.0047,0.0214,0.0107,0.0256,0.0512,0.0134,0.0336,0.0017
ac_5dB,2-102581-B-29.wav,0.0106,0.0072,0.0108,0.0128,0.0039,0.0154,0.0131,0.0091,0.0561,0.0036
ac_5dB,2-102852-A-11.wav,0.0026,0.0018,0.0164,0.0041,0.0014,0.0124,0.0056,0.0020,0.0305,0.0016
ac_5dB,2-103423-A-3.wav,0.0074,0.0034,0.0112,0.0137,0.0021,0.0100,0.0370,0.0056,0.1214,0.0005
ac_5dB,2-103424-A-3.wav,0.0036,0.0023,0.0074,0.0058,0.0012,0.0171,0.0052,0.0031,0.0578,0.0006
ac_5dB,2-103426-A-3.wav,0.0070,0.0142,0.0108,0.0186,0.0093,0.0137,0.0102,0.0056,0.0190,0.0038
ac_5dB,2-103427-A-3.wav,0.0061,0.0057,0.0092,0.0148,0.0070,0.0207,0.0109,0.0119,0.0468,0.0029
ac_5dB,2-103428-A-3.wav,0.0217,0.0254,0.1007,0.0413,0.0352,0.0199,0.0232,0.0099,0.2304,0.0034
ac_5dB,2-104105-A-19.wav,0.0098,0.0025,0.0129,0.0098,0.0071,0.0141,0.0100,0.0169,0.0930,0.0010
ac_5dB,2-104105-B-19.wav,0.0011,0.0007,0.0059,0.0015,0.0004,0.0024,0.0020,0.0040,0.0029,0.0001
ac_5dB,2-104168-A-32.wav,0.0011,0.0019,0.0054,0.0027,0.0008,0.0066,0.0027,0.0031,0.0227,0.0004
ac_5dB,2-104475-A-37.wav,0.0007,0.0015,0.0046,0.0022,0.0007,0.0097,0.0019,0.0007,0.0183,0.0021
ac_5dB,2-104476-A-37.wav,0.0004,0.0023,0.0088,0.0043,0.0012,0.0055,0.0111,0.0004,0.0046,0.0017
ac_5dB,2-104877-A-3.wav,0.0148,0.0243,0.1865,0.0445,0.0168,0.0546,0.0736,0.0156,0.0868,0.0128
ac_5dB,2-104952-A-16.wav,0.0058,0.0047,0.0079,0.0081,0.0055,0.0320,0.0073,0.0082,0.0544,0.0014
ac_5dB,2-104952-B-16.wav,0.0135,0.0049,0.0056,0.0174,0.0057,0.0134,0.0107,0.0151,0.0251,0.0051
ac_5dB,2-105270-A-47.wav,0.0141,0.0034,0.0104,0.0139,0.0030,0.0203,0.0076,0.0043,0.0688,0.0023
ac_5dB,2-106014-A-44.wav,0.0127,0.0068,0.0188,0.0202,0.0054,0.0216,0.0060,0.0096,0.0527,0.0049
ac_5dB,2-106015-A-44.wav,0.0006,0.0012,0.0125,0.0011,0.0010,0.0032,0.0023,0.0034,0.0390,0.0007
ac_5dB,2-106015-B-44.wav,0.0008,0.0076,0.0117,0.0022,0.0014,0.0174,0.0057,0.0023,0.0445,0.0010
ac_5dB,2-106019-A-13.wav,0.0035,0.0012,0.0028,0.0039,0.0006,0.0071,0.0046,0.0096,0.0103,0.0003
ac_5dB,2-106072-A-36.wav,0.0011,0.0018,0.0150,0.0025,0.0013,0.0100,0.0036,0.0010,0.0348,0.0064
ac_5dB,2-106073-A-36.wav,0.0039,0.0022,0.0079,0.0078,0.0018,0.0102,0.0061,0.0021,0.0405,0.0090
ac_5dB,2-106486-A-44.wav,0.0020,0.0018,0.0124,0.0033,0.0013,0.0119,0.0040,0.0051,0.0633,0.0032
ac_5dB,2-106487-A-44.wav,0.0032,0.0034,0.0164,0.0046,0.0028,0.0218,0.0082,0.0079,0.0813,0.0019
ac_5dB,2-106849-A-47.wav,0.0305,0.0038,0.0363,0.0428,0.0068,0.0078,0.0351,0.0075,0.0185,0.0038
ac_5dB,2-106881-A-39.wav,0.0040,0.0028,0.0100,0.0101,0.0014,0.0183,0.0045,0.0063,0.0324,0.0111
ac_5dB,2-107228-A-44.wav,0.0015,0.0047,0.0032,0.0032,0.0002,0.0030,0.0052,0.0008,0.0025,0.0028
ac_5dB,2-107228-B-44.wav,0.0021,0.0020,0.0025,0.0056,0.0009,0.0078,0.0072,0.0006,0.0259,0.0020
ac_5dB,2-107351-A-20.wav,0.0404,0.0213,0.1370,0.0667,0.0244,0.3745,0.0064,0.0061,0.0141,0.0026
ac_5dB,2-107351-B-20.wav,0.0017,0.0030,0.0658,0.0027,0.0018,0.0496,0.0007,0.0089,0.0138,0.0042
ac_5dB,2-108017-A-24.wav,0.0146,0.0313,0.0212,0.0158,0.0092,0.0343,0.0084,0.0249,0.0466,0.0067
ac_5dB,2-108760-A-14.wav,0.0100,0.0043,0.0050,0.0130,0.0029,0.0091,0.0136,0.0061,0.0603,0.0065
ac_5dB,2-108760-B-14.wav,0.0100,0.0152,0.0265,0.0186,0.0132,0.0991,0.0911,0.0071,0.0713,0.0075
ac_5dB,2-108761-A-14.wav,0.0113,0.0130,0.0059,0.0155,0.0062,0.0089,0.0274,0.0062,0.0688,0.0046
ac_5dB,2-108763-A-9.wav,0.0068,0.0030,0.0156,0.0177,0.0024,0.0023,0.0030,0.0006,0.0397,0.0007
ac_5dB,2-108766-A-9.wav,0.0009,0.0019,0.0080,0.0026,0.0007,0.0020,0.0006,0.0002,0.0729,0.0002
ac_5dB,2-108767-A-9.wav,0.0174,0.0090,0.0130,0.0228,0.0232,0.0147,0.0096,0.0064,0.0922,0.0012
ac_5dB,2-108767-B-9.wav,0.0361,0.0070,0.0096,0.0365,0.0123,0.0155,0.0293,0.0285,0.0598,0.0080
ac_5dB,2-108767-C-9.wav,0.0019,0.0012,0.0026,0.0063,0.0005,0.0009,0.0021,0.0007,0.0301,0.0003
ac_5dB,2-109231-A-9.wav,0.0327,0.0077,0.0033,0.0496,0.0047,0.0198,0.0177,0.0060,0.0478,0.0018
ac_5dB,2-109231-B-9.wav,0.0009,0.0005,0.0172,0.0020,0.0010,0.0288,0.0039,0.0009,0.0484,0.0011
ac_5dB,2-109231-C-9.wav,0.0129,0.0073,0.0246,0.0291,0.0116,0.0176,0.0180,0.0163,0.0838,0.0128
ac_5dB,2-109316-A-32.wav,0.0033,0.0112,0.0014,0.0067,0.0010,0.0170,0.0044,0.0050,0.0333,0.0034
ac_5dB,2-109371-A-16.wav,0.0039,0.0040,0.0123,0.0066,0.0026,0.0167,0.0072,0.0074,0.1379,0.0046
ac_5dB,2-109371-B-16.wav,0.0064,0.0067,0.0080,0.0130,0.0064,0.0180,0.0080,0.0066,0.0334,0.0082
ac_5dB,2-109371-C-16.wav,0.0086,0.0062,0.0147,0.0125,0.0055,0.0133,0.0078,0.0096,0.0709,0.0052
ac_5dB,2-109371-D-16.wav,0.0082,0.0119,0.0230,0.0171,0.0127,0.0343,0.0135,0.0185,0.0774,0.0041
ac_5dB,2-109374-A-16.wav,0.0164,0.0082,0.0144,0.0217,0.0096,0.0171,0.0226,0.0172,0.1104,0.0116
ac_5dB,2-109505-A-21.wav,0.0273,0.1059,0.0592,0.1175,0.7987,0.0074,0.0057,0.0161,0.0208,0.0016
ac_5dB,2-109759-A-26.wav,0.0841,0.0966,0.0922,0.4170,0.0799,0.2404,0.0128,0.0083,0.0532,0.0079
ac_5dB,2-109759-B-26.wav,0.1011,0.0752,0.0242,0.1918,0.0651,0.8505,0.0087,0.0066,0.0631,0.0038
ac_5dB,2-110010-A-5.wav,0.0089,0.0100,0.0171,0.0238,0.0078,0.0292,0.0176,0.0094,0.0512,0.0221
ac_5dB,2-110011-A-5.wav,0.0106,0.0046,0.0245,0.0122,0.0024,0.0506,0.0265,0.0073,0.0786,0.0014
ac_5dB,2-110417-A-28.wav,0.8142,0.0087,0.0055,0.8107,0.0032,0.0227,0.0063,0.0044,0.0915,0.0040
ac_5dB,2-110417-B-28.wav,0.8444,0.0184,0.0086,0.7797,0.0048,0.0120,0.0054,0.0112,0.0201,0.0036
ac_5dB,2-110613-A-13.wav,0.0182,0.0016,0.0058,0.0300,0.0045,0.0090,0.0059,0.0017,0.0703,0.0056
ac_5dB,2-110614-A-8.wav,0.0202,0.0012,0.0179,0.0225,0.0031,0.0050,0.0141,0.0343,0.0522,0.0029
ac_5dB,2-110614-B-8.wav,0.0075,0.0003,0.0430,0.0052,0.0016,0.0040,0.0036,0.0028,0.1329,0.0001
ac_5dB,2-112213-A-39.wav,0.0008,0.0006,0.0143,0.0276,0.0034,0.0027,0.0011,0.0015,0.0609,1.0000
ac_5dB,2-112213-B-39.wav,0.0026,0.0012,0.0109,0.0552,0.0075,0.0024,0.0009,0.0056,0.0192,1.0000
ac_5dB,2-114254-A-30.wav,0.0202,0.0116,0.0103,0.0264,0.0125,0.0325,0.0190,0.0149,0.0577,0.0030
ac_5dB,2-114280-A-0.wav,0.0007,0.0011,0.0131,0.0044,0.0018,0.0034,0.7164,0.0011,0.0914,0.0014
ac_5dB,2-114587-A-0.wav,0.0009,0.0016,0.0108,0.0016,0.0016,0.0181,0.8190,0.0005,0.0251,0.0002
ac_5dB,2-114609-A-28.wav,0.0310,0.0102,0.0179,0.0712,0.0108,0.0145,0.0145,0.0080,0.0686,0.0019
ac_5dB,2-114609-B-28.wav,0.0890,0.0081,0.0155,0.1763,0.0049,0.0119,0.0079,0.0155,0.0176,0.0026
ac_5dB,2-116400-A-0.wav,0.0026,0.0034,0.0145,0.0058,0.0024,0.0057,0.6702,0.0032,0.0642,0.0003
ac_5dB,2-117116-A-37.wav,0.0032,0.0014,0.0345,0.0203,0.0018,0.0097,0.0470,0.0020,0.0134,0.0011
ac_5dB,2-117271-A-0.wav,0.0018,0.0024,0.0063,0.0043,0.0007,0.0015,0.7341,0.0009,0.0712,0.0002
ac_5dB,2-117330-A-28.wav,0.9044,0.0260,0.0158,0.8824,0.0386,0.0137,0.0158,0.0145,0.0143,0.0019
ac_5dB,2-117615-A-48.wav,0.0033,0.0021,0.0059,0.0045,0.0007,0.0061,0.0059,0.0232,0.0208,0.0011
ac_5dB,2-117615-B-48.wav,0.0035,0.0021,0.0067,0.0051,0.0008,0.0105,0.0026,0.0196,0.0338,0.0011
ac_5dB,2-117615-C-48.wav,0.0058,0.0149,0.0105,0.0137,0.0090,0.0293,0.0145,0.0779,0.0382,0.0128
ac_5dB,2-117615-D-48.wav,0.0232,0.0051,0.0281,0.0340,0.0047,0.0170,0.0065,0.3518,0.0414,0.0012
ac_5dB,2-117615-E-48.wav,0.0022,0.0020,0.0066,0.0027,0.0010,0.0206,0.0028,0.0993,0.0515,0.0011
ac_5dB,2-117616-A-48.wav,0.0183,0.0053,0.0047,0.0325,0.0039,0.0160,0.0031,0.0303,0.0237,0.0034
ac_5dB,2-117617-A-48.wav,0.0036,0.0036,0.0070,0.0069,0.0024,0.0145,0.0040,0.0399,0.0238,0.0083
ac_5dB,2-117625-A-10.wav,0.0037,0.0019,0.0047,0.0039,0.0010,0.0516,0.0053,0.0023,0.0288,0.0005
ac_5dB,2-117795-A-3.wav,0.0053,0.0007,0.0183,0.0075,0.0012,0.0034,0.0037,0.0021,0.0275,0.0013
ac_5dB,2-117795-B-3.wav,0.0008,0.0004,0.1901,0.0014,0.0015,0.0017,0.0026,0.0008,0.0242,0.0020
ac_5dB,2-118072-A-0.wav,0.0068,0.0065,0.0086,0.0123,0.0032,0.0149,0.1690,0.0089,0.0292,0.0019
ac_5dB,2-118104-A-21.wav,0.0056,0.4967,0.0335,0.0481,0.8985,0.0523,0.0060,0.0036,0.1864,0.0043
ac_5dB,2-118459-A-32.wav,0.0005,0.0032,0.0077,0.0012,0.0007,0.0436,0.0010,0.0025,0.0198,0.0010
ac_5dB,2-118459-B-32.wav,0.0009,0.0029,0.0071,0.0020,0.0008,0.0101,0.0014,0.0291,0.0304,0.0008
ac_5dB,2-118624-A-30.wav,0.0056,0.0038,0.0059,0.0146,0.0026,0.0216,0.0061,0.0101,0.0672,0.0023
ac_5dB,2-118625-A-30.wav,0.0056,0.0061,0.0071,0.0180,0.0037,0.0106,0.0042,0.0466,0.0139,0.0046
ac_5dB,2-118817-A-32.wav,0.0054,0.0017,0.0032,0.0096,0.0003,0.0067,0.0025,0.0011,0.0301,0.0019
ac_5dB,2-118964-A-0.wav,0.0116,0.0339,0.0131,0.0209,0.0161,0.0117,0.8612,0.0412,0.0538,0.0102
ac_5dB,2-119102-A-21.wav,0.0119,0.0854,0.0165,0.0415,0.9690,0.0177,0.0206,0.0270,0.0947,0.0030
ac_5dB,2-119139-A-31.wav,0.0081,0.0035,0.0645,0.0144,0.0037,0.0145,0.0091,0.0251,0.0265,0.0013
ac_5dB,2-119161-A-8.wav,0.0056,0.0017,0.0738,0.0089,0.0044,0.0080,0.0046,0.0041,0.0330,0.0004
ac_5dB,2-119161-B-8.wav,0.0009,0.0002,0.0037,0.0006,0.0011,0.0004,0.0003,0.0008,0.0131,0.0002
ac_5dB,2-119161-C-8.wav,0.0325,0.0121,0.0186,0.0641,0.0207,0.0239,0.0341,0.0068,0.0415,0.0048
ac_5dB,2-119748-A-38.wav,0.0059,0.0147,0.0590,0.0048,0.0032,0.0043,0.0184,0.0475,0.0880,0.0046
ac_5dB,2-120218-A-30.wav,0.0127,0.0025,0.0052,0.0120,0.0010,0.0090,0.0026,0.0187,0.0614,0.0007
ac_5dB,2-120218-B-30.wav,0.0114,0.0112,0.0046,0.0196,0.0040,0.0060,0.0072,0.0190,0.0074,0.0015
ac_5dB,2-120333-A-32.wav,0.0011,0.0013,0.0028,0.0022,0.0002,0.0051,0.0018,0.0001,0.0224,0.0008
ac_5dB,2-120586-A-6.wav,0.0023,0.0080,0.0069,0.0058,0.0029,0.0104,0.0065,0.0076,0.0141,0.0021
ac_5dB,2-120587-A-6.wav,0.0094,0.0037,0.0110,0.0081,0.0026,0.0086,0.0320,0.0054,0.0525,0.0034
ac_5dB,2-121909-A-35.wav,0.0098,0.0021,0.0188,0.0143,0.0030,0.0097,0.0071,0.0080,0.0284,0.0010
ac_5dB,2-121978-A-29.wav,0.0145,0.0050,0.0039,0.0044,0.0027,0.0042,0.0113,0.0167,0.0646,0.0010
ac_5dB,2-122066-A-45.wav,0.0045,0.0017,0.0191,0.0036,0.0013,0.0082,0.0029,0.0039,0.1221,0.0060
ac_5dB,2-122066-B-45.wav,0.0011,0.0011,0.0137,0.0018,0.0024,0.0093,0.0012,0.0008,0.0283,0.0018
ac_5dB,2-122067-A-45.wav,0.0030,0.0018,0.0122,0.0032,0.0043,0.0069,0.0028,0.0031,0.0816,0.0270
ac_5dB,2-122067-B-45.wav,0.0004,0.0020,0.0192,0.0013,0.0016,0.0065,0.0021,0.0007,0.0166,0.0122
ac_5dB,2-122104-A-0.wav,0.0072,0.0072,0.0053,0.0135,0.0069,0.0145,0.8511,0.0111,0.0464,0.0017
ac_5dB,2-122104-B-0.wav,0.0131,0.0064,0.0387,0.0283,0.0074,0.0324,0.6004,0.0040,0.0452,0.0024
ac_5dB,2-122616-A-14.wav,0.0071,0.0037,0.0060,0.0104,0.0011,0.0088,0.0106,0.0041,0.0457,0.0026
ac_5dB,2-122763-A-29.wav,0.0111,0.0063,0.0176,0.0111,0.0084,0.0183,0.0228,0.0246,0.0743,0.0049
ac_5dB,2-122763-B-29.wav,0.1426,0.0395,0.0385,0.1154,0.0225,0.0129,0.0143,0.0124,0.0311,0.0029
ac_5dB,2-122820-A-36.wav,0.0037,0.0027,0.0060,0.0067,0.0018,0.0048,0.0047,0.0012,0.0168,0.0264
ac_5dB,2-122820-B-36.wav,0.0043,0.0031,0.0134,0.0068,0.0020,0.0087,0.0040,0.0022,0.0266,0.0216
ac_5dB,2-123712-A-33.wav,0.0061,0.0071,0.0121,0.0077,0.0045,0.0198,0.0251,0.0104,0.1211,0.0495
ac_5dB,2-123896-A-24.wav,0.0230,0.9905,0.0257,0.0892,0.0743,0.0383,0.0348,0.0194,0.0513,0.0030
ac_5dB,2-124564-A-15.wav,0.0061,0.0260,0.0151,0.0112,0.0061,0.0116,0.0132,0.0087,0.0140,0.0015
ac_5dB,2-124662-A-11.wav,0.0047,0.0052,0.0076,0.0118,0.0047,0.0128,0.0092,0.0049,0.0825,0.0016
ac_5dB,2-125520-A-43.wav,0.0017,0.0003,0.0055,0.0033,0.0003,0.0016,0.0021,0.0008,0.9856,0.0007
ac_5dB,2-125821-A-13.wav,0.0049,0.0055,0.0049,0.0060,0.0045,0.0131,0.0060,0.0092,0.0540,0.0017
ac_5dB,2-125875-A-13.wav,0.0046,0.0040,0.0318,0.0058,0.0045,0.0152,0.0300,0.0073,0.0554,0.0019
ac_5dB,2-125966-A-11.wav,0.0028,0.0043,0.0045,0.0156,0.0038,0.0120,0.0027,0.0017,0.0320,0.0005
ac_5dB,2-126433-A-17.wav,0.0011,0.0050,0.0127,0.0052,0.0009,0.0044,0.0014,0.0003,0.0156,0.0091
ac_5dB,2-126756-A-29.wav,0.0294,0.0298,0.0400,0.0977,0.0604,0.0183,0.0065,0.0165,0.0283,0.0039
ac_5dB,2-127108-A-38.wav,0.0038,0.0023,0.0087,0.0099,0.0036,0.0102,0.0214,0.0142,0.0176,0.0090
ac_5dB,2-127109-A-6.wav,0.0005,0.0144,0.1720,0.0011,0.0017,0.0158,0.0029,0.0024,0.0094,0.0001
ac_5dB,2-128465-A-43.wav,0.0022,0.0024,0.0159,0.0032,0.0052,0.0169,0.0079,0.0030,0.7997,0.0023
ac_5dB,2-128465-B-43.wav,0.0023,0.0025,0.0072,0.0018,0.0006,0.0115,0.0071,0.0023,0.9359,0.0003
ac_5dB,2-128631-A-21.wav,0.0094,0.0718,0.0352,0.0504,0.9601,0.0168,0.0044,0.0086,0.0685,0.0054
ac_5dB,2-130245-A-34.wav,0.0201,0.1239,0.0221,0.0327,0.0544,0.0316,0.0190,0.0242,0.0195,0.0066
ac_5dB,2-130978-A-21.wav,0.0256,0.0394,0.3882,0.0711,0.9540,0.0293,0.0235,0.0175,0.2448,0.0915
ac_5dB,2-130979-A-21.wav,0.0317,0.0166,0.7505,0.1663,0.9449,0.0096,0.0049,0.0078,0.0333,0.0628
ac_5dB,2-131943-A-38.wav,0.0059,0.0017,0.0270,0.0070,0.0041,0.0109,0.0049,0.0038,0.0391,0.0030
ac_5dB,2-132157-A-11.wav,0.0036,0.0024,0.0219,0.0061,0.0036,0.0137,0.0083,0.0084,0.0423,0.0136
ac_5dB,2-132157-B-11.wav,0.0027,0.0035,0.0172,0.0055,0.0038,0.0083,0.0078,0.0209,0.0224,0.0044
ac_5dB,2-133863-A-11.wav,0.0040,0.0027,0.0074,0.0100,0.0017,0.0067,0.0063,0.0036,0.0096,0.0028
ac_5dB,2-133889-A-30.wav,0.0117,0.0051,0.0058,0.0147,0.0029,0.0223,0.0054,0.0587,0.0671,0.0044
ac_5dB,2-134049-A-6.wav,0.0079,0.0059,0.0032,0.0207,0.0032,0.0404,0.0069,0.0045,0.0332,0.0023
ac_5dB,2-134700-A-38.wav,0.0053,0.0017,0.0085,0.0090,0.0026,0.0091,0.0050,0.0077,0.0805,0.0058
ac_5dB,2-134915-A-30.wav,0.0334,0.0113,0.0089,0.0574,0.0102,0.0198,0.0130,0.0530,0.0351,0.0061
ac_5dB,2-135649-A-45.wav,0.0134,0.0075,0.0188,0.0135,0.0051,0.0225,0.0111,0.0157,0.0887,0.0072
ac_5dB,2-135649-B-45.wav,0.0017,0.0005,0.0098,0.0020,0.0006,0.0107,0.0031,0.0020,0.0357,0.0005
ac_5dB,2-135649-C-45.wav,0.0179,0.0076,0.0076,0.0199,0.0034,0.0192,0.0098,0.0150,0.0442,0.0136
ac_5dB,2-135728-A-38.wav,0.0113,0.0034,0.0101,0.0305,0.0042,0.0156,0.0077,0.0061,0.0194,0.0017
ac_5dB,2-135860-A-49.wav,0.0056,0.0015,0.0093,0.0337,0.0013,0.0042,0.0048,0.0296,0.0570,0.0071
ac_5dB,2-137162-A-11.wav,0.0042,0.0053,0.0097,0.0052,0.0028,0.0323,0.0093,0.0083,0.0463,0.0027
ac_5dB,2-138257-A-31.wav,0.0107,0.0021,0.0040,0.0124,0.0018,0.0094,0.0060,0.0055,0.0948,0.0021
ac_5dB,2-138465-A-43.wav,0.0122,0.0064,0.0114,0.0129,0.0054,0.0318,0.0100,0.0105,0.1268,0.0153
ac_5dB,2-139748-A-15.wav,0.0060,0.0028,0.0085,0.0120,0.0019,0.0126,0.0070,0.0086,0.0535,0.0086
ac_5dB,2-139748-B-15.wav,0.0052,0.0109,0.0211,0.0098,0.0162,0.0123,0.0131,0.0109,0.0298,0.0097
ac_5dB,2-139749-A-15.wav,0.0086,0.0144,0.0101,0.0124,0.0267,0.0199,0.0181,0.0122,0.1589,0.0078
ac_5dB,2-140147-A-38.wav,0.0026,0.0006,0.0105,0.0043,0.0009,0.0071,0.0045,0.0038,0.0191,0.0009
ac_5dB,2-140841-A-30.wav,0.0154,0.0100,0.0032,0.0226,0.0059,0.0177,0.0159,0.0220,0.0435,0.0026
ac_5dB,2-141563-A-39.wav,0.0053,0.0020,0.0143,0.0096,0.0020,0.0094,0.0036,0.0020,0.0487,0.9985
ac_5dB,2-141584-A-38.wav,0.0089,0.0030,0.0047,0.0106,0.0034,0.0162,0.0089,0.0265,0.0129,0.0033
ac_5dB,2-141681-A-36.wav,0.0038,0.0023,0.0168,0.0075,0.0031,0.0136,0.0056,0.0032,0.0586,0.0030
ac_5dB,2-141681-B-36.wav,0.0034,0.0026,0.0221,0.0077,0.0031,0.0198,0.0058,0.0023,0.0385,0.0085
ac_5dB,2-141682-A-36.wav,0.0043,0.0032,0.0082,0.0104,0.0039,0.0114,0.0065,0.0041,0.0485,0.0060
ac_5dB,2-141682-B-36.wav,0.0037,0.0028,0.0063,0.0081,0.0022,0.0133,0.0040,0.0042,0.0334,0.0085
ac_5dB,2-144031-A-34.wav,0.0170,0.0156,0.0114,0.0281,0.0209,0.0321,0.0152,0.0186,0.0386,0.0056
ac_5dB,2-144137-A-43.wav,0.0054,0.0032,0.0155,0.0094,0.0035,0.0098,0.0258,0.0151,0.8311,0.0027
ac_5dB,2-146877-A-31.wav,0.0103,0.0011,0.0026,0.0136,0.0015,0.0031,0.0076,0.0024,0.0094,0.0026
ac_5dB,2-146877-B-31.wav,0.0012,0.0006,0.0015,0.0020,0.0024,0.0029,0.0076,0.0002,0.0243,0.0022
ac_5dB,2-151079-A-20.wav,0.0229,0.0359,0.0375,0.0305,0.0054,0.3262,0.0082,0.0028,0.0210,0.0019
ac_5dB,2-152895-A-31.wav,0.0081,0.0169,0.0038,0.0255,0.0095,0.0226,0.0170,0.0198,0.0525,0.0114
ac_5dB,2-152964-A-31.wav,0.0082,0.0070,0.0046,0.0098,0.0030,0.0078,0.0098,0.0335,0.1179,0.0030
ac_5dB,2-153388-A-31.wav,0.0438,0.0060,0.0081,0.0473,0.0032,0.0158,0.0060,0.0192,0.0664,0.0022
ac_5dB,2-154688-A-31.wav,0.0267,0.0043,0.0025,0.0405,0.0031,0.0133,0.0056,0.0055,0.0392,0.0049
ac_5dB,2-155801-A-11.wav,0.0010,0.0012,0.0097,0.0016,0.0010,0.0153,0.0051,0.0033,0.0573,0.0009
ac_5dB,2-157488-A-6.wav,0.0073,0.0113,0.0303,0.0104,0.0081,0.0127,0.0157,0.0077,0.0227,0.0030
ac_5dB,2-158746-A-2.wav,0.0568,0.0020,0.0120,0.0322,0.0009,0.0145,0.0088,0.0056,0.0121,0.0040
ac_5dB,2-158746-B-2.wav,0.0012,0.0006,0.0178,0.0019,0.0002,0.0014,0.0061,0.0022,0.0032,0.0003
ac_5dB,2-158746-C-2.wav,0.0159,0.0106,0.0064,0.0479,0.0394,0.0127,0.0081,0.0542,0.0323,0.0797
ac_5dB,2-158746-D-2.wav,0.0302,0.0480,0.0156,0.0429,0.0871,0.0140,0.0245,0.0105,0.0210,0.0030
ac_5dB,2-160128-A-7.wav,0.0675,0.0024,0.0104,0.0588,0.0032,0.0069,0.0270,0.0112,0.0127,0.0020
ac_5dB,2-160888-A-47.wav,0.0058,0.0093,0.0600,0.0093,0.0131,0.0229,0.0139,0.0110,0.0704,0.0064
ac_5dB,2-165801-A-48.wav,0.0046,0.0016,0.0034,0.0058,0.0007,0.0094,0.0029,0.0148,0.0394,0.0013
ac_5dB,2-166644-A-2.wav,0.0234,0.0134,0.0191,0.0342,0.0027,0.0040,0.0644,0.0006,0.0041,0.0003
ac_5dB,2-166644-B-2.wav,0.0150,0.0082,0.0747,0.0140,0.0034,0.0102,0.0085,0.0140,0.0133,0.0012
ac_5dB,2-166644-C-2.wav,0.0150,0.0223,0.0130,0.0186,0.0121,0.0356,0.0452,0.0413,0.0280,0.0041
ac_5dB,2-173559-A-39.wav,0.0080,0.0112,0.0199,0.0117,0.0072,0.0233,0.0101,0.0168,0.1103,0.8031
ac_5dB,2-173607-A-39.wav,0.0098,0.0039,0.0217,0.0125,0.0054,0.0145,0.0098,0.0081,0.0147,0.8258
ac_5dB,2-173618-A-39.wav,0.0071,0.0115,0.0058,0.0306,0.0054,0.0127,0.0034,0.0093,0.0230,0.9871
ac_5dB,2-182508-A-8.wav,0.0055,0.0003,0.0129,0.0040,0.0008,0.0022,0.0032,0.0046,0.0346,0.0006
ac_5dB,2-182508-B-8.wav,0.0067,0.0006,0.0150,0.0055,0.0018,0.0033,0.0047,0.0099,0.0259,0.0009
ac_5dB,2-184077-A-49.wav,0.0573,0.0044,0.0553,0.4480,0.0058,0.0138,0.0049,0.0010,0.0262,0.0010
ac_5dB,2-18766-A-12.wav,0.0023,0.0030,0.0056,0.0051,0.0006,0.0081,0.0049,0.0048,0.0594,0.0005
ac_5dB,2-18766-B-12.wav,0.0109,0.0064,0.0070,0.0182,0.0030,0.0091,0.0062,0.0057,0.0154,0.0011
ac_5dB,2-188822-A-40.wav,0.0052,0.0030,0.0139,0.0067,0.0019,0.0204,0.0101,0.0029,0.1703,0.0017
ac_5dB,2-188822-B-40.wav,0.0017,0.0024,0.0106,0.0028,0.0011,0.0184,0.0097,0.0099,0.0633,0.0016
ac_5dB,2-188822-C-40.wav,0.0186,0.0008,0.0035,0.0147,0.0016,0.0103,0.0052,0.0031,0.0459,0.0021
ac_5dB,2-188822-D-40.wav,0.0039,0.0054,0.0073,0.0078,0.0023,0.0119,0.0025,0.0026,0.0764,0.0066
ac_5dB,2-196688-A-8.wav,0.0263,0.0020,0.0711,0.0189,0.0032,0.0086,0.0082,0.0108,0.0543,0.0038
ac_5dB,2-205966-A-16.wav,0.0069,0.0031,0.0124,0.0081,0.0023,0.0097,0.0103,0.0104,0.0806,0.0024
ac_5dB,2-209471-A-25.wav,0.0065,0.0036,0.0359,0.0107,0.0029,0.0265,0.0061,0.0999,0.0561,0.0071
ac_5dB,2-209472-A-25.wav,0.0036,0.0015,0.0047,0.0101,0.0013,0.0098,0.0041,0.0511,0.0279,0.0055
ac_5dB,2-209473-A-25.wav,0.0036,0.0032,0.0193,0.0085,0.0035,0.0282,0.0039,0.0503,0.0508,0.0169
ac_5dB,2-209474-A-25.wav,0.0030,0.0022,0.0067,0.0075,0.0026,0.0082,0.0032,0.0867,0.0285,0.0038
ac_5dB,2-209475-A-25.wav,0.0023,0.0026,0.0050,0.0041,0.0013,0.0078,0.0028,0.0304,0.0278,0.0014
ac_5dB,2-209476-A-25.wav,0.0087,0.0060,0.0114,0.0242,0.0014,0.0132,0.0042,0.0686,0.0293,0.0052
ac_5dB,2-209477-A-25.wav,0.0038,0.0017,0.0191,0.0080,0.0011,0.0146,0.0013,0.0820,0.0329,0.0056
ac_5dB,2-209478-A-25.wav,0.0036,0.0010,0.0068,0.0056,0.0009,0.0029,0.0036,0.0568,0.0217,0.0007
ac_5dB,2-250710-A-39.wav,0.0089,0.0096,0.0090,0.0183,0.0034,0.0201,0.0110,0.0119,0.0312,0.0638
ac_5dB,2-25292-A-22.wav,0.0012,0.0007,0.1887,0.0017,0.0008,0.0188,0.0012,0.0115,0.0046,0.0014
ac_5dB,2-25293-A-22.wav,0.0046,0.0056,0.2876,0.0124,0.0031,0.0225,0.0093,0.0094,0.0255,0.0097
ac_5dB,2-262579-A-45.wav,0.0024,0.0051,0.0107,0.0032,0.0035,0.0066,0.0036,0.0017,0.1004,0.0040
ac_5dB,2-28314-A-12.wav,0.0087,0.0050,0.0035,0.0076,0.0016,0.0094,0.0074,0.0062,0.0395,0.0004
ac_5dB,2-28314-B-12.wav,0.0129,0.0088,0.0060,0.0204,0.0087,0.0118,0.0089,0.0125,0.0198,0.0088
ac_5dB,2-30322-A-12.wav,0.0066,0.0026,0.0078,0.0070,0.0008,0.0108,0.0046,0.0050,0.0480,0.0007
ac_5dB,2-30322-B-12.wav,0.0046,0.0065,0.0180,0.0053,0.0053,0.0171,0.0382,0.0175,0.0077,0.0068
ac_5dB,2-32515-A-4.wav,0.0014,0.0003,0.0079,0.0014,0.0005,0.0051,0.0017,0.0004,0.0190,0.0006
ac_5dB,2-32515-B-4.wav,0.0000,0.0001,0.0061,0.0003,0.0002,0.0026,0.0006,0.0026,0.0071,0.0006
ac_5dB,2-32515-C-4.wav,0.0005,0.0001,0.0104,0.0009,0.0002,0.0015,0.0011,0.0004,0.0052,0.0009
ac_5dB,2-32515-D-4.wav,0.0003,0.0001,0.0256,0.0007,0.0001,0.0023,0.0028,0.0007,0.0043,0.0002
ac_5dB,2-32834-A-4.wav,0.0003,0.0002,0.0074,0.0010,0.0002,0.0038,0.0018,0.0002,0.0089,0.0002
ac_5dB,2-37806-A-40.wav,0.0015,0.0011,0.0129,0.0052,0.0003,0.0043,0.0033,0.0003,0.0433,0.0003
ac_5dB,2-37806-B-40.wav,0.0019,0.0010,0.0281,0.0032,0.0004,0.0073,0.0029,0.0013,0.0575,0.0004
ac_5dB,2-37806-C-40.wav,0.0023,0.0009,0.0068,0.0055,0.0002,0.0038,0.0023,0.0004,0.0274,0.0004
ac_5dB,2-37806-D-40.wav,0.0039,0.0018,0.0080,0.0040,0.0010,0.0071,0.0040,0.0061,0.0288,0.0025
ac_5dB,2-37870-A-2.wav,0.1530,0.0255,0.0331,0.1052,0.0018,0.0361,0.0038,0.0056,0.0116,0.0026
ac_5dB,2-39441-A-19.wav,0.0114,0.0025,0.0089,0.0114,0.0061,0.0112,0.0399,0.0095,0.1129,0.0015
ac_5dB,2-39443-A-19.wav,0.0024,0.0011,0.0405,0.0036,0.0015,0.0061,0.0041,0.0293,0.0345,0.0007
ac_5dB,2-39443-B-19.wav,0.0116,0.0042,0.0056,0.0114,0.0017,0.0048,0.0138,0.0241,0.0338,0.0017
ac_5dB,2-39945-A-19.wav,0.0037,0.0016,0.0067,0.0032,0.0026,0.0035,0.0021,0.0008,0.0097,0.0001
ac_5dB,2-39945-B-19.wav,0.0121,0.0046,0.0061,0.0187,0.0034,0.0093,0.0188,0.0326,0.0344,0.0060
ac_5dB,2-39945-C-19.wav,0.0056,0.0008,0.0096,0.0052,0.0009,0.0031,0.0019,0.0036,0.0198,0.0009
ac_5dB,2-42101-A-43.wav,0.0075,0.0041,0.0087,0.0094,0.0031,0.0220,0.0119,0.0103,0.6694,0.0026
ac_5dB,2-43802-A-42.wav,0.0011,0.0003,0.0147,0.0012,0.0004,0.0090,0.0035,0.0023,0.5169,0.0011
ac_5dB,2-43806-A-42.wav,0.0002,0.0002,0.0056,0.0003,0.0002,0.0112,0.0010,0.0004,0.0617,0.0003
ac_5dB,2-50665-A-20.wav,0.0068,0.0091,0.1347,0.0082,0.0043,0.0368,0.0073,0.0100,0.0075,0.0027
ac_5dB,2-50666-A-20.wav,0.0045,0.0035,0.1205,0.0111,0.0033,0.0790,0.0053,0.0093,0.0481,0.0037
ac_5dB,2-50667-A-41.wav,0.0045,0.0008,0.0113,0.0068,0.0004,0.0022,0.0028,0.0018,0.0092,0.0018
ac_5dB,2-50667-B-41.wav,0.0161,0.0022,0.0124,0.0227,0.0019,0.0073,0.0036,0.0055,0.0252,0.0029
ac_5dB,2-50668-A-41.wav,0.0553,0.0006,0.0087,0.0365,0.0007,0.0050,0.0022,0.0176,0.0428,0.0010
ac_5dB,2-50668-B-41.wav,0.0735,0.0008,0.0094,0.1456,0.0011,0.0044,0.0023,0.0029,0.0104,0.0013
ac_5dB,2-50774-A-23.wav,0.0199,0.0163,0.0073,0.0744,0.0136,0.0125,0.0046,0.0089,0.0866,0.0009
ac_5dB,2-51173-A-35.wav,0.0059,0.0056,0.0072,0.0056,0.0026,0.0125,0.0028,0.0034,0.1356,0.0020
ac_5dB,2-51630-A-49.wav,0.0010,0.0003,0.0076,0.0145,0.0004,0.0101,0.0006,0.0004,0.0142,0.0010
ac_5dB,2-51630-B-49.wav,0.0005,0.0004,0.0125,0.0018,0.0004,0.0091,0.0008,0.0007,0.0448,0.0053
ac_5dB,2-52001-A-28.wav,0.8378,0.0107,0.0122,0.7500,0.0682,0.0512,0.0137,0.0036,0.0198,0.0024
ac_5dB,2-52001-B-28.wav,0.6221,0.0025,0.0193,0.7097,0.0042,0.0301,0.0147,0.0036,0.0285,0.0022
ac_5dB,2-52085-A-4.wav,0.0023,0.0005,0.0047,0.0039,0.0009,0.0076,0.0028,0.0008,0.0116,0.0006
ac_5dB,2-52085-B-4.wav,0.0036,0.0002,0.0083,0.0057,0.0004,0.0053,0.0033,0.0004,0.0076,0.0005
ac_5dB,2-52789-A-4.wav,0.0042,0.0064,0.0848,0.0053,0.0039,0.0116,0.0070,0.0052,0.0781,0.0036
ac_5dB,2-54086-A-43.wav,0.0107,0.0064,0.0114,0.0143,0.0084,0.0251,0.0101,0.0096,0.9008,0.0064
ac_5dB,2-54961-A-23.wav,0.2317,0.0228,0.1216,0.7115,0.0184,0.0116,0.0148,0.0144,0.0552,0.0010
ac_5dB,2-54962-A-23.wav,0.1304,0.0129,0.0059,0.3360,0.0066,0.0221,0.0149,0.0082,0.0840,0.0019
ac_5dB,2-56926-A-46.wav,0.0008,0.0011,0.0045,0.0037,0.0003,0.0025,0.0014,0.0052,0.0274,0.0009
ac_5dB,2-57191-A-46.wav,0.0011,0.0003,0.0118,0.0024,0.0009,0.0055,0.0049,0.0014,0.1272,0.0103
ac_5dB,2-57733-A-22.wav,0.0089,0.0043,0.0199,0.0100,0.0067,0.0250,0.0062,0.0066,0.0216,0.0015
ac_5dB,2-59241-A-35.wav,0.0076,0.0034,0.0106,0.0130,0.0032,0.0164,0.0034,0.0033,0.0657,0.0088
ac_5dB,2-59321-A-49.wav,0.0262,0.0005,0.0123,0.0708,0.0006,0.0035,0.0029,0.0021,0.0141,0.0063
ac_5dB,2-59565-A-46.wav,0.0199,0.0008,0.0048,0.0202,0.0014,0.0035,0.0020,0.0029,0.0415,0.0049
ac_5dB,2-59566-A-46.wav,0.0033,0.0008,0.0055,0.0081,0.0020,0.0041,0.0020,0.0011,0.0388,0.0016
ac_5dB,2-60180-A-49.wav,0.0009,0.0009,0.0100,0.0072,0.0006,0.0111,0.0024,0.0001,0.0263,0.0002
ac_5dB,2-60180-B-49.wav,0.0035,0.0004,0.0138,0.3182,0.0007,0.0191,0.0024,0.0001,0.0161,0.0012
ac_5dB,2-60791-A-26.wav,0.0015,0.0090,0.3482,0.0061,0.0047,0.8278,0.0046,0.0246,0.0681,0.0038
ac_5dB,2-60794-A-26.wav,0.0109,0.0090,0.0829,0.0184,0.0057,0.6860,0.0078,0.0171,0.0685,0.0026
ac_5dB,2-60795-A-26.wav,0.0068,0.0097,0.1389,0.0096,0.0071,0.5327,0.0091,0.0140,0.0636,0.0052
ac_5dB,2-60900-A-22.wav,0.0062,0.0027,0.0151,0.0076,0.0016,0.0148,0.0027,0.0118,0.0226,0.0033
ac_5dB,2-61311-A-12.wav,0.0038,0.0018,0.0083,0.0055,0.0021,0.0081,0.0100,0.0054,0.0837,0.0009
ac_5dB,2-61618-A-46.wav,0.0019,0.0002,0.0058,0.0025,0.0005,0.0016,0.0018,0.0006,0.0113,0.0010
ac_5dB,2-62226-A-26.wav,0.0073,0.0153,0.0554,0.0077,0.0055,0.8140,0.0070,0.0071,0.0289,0.0021
ac_5dB,2-64332-A-18.wav,0.0024,0.0023,0.0637,0.0064,0.0017,0.0099,0.0009,0.0029,0.0093,0.0015
ac_5dB,2-64962-A-15.wav,0.0004,0.0006,0.0100,0.0027,0.0006,0.0030,0.0030,0.0002,0.0359,0.0069
ac_5dB,2-64963-A-15.wav,0.0019,0.0020,0.0395,0.0034,0.0011,0.0260,0.0050,0.0005,0.0290,0.0025
ac_5dB,2-65484-A-18.wav,0.0012,0.0028,0.0034,0.0030,0.0012,0.0369,0.0016,0.0014,0.0399,0.0052
ac_5dB,2-65747-A-12.wav,0.0033,0.0024,0.0041,0.0057,0.0005,0.0074,0.0028,0.0034,0.0237,0.0002
ac_5dB,2-65750-A-1.wav,0.0068,0.0046,0.0119,0.0093,0.0045,0.0178,0.0046,0.0079,0.0507,0.0026
ac_5dB,2-66205-A-23.wav,0.1329,0.0167,0.0107,0.6904,0.0384,0.0426,0.0134,0.0233,0.0653,0.0042
ac_5dB,2-66637-A-20.wav,0.0076,0.6288,0.0750,0.0204,0.0329,0.5670,0.0020,0.0039,0.0962,0.0004
ac_5dB,2-66637-B-20.wav,0.0212,0.0236,0.3743,0.0845,0.1531,0.7422,0.6230,0.0070,0.0307,0.0081
ac_5dB,2-67422-A-18.wav,0.0015,0.0032,0.0047,0.0053,0.0020,0.0338,0.0008,0.0009,0.0328,0.0010
ac_5dB,2-68391-A-41.wav,0.3810,0.0081,0.0183,0.2939,0.0101,0.0119,0.0044,0.0054,0.0344,0.0040
ac_5dB,2-68391-B-41.wav,0.0024,0.0006,0.0059,0.0072,0.0007,0.0079,0.0024,0.0043,0.1036,0.0020
ac_5dB,2-68595-A-15.wav,0.0044,0.0132,0.0021,0.0069,0.0110,0.0218,0.0263,0.0020,0.0350,0.0040
ac_5dB,2-68595-B-15.wav,0.0024,0.0406,0.0038,0.0027,0.0056,0.0117,0.0263,0.0014,0.0348,0.0028
ac_5dB,2-69131-A-5.wav,0.0064,0.0111,0.0172,0.0221,0.0060,0.0237,0.0060,0.0044,0.0259,0.0030
ac_5dB,2-69131-B-5.wav,0.0077,0.0007,0.0295,0.0102,0.0005,0.0052,0.0026,0.0031,0.0285,0.0024
ac_5dB,2-70052-A-42.wav,0.0037,0.0013,0.0200,0.0053,0.0010,0.0194,0.0017,0.0039,0.0830,0.0003
ac_5dB,2-70052-B-42.wav,0.0057,0.0010,0.0194,0.0060,0.0038,0.0058,0.0086,0.0078,0.0768,0.0034
ac_5dB,2-70280-A-18.wav,0.0005,0.0002,0.0127,0.0040,0.0002,0.0030,0.0015,0.0002,0.0046,0.0015
ac_5dB,2-70344-A-33.wav,0.0113,0.0129,0.0032,0.0168,0.0051,0.0176,0.0174,0.0106,0.0468,0.0019
ac_5dB,2-70366-A-33.wav,0.0448,0.0027,0.0189,0.0549,0.0018,0.0165,0.0036,0.0034,0.0439,0.0051
ac_5dB,2-70367-A-33.wav,0.0231,0.0183,0.0147,0.0234,0.0118,0.0175,0.0263,0.0150,0.0712,0.0182
ac_5dB,2-70936-A-42.wav,0.0002,0.0010,0.0465,0.0007,0.0005,0.0133,0.0020,0.0019,0.0419,0.0005
ac_5dB,2-70938-A-42.wav,0.0060,0.0039,0.0134,0.0076,0.0035,0.0214,0.0057,0.0056,0.1258,0.0022
ac_5dB,2-70939-A-42.wav,0.0008,0.0007,0.0047,0.0013,0.0009,0.0058,0.0018,0.0005,0.0624,0.0003
ac_5dB,2-71162-A-1.wav,0.0040,0.0075,0.0665,0.0105,0.0024,0.0119,0.0143,0.0084,0.0357,0.0076
ac_5dB,2-72268-A-6.wav,0.0011,0.0024,0.0310,0.0015,0.0005,0.0074,0.0074,0.0007,0.0073,0.0006
ac_5dB,2-72547-A-14.wav,0.0011,0.0020,0.0118,0.0026,0.0030,0.0064,0.0108,0.0019,0.1256,0.0031
ac_5dB,2-72547-B-14.wav,0.0327,0.0083,0.0168,0.0575,0.0038,0.0421,0.0136,0.0030,0.0487,0.0012
ac_5dB,2-72547-C-14.wav,0.0257,0.0109,0.1184,0.0442,0.0089,0.0233,0.0130,0.0052,0.0472,0.0060
ac_5dB,2-72547-D-14.wav,0.0106,0.0048,0.0312,0.0137,0.0022,0.0134,0.0136,0.0175,0.0995,0.0017
ac_5dB,2-72677-A-18.wav,0.0075,0.0121,0.0109,0.0109,0.0126,0.0228,0.0144,0.0075,0.0267,0.0150
ac_5dB,2-72688-A-42.wav,0.0002,0.0004,0.0167,0.0034,0.0003,0.0068,0.0035,0.0027,0.1642,0.0006
ac_5dB,2-72970-A-10.wav,0.0027,0.0030,0.0123,0.0063,0.0025,0.0392,0.0061,0.0044,0.0395,0.0019
ac_5dB,2-73027-A-10.wav,0.0095,0.0160,0.0102,0.0204,0.0181,0.0372,0.0069,0.0056,0.0306,0.0019
ac_5dB,2-7321-A-33.wav,0.0300,0.0118,0.0084,0.0249,0.0086,0.0345,0.0072,0.0265,0.0425,0.0064
ac_5dB,2-73260-A-10.wav,0.0044,0.0037,0.0103,0.0040,0.0019,0.0328,0.0106,0.0077,0.0390,0.0006
ac_5dB,2-73544-A-27.wav,0.0041,0.0006,0.0100,0.0070,0.0009,0.0063,0.0041,0.0009,0.0829,0.0150
ac_5dB,2-74361-A-47.wav,0.0028,0.0011,0.0148,0.0067,0.0026,0.0063,0.0060,0.0047,0.0167,0.0032
ac_5dB,2-74977-A-18.wav,0.0025,0.0040,0.0575,0.0089,0.0031,0.0152,0.0038,0.0100,0.0122,0.0162
ac_5dB,2-75726-A-6.wav,0.0043,0.0018,0.0082,0.0077,0.0011,0.0100,0.0043,0.0025,0.0351,0.0029
ac_5dB,2-76408-A-22.wav,0.0019,0.0016,0.0204,0.0027,0.0011,0.0136,0.0020,0.0088,0.0480,0.0030
ac_5dB,2-76408-B-22.wav,0.0030,0.0026,0.0454,0.0050,0.0015,0.0173,0.0034,0.0065,0.0192,0.0017
ac_5dB,2-76408-C-22.wav,0.0015,0.0018,0.0079,0.0031,0.0008,0.0092,0.0012,0.0062,0.0366,0.0015
ac_5dB,2-76408-D-22.wav,0.0031,0.0027,0.0123,0.0075,0.0009,0.0122,0.0019,0.0092,0.0290,0.0018
ac_5dB,2-76868-A-6.wav,0.0054,0.0137,0.0047,0.0120,0.0024,0.0071,0.0072,0.0016,0.0027,0.0007
ac_5dB,2-77346-A-46.wav,0.0004,0.0009,0.0100,0.0011,0.0020,0.0047,0.0035,0.0016,0.0236,0.0007
ac_5dB,2-77347-A-46.wav,0.0043,0.0007,0.0077,0.0052,0.0008,0.0012,0.0044,0.0014,0.1862,0.0040
ac_5dB,2-77945-A-41.wav,0.0035,0.0006,0.0214,0.0047,0.0018,0.0090,0.0085,0.0033,0.0537,0.0069
ac_5dB,2-77945-B-41.wav,0.0028,0.0006,0.0047,0.0047,0.0006,0.0013,0.0006,0.0014,0.0164,0.0051
ac_5dB,2-78381-A-46.wav,0.0013,0.0019,0.0057,0.0032,0.0012,0.0065,0.0028,0.0015,0.1959,0.0037
ac_5dB,2-78562-A-37.wav,0.0002,0.0001,0.0072,0.0011,0.0004,0.0016,0.0027,0.0005,0.0300,0.0010
ac_5dB,2-78562-B-37.wav,0.0003,0.0012,0.1124,0.0019,0.0028,0.0150,0.0258,0.0041,0.0209,0.0006
ac_5dB,2-78651-A-44.wav,0.0046,0.0052,0.0039,0.0100,0.0011,0.0062,0.0069,0.0016,0.0306,0.0085
ac_5dB,2-78781-A-47.wav,0.0101,0.0047,0.1382,0.0212,0.0095,0.0230,0.0310,0.0777,0.0454,0.0032
ac_5dB,2-78799-A-47.wav,0.0120,0.0031,0.0143,0.0148,0.0035,0.0178,0.0171,0.0129,0.1613,0.0024
ac_5dB,2-79769-A-26.wav,0.0110,0.0519,0.1577,0.0344,0.0653,0.8768,0.0035,0.0435,0.0162,0.0669
ac_5dB,2-79775-A-26.wav,0.0105,0.0076,0.0190,0.0096,0.0044,0.8494,0.0145,0.0132,0.0729,0.0025
ac_5dB,2-80313-A-28.wav,0.9326,0.0053,0.0229,0.8442,0.0043,0.0166,0.0118,0.0115,0.0063,0.0014
ac_5dB,2-80482-A-20.wav,0.0075,0.0033,0.0286,0.0115,0.0018,0.0158,0.0018,0.0044,0.0348,0.0024
ac_5dB,2-80844-A-13.wav,0.0020,0.0008,0.0057,0.0035,0.0034,0.0085,0.0066,0.0053,0.0444,0.0016
ac_5dB,2-81112-A-34.wav,0.0268,0.0121,0.0059,0.0511,0.0137,0.0247,0.0233,0.0176,0.0371,0.0238
ac_5dB,2-81190-A-34.wav,0.0038,0.0031,0.0081,0.0063,0.0025,0.0131,0.0069,0.0051,0.0914,0.0023
ac_5dB,2-81270-A-1.wav,0.0076,0.0045,0.0230,0.0079,0.0028,0.0137,0.0129,0.0048,0.0367,0.0034
ac_5dB,2-81731-A-10.wav,0.0033,0.0049,0.0062,0.0069,0.0023,0.0189,0.0112,0.0161,0.0637,0.0008
ac_5dB,2-81970-A-7.wav,0.0010,0.0004,0.0054,0.0030,0.0011,0.0012,0.0034,0.0047,0.0111,0.0037
ac_5dB,2-81970-B-7.wav,0.0035,0.0017,0.0110,0.0058,0.0014,0.0021,0.0086,0.0063,0.0078,0.0023
ac_5dB,2-81970-C-7.wav,0.0235,0.0008,0.0102,0.0199,0.0019,0.0035,0.0075,0.0109,0.0312,0.0026
ac_5dB,2-82071-A-27.wav,0.0108,0.0016,0.0156,0.0255,0.0015,0.0096,0.0046,0.0039,0.0643,0.0034
ac_5dB,2-82077-A-7.wav,0.0161,0.0031,0.0047,0.0197,0.0031,0.0048,0.0109,0.0056,0.0270,0.0019
ac_5dB,2-82274-A-5.wav,0.0062,0.0031,0.0214,0.0094,0.0023,0.0177,0.0044,0.0040,0.0291,0.0020
ac_5dB,2-82274-B-5.wav,0.0131,0.0114,0.0299,0.0210,0.0085,0.0329,0.0334,0.0085,0.0447,0.0036
ac_5dB,2-82367-A-10.wav,0.0020,0.0038,0.0240,0.0025,0.0017,0.0300,0.0078,0.0052,0.0504,0.0023
ac_5dB,2-82455-A-23.wav,0.4965,0.0066,0.0060,0.9796,0.0053,0.0050,0.0013,0.0023,0.0099,0.0009
ac_5dB,2-82538-A-21.wav,0.0098,0.0214,0.0164,0.0452,0.9949,0.0187,0.0139,0.0058,0.0269,0.0111
ac_5dB,2-83270-A-13.wav,0.0011,0.0008,0.0044,0.0010,0.0003,0.0071,0.0029,0.0029,0.0387,0.0004
ac_5dB,2-83536-A-27.wav,0.0235,0.0004,0.0056,0.1576,0.0023,0.0047,0.0417,0.0006,0.0071,0.0025
ac_5dB,2-83667-A-34.wav,0.0098,0.0085,0.0173,0.0091,0.0068,0.0130,0.0117,0.0305,0.0920,0.0028
ac_5dB,2-83688-A-34.wav,0.0042,0.0020,0.0226,0.0066,0.0015,0.0080,0.0052,0.0127,0.0151,0.0007
ac_5dB,2-83934-A-5.wav,0.0173,0.0049,0.0071,0.0171,0.0034,0.0145,0.0128,0.0156,0.0344,0.0017
ac_5dB,2-83934-B-5.wav,0.0022,0.0029,0.0648,0.0054,0.0016,0.0191,0.0034,0.0027,0.0281,0.0029
ac_5dB,2-84693-A-49.wav,0.0196,0.0021,0.0155,0.1210,0.0052,0.0297,0.0048,0.0014,0.0357,0.0023
ac_5dB,2-84943-A-18.wav,0.0067,0.0038,0.0104,0.0161,0.0050,0.0126,0.0169,0.0136,0.0434,0.0110
ac_5dB,2-84965-A-23.wav,0.6038,0.0102,0.0050,0.7008,0.0230,0.0190,0.0140,0.0068,0.0368,0.0090
ac_5dB,2-85139-A-13.wav,0.0205,0.0070,0.0158,0.0389,0.0080,0.0149,0.0116,0.0096,0.0261,0.0047
ac_5dB,2-85292-A-24.wav,0.0070,0.0494,0.0139,0.0136,0.0217,0.1364,0.0175,0.0157,0.0778,0.0101
ac_5dB,2-85434-A-27.wav,0.0052,0.0014,0.0047,0.0178,0.0009,0.0111,0.0094,0.0051,0.0221,0.0048
ac_5dB,2-85471-A-34.wav,0.0092,0.0034,0.0150,0.0087,0.0133,0.0198,0.0359,0.0061,0.1512,0.0026
ac_5dB,2-85945-A-18.wav,0.0026,0.0007,0.0166,0.0047,0.0007,0.0036,0.0014,0.0010,0.0244,0.0018
ac_5dB,2-86160-A-27.wav,0.1345,0.0029,0.0150,0.2655,0.0041,0.0511,0.0110,0.0059,0.0086,0.0018
ac_5dB,2-87282-A-34.wav,0.0076,0.0053,0.0105,0.0117,0.0025,0.0201,0.0083,0.0030,0.0330,0.0024
ac_5dB,2-87412-A-24.wav,0.0207,1.0000,0.0825,0.0530,0.0285,0.0709,0.0330,0.0287,0.0396,0.0105
ac_5dB,2-87780-A-33.wav,0.0531,0.0021,0.0152,0.0705,0.0030,0.0118,0.0099,0.1016,0.0917,0.0027
ac_5dB,2-87781-A-10.wav,0.0028,0.0071,0.0099,0.0034,0.0045,0.0243,0.0128,0.0072,0.0299,0.0022
ac_5dB,2-87794-A-24.wav,0.0297,0.0557,0.0087,0.0750,0.0213,0.5813,0.0141,0.0098,0.0280,0.0064
ac_5dB,2-87795-A-24.wav,0.0185,0.1905,0.0093,0.0469,0.0264,0.1455,0.0168,0.0147,0.0509,0.0024
ac_5dB,2-87799-A-24.wav,0.0055,0.8404,0.3270,0.0110,0.0757,0.0575,0.0299,0.0124,0.0106,0.0095
ac_5dB,2-88724-A-38.wav,0.0027,0.0017,0.0083,0.0032,0.0015,0.0068,0.0088,0.0126,0.0236,0.0033
ac_5dB,2-89516-A-37.wav,0.0027,0.0002,0.0153,0.0064,0.0003,0.0048,0.0023,0.0008,0.0269,0.0010
ac_5dB,2-91912-A-33.wav,0.0052,0.0030,0.0051,0.0065,0.0014,0.0078,0.0037,0.0337,0.0319,0.0033
ac_5dB,2-91912-B-33.wav,0.0508,0.0031,0.0091,0.0583,0.0015,0.0185,0.0077,0.0039,0.0747,0.0040
ac_5dB,2-92627-A-27.wav,0.0180,0.0034,0.0051,0.1065,0.0017,0.0209,0.0610,0.0008,0.0109,0.0018
ac_5dB,2-92978-A-29.wav,0.0607,0.0393,0.0141,0.1144,0.0345,0.0134,0.0405,0.0170,0.0574,0.0057
ac_5dB,2-93030-A-21.wav,0.0425,0.1065,0.5929,0.1378,0.6317,0.3228,0.0241,0.0286,0.0497,0.0763
ac_5dB,2-94230-A-27.wav,0.0128,0.0011,0.0124,0.0244,0.0032,0.0050,0.0028,0.0011,0.0348,0.0042
ac_5dB,2-94807-A-29.wav,0.8907,0.0240,0.0083,0.7898,0.0214,0.0255,0.0045,0.0040,0.0104,0.0066
ac_5dB,2-95035-A-1.wav,0.0463,0.0137,0.0095,0.0576,0.0161,0.0281,0.2573,0.0138,0.0156,0.0029
ac_5dB,2-95258-A-1.wav,0.0137,0.0036,0.0152,0.0135,0.0072,0.0090,0.0217,0.0127,0.0674,0.0078
ac_5dB,2-95258-B-1.wav,0.0042,0.0015,0.0381,0.0084,0.0012,0.0072,0.0054,0.0049,0.0216,0.0008
ac_5dB,2-95567-A-23.wav,0.1028,0.0138,0.0071,0.9298,0.0420,0.0099,0.0020,0.0022,0.0217,0.0048
ac_5dB,2-96033-A-13.wav,0.0019,0.0016,0.0051,0.0030,0.0012,0.0079,0.0058,0.0030,0.0133,0.0008
ac_5dB,2-96063-A-37.wav,0.0017,0.0002,0.0055,0.0040,0.0003,0.0014,0.0019,0.0003,0.0043,0.0041
ac_5dB,2-96460-A-1.wav,0.0179,0.0066,0.0314,0.0191,0.0038,0.0082,0.0110,0.0068,0.0410,0.0016
ac_5dB,2-96654-A-47.wav,0.0086,0.0053,0.0049,0.0161,0.0027,0.0105,0.0044,0.0068,0.0690,0.0121
ac_5dB,2-96904-A-27.wav,0.0046,0.0005,0.0124,0.0070,0.0006,0.0076,0.0138,0.0013,0.0703,0.0036
ac_5dB,2-98392-A-23.wav,0.0507,0.0375,0.0078,0.0334,0.0089,0.0144,0.0071,0.0139,0.0645,0.0044
ac_5dB,2-98676-A-24.wav,0.0259,0.9950,0.0407,0.0445,0.0475,0.0285,0.1145,0.0307,0.0369,0.0048
ac_5dB,2-98866-A-47.wav,0.0030,0.0017,0.0114,0.0032,0.0021,0.0200,0.0077,0.0049,0.2325,0.0026
ac_5dB,2-99795-A-32.wav,0.0025,0.0031,0.0030,0.0037,0.0006,0.0086,0.0032,0.0006,0.0453,0.0018
ac_5dB,2-99796-A-32.wav,0.0019,0.0022,0.0056,0.0026,0.0008,0.0074,0.0040,0.0014,0.0534,0.0008
ac_5dB,2-99955-A-7.wav,0.0489,0.0080,0.0512,0.0580,0.0074,0.0187,0.0105,0.0090,0.0702,0.0019
ac_5dB,2-99955-B-7.wav,0.0383,0.0082,0.0196,0.0268,0.0127,0.0155,0.0108,0.0233,0.0590,0.0235
ac_5dB,2-99955-C-7.wav,0.2324,0.0035,0.0152,0.1703,0.0034,0.0087,0.0161,0.0179,0.0689,0.0021
ac_5dB,3-100018-A-18.wav,0.0018,0.0010,0.0143,0.0021,0.0006,0.0068,0.0012,0.0030,0.0255,0.0021
ac_5dB,3-100024-A-27.wav,0.0478,0.0043,0.0116,0.1280,0.0051,0.0993,0.0192,0.0007,0.0310,0.0044
ac_5dB,3-100024-B-27.wav,0.0080,0.0025,0.0344,0.1352,0.0012,0.0305,0.0051,0.0040,0.0340,0.0039
ac_5dB,3-101381-A-33.wav,0.0409,0.0010,0.0137,0.0301,0.0045,0.0155,0.0321,0.0049,0.0175,0.0023
ac_5dB,3-101381-B-33.wav,0.7522,0.0032,0.0063,0.6842,0.0062,0.0108,0.0085,0.0146,0.0889,0.0035
ac_5dB,3-102583-A-49.wav,0.0180,0.0036,0.0331,0.0448,0.0037,0.0053,0.0092,0.1408,0.0234,0.0115
ac_5dB,3-102583-B-49.wav,0.0125,0.0029,0.0131,0.0248,0.0060,0.0094,0.0050,0.0108,0.0713,0.0167
ac_5dB,3-102583-C-49.wav,0.0041,0.0015,0.0126,0.0123,0.0025,0.0140,0.0069,0.0062,0.0548,0.0102
ac_5dB,3-102908-A-4.wav,0.0052,0.0011,0.0081,0.0033,0.0009,0.0066,0.0004,0.0003,0.0057,0.0006
ac_5dB,3-103050-A-19.wav,0.0050,0.0035,0.0043,0.0076,0.0035,0.0109,0.0055,0.0045,0.0664,0.0005
ac_5dB,3-103051-A-19.wav,0.0069,0.0013,0.0078,0.0113,0.0022,0.0041,0.0071,0.0077,0.0479,0.0005
ac_5dB,3-103051-B-19.wav,0.0072,0.0030,0.0055,0.0200,0.0019,0.0091,0.0078,0.0042,0.0242,0.0039
ac_5dB,3-103051-C-19.wav,0.0070,0.0027,0.0143,0.0147,0.0045,0.0165,0.0037,0.0076,0.0556,0.0019
ac_5dB,3-103401-A-33.wav,0.0069,0.0026,0.0890,0.0092,0.0061,0.0099,0.0212,0.0332,0.2212,0.0432
ac_5dB,3-103401-B-33.wav,0.0053,0.0016,0.0239,0.0049,0.0030,0.0147,0.0046,0.0042,0.0293,0.0036
ac_5dB,3-103401-C-33.wav,0.0040,0.0023,0.0117,0.0072,0.0022,0.0130,0.0088,0.0042,0.0419,0.0036
ac_5dB,3-103401-D-33.wav,0.0056,0.0022,0.0042,0.0097,0.0024,0.0166,0.0056,0.0094,0.0315,0.0029
ac_5dB,3-103597-A-25.wav,0.0117,0.0042,0.0159,0.0204,0.0136,0.0346,0.0086,0.0226,0.0828,0.0395
ac_5dB,3-103598-A-25.wav,0.0117,0.0049,0.0045,0.0255,0.0036,0.0281,0.0115,0.0252,0.0473,0.0038
ac_5dB,3-103599-A-25.wav,0.0230,0.0260,0.1804,0.0436,0.0176,0.0586,0.0201,0.0305,0.0491,0.0098
ac_5dB,3-103599-B-25.wav,0.0038,0.0082,0.0031,0.0111,0.0044,0.0233,0.0114,0.0139,0.0450,0.0042
ac_5dB,3-104632-A-12.wav,0.0079,0.0016,0.2181,0.0116,0.0023,0.0127,0.0035,0.0043,0.0338,0.0005
ac_5dB,3-104761-A-7.wav,0.0452,0.0068,0.0136,0.0580,0.0026,0.0045,0.0074,0.0077,0.0324,0.0042
ac_5dB,3-104761-B-7.wav,0.0271,0.0041,0.0164,0.0241,0.0086,0.0038,0.0515,0.0208,0.0284,0.0018
ac_5dB,3-104958-A-12.wav,0.0054,0.0008,0.0020,0.0064,0.0007,0.0074,0.0101,0.0029,0.2437,0.0002
ac_5dB,3-105235-A-7.wav,0.0048,0.0031,0.0609,0.0093,0.0043,0.0108,0.0047,0.0103,0.0214,0.0193
ac_5dB,3-105236-A-7.wav,0.0075,0.0026,0.0219,0.0116,0.0028,0.0083,0.0034,0.0053,0.0568,0.0136
ac_5dB,3-107123-A-26.wav,0.0116,0.0170,0.0322,0.1186,0.0112,0.9453,0.0037,0.0055,0.0273,0.0014
ac_5dB,3-107219-A-1.wav,0.0093,0.0100,0.0104,0.0202,0.0038,0.0135,0.0138,0.0058,0.0770,0.0029
ac_5dB,3-108160-A-23.wav,0.0811,0.0078,0.0091,0.9449,0.0175,0.0043,0.0052,0.0012,0.0382,0.0003
ac_5dB,3-108451-A-17.wav,0.0027,0.0023,0.0039,0.0047,0.0007,0.0109,0.0018,0.0027,0.0115,0.0146
ac_5dB,3-108451-B-17.wav,0.0084,0.0105,0.0018,0.0079,0.0033,0.0073,0.0074,0.0037,0.0176,0.0009
ac_5dB,3-108677-A-18.wav,0.0025,0.0024,0.0233,0.0045,0.0015,0.0116,0.0040,0.0058,0.0334,0.0024
ac_5dB,3-108791-A-18.wav,0.0046,0.0036,0.0192,0.0148,0.0069,0.0200,0.0052,0.0095,0.0068,0.0018
ac_5dB,3-110536-A-26.wav,0.0098,0.0168,0.2310,0.0214,0.0504,0.4359,0.0229,0.0194,0.1211,0.0141
ac_5dB,3-110913-A-7.wav,0.0020,0.0034,0.1176,0.0027,0.0025,0.0063,0.0066,0.0060,0.1287,0.0019
ac_5dB,3-110913-B-7.wav,0.0061,0.0032,0.0288,0.0061,0.0097,0.0118,0.0156,0.0203,0.3579,0.0050
ac_5dB,3-110913-C-7.wav,0.0019,0.0065,0.1656,0.0047,0.0058,0.0107,0.0122,0.0150,0.0959,0.0033
ac_5dB,3-110913-D-7.wav,0.0014,0.0011,0.1557,0.0032,0.0026,0.0060,0.0175,0.0060,0.0112,0.0147
ac_5dB,3-111102-A-46.wav,0.0004,0.0003,0.0735,0.0006,0.0006,0.0029,0.0031,0.0016,0.3150,0.0014
ac_5dB,3-111102-B-46.wav,0.0009,0.0004,0.0044,0.0018,0.0010,0.0020,0.0039,0.0004,0.2954,0.0006
ac_5dB,3-112356-A-18.wav,0.0022,0.0019,0.0108,0.0065,0.0014,0.0070,0.0011,0.0005,0.0177,0.0010
ac_5dB,3-112397-A-9.wav,0.0114,0.0083,0.0049,0.0225,0.0054,0.0053,0.0052,0.0042,0.0365,0.0026
ac_5dB,3-112522-A-27.wav,0.0881,0.0011,0.0089,0.1267,0.0037,0.0108,0.0107,0.0018,0.0292,0.0052
ac_5dB,3-112557-A-23.wav,0.0409,0.0090,0.0258,0.8759,0.1832,0.0087,0.0031,0.0033,0.0541,0.0028
ac_5dB,3-112557-B-23.wav,0.0702,0.0131,0.0080,0.7657,0.0297,0.0175,0.0065,0.0082,0.0587,0.0021
ac_5dB,3-115382-A-44.wav,0.0210,0.0026,0.0052,0.0173,0.0055,0.0080,0.0077,0.0025,0.0413,0.0007
ac_5dB,3-115387-A-47.wav,0.0038,0.0027,0.0110,0.0066,0.0022,0.0065,0.0062,0.0050,0.0360,0.0033
ac_5dB,3-115387-B-47.wav,0.0032,0.0004,0.0057,0.0082,0.0002,0.0008,0.0021,0.0007,0.0087,0.0004
ac_5dB,3-115387-C-47.wav,0.0134,0.0003,0.0054,0.0132,0.0003,0.0018,0.0081,0.0073,0.0304,0.0004
ac_5dB,3-116135-A-1.wav,0.0061,0.0036,0.0104,0.0089,0.0028,0.0214,0.0062,0.0039,0.0495,0.0018
ac_5dB,3-117293-A-9.wav,0.0066,0.0078,0.0288,0.0179,0.0056,0.0477,0.0069,0.0040,0.0132,0.0028
ac_5dB,3-117504-A-16.wav,0.0063,0.0034,0.0112,0.0088,0.0060,0.0139,0.0053,0.0067,0.0582,0.0052
ac_5dB,3-117504-B-16.wav,0.0063,0.0074,0.0364,0.0107,0.0095,0.0282,0.0113,0.0123,0.0303,0.0022
ac_5dB,3-117793-A-37.wav,0.0139,0.0120,0.0134,0.0145,0.0128,0.0304,0.0245,0.0122,0.1748,0.0048
ac_5dB,3-117883-A-37.wav,0.0005,0.0006,0.0094,0.0010,0.0001,0.0026,0.0011,0.0000,0.0086,0.0005
ac_5dB,3-118059-A-18.wav,0.0032,0.0041,0.0085,0.0045,0.0043,0.0074,0.0120,0.0162,0.0175,0.0085
ac_5dB,3-118069-A-27.wav,0.0061,0.0023,0.0122,0.0211,0.0031,0.1180,0.0086,0.0011,0.0377,0.0023
ac_5dB,3-118069-B-27.wav,0.0064,0.0055,0.0098,0.0098,0.0034,0.0291,0.0173,0.0032,0.0204,0.0007
ac_5dB,3-118194-A-33.wav,0.0026,0.0007,0.0166,0.0031,0.0017,0.0130,0.0052,0.0162,0.0373,0.0031
ac_5dB,3-118487-A-26.wav,0.0196,0.0611,0.0263,0.1966,0.0593,0.9424,0.0243,0.0056,0.0706,0.0014
ac_5dB,3-118656-A-41.wav,0.0108,0.0017,0.0224,0.0132,0.0019,0.0184,0.0051,0.0046,0.0250,0.0017
ac_5dB,3-118657-A-41.wav,0.2449,0.0019,0.0132,0.2048,0.0023,0.0075,0.0045,0.0041,0.1201,0.0013
ac_5dB,3-118657-B-41.wav,0.0034,0.0080,0.0332,0.0249,0.0064,0.0140,0.0105,0.0045,0.0238,0.0037
ac_5dB,3-118658-A-41.wav,0.1208,0.0066,0.0199,0.0531,0.0031,0.0033,0.0119,0.0041,0.0370,0.0024
ac_5dB,3-118658-B-41.wav,0.0039,0.0020,0.0036,0.0151,0.0009,0.0044,0.0054,0.0008,0.0260,0.0025
ac_5dB,3-118972-A-41.wav,0.0031,0.0005,0.0104,0.0034,0.0003,0.0048,0.0032,0.0018,0.0468,0.0013
ac_5dB,3-118972-B-41.wav,0.0015,0.0009,0.2346,0.0049,0.0006,0.0053,0.0024,0.0024,0.0561,0.0048
ac_5dB,3-119120-A-48.wav,0.0319,0.0187,0.0064,0.1077,0.0101,0.0205,0.0211,0.0648,0.0375,0.0090
ac_5dB,3-119120-B-48.wav,0.0128,0.0048,0.0071,0.0103,0.0035,0.0126,0.0175,0.0144,0.0934,0.0013
ac_5dB,3-119120-C-48.wav,0.0103,0.0038,0.0027,0.0128,0.0010,0.0080,0.0049,0.0186,0.0256,0.0008
ac_5dB,3-119120-D-48.wav,0.0632,0.0058,0.0047,0.0928,0.0022,0.0048,0.0062,0.0069,0.0183,0.0021
ac_5dB,3-119120-E-48.wav,0.0093,0.0024,0.0065,0.0074,0.0008,0.0116,0.0038,0.0175,0.0649,0.0020
ac_5dB,3-119455-A-44.wav,0.0006,0.0008,0.0091,0.0030,0.0005,0.0038,0.0049,0.0012,0.0240,0.0018
ac_5dB,3-119459-A-26.wav,0.0024,0.0590,0.0423,0.0082,0.0170,0.9315,0.0127,0.0122,0.0447,0.0085
ac_5dB,3-120526-A-37.wav,0.0011,0.0007,0.0310,0.0034,0.0003,0.0046,0.0098,0.0008,0.0147,0.0015
ac_5dB,3-120526-B-37.wav,0.0016,0.0004,0.0043,0.0023,0.0002,0.0019,0.0014,0.0002,0.0227,0.0006
ac_5dB,3-120644-A-12.wav,0.0057,0.0038,0.0051,0.0071,0.0017,0.0106,0.0057,0.0062,0.0741,0.0006
ac_5dB,3-121348-A-9.wav,0.0495,0.0206,0.0049,0.0874,0.0310,0.0266,0.0197,0.0138,0.1171,0.0180
ac_5dB,3-122110-A-46.wav,0.0018,0.0006,0.0056,0.0026,0.0008,0.0041,0.0032,0.0026,0.0106,0.0004
ac_5dB,3-123086-A-28.wav,0.9601,0.0359,0.0080,0.9242,0.0198,0.0145,0.0044,0.0052,0.0889,0.0027
ac_5dB,3-123224-A-19.wav,0.0082,0.0039,0.0087,0.0160,0.0027,0.0082,0.0053,0.0060,0.0388,0.0021
ac_5dB,3-124376-A-3.wav,0.0032,0.0014,0.0881,0.0033,0.0011,0.0124,0.0033,0.0020,0.0096,0.0016
ac_5dB,3-124376-B-3.wav,0.0005,0.0010,0.0140,0.0020,0.0021,0.0101,0.0047,0.0013,0.0345,0.0006
ac_5dB,3-124600-A-19.wav,0.0117,0.0059,0.0106,0.0172,0.0080,0.0179,0.0234,0.0409,0.0591,0.0166
ac_5dB,3-124795-A-28.wav,0.4081,0.0045,0.0232,0.3328,0.0049,0.0233,0.0122,0.0158,0.0872,0.0035
ac_5dB,3-124925-A-9.wav,0.0142,0.0067,0.0081,0.0207,0.0042,0.0124,0.0140,0.0072,0.0412,0.0025
ac_5dB,3-124958-A-28.wav,0.7672,0.0132,0.0099,0.7140,0.0132,0.0243,0.0037,0.0096,0.0516,0.0125
ac_5dB,3-125418-A-24.wav,0.0383,0.8848,0.1444,0.0555,0.1000,0.1429,0.0280,0.0136,0.0343,0.0035
ac_5dB,3-125548-A-32.wav,0.0015,0.0026,0.0061,0.0023,0.0005,0.0097,0.0074,0.0003,0.0406,0.0009
ac_5dB,3-126113-A-26.wav,0.0116,0.0280,0.0224,0.0177,0.0202,0.6685,0.0283,0.0392,0.0684,0.0026
ac_5dB,3-126358-A-3.wav,0.0010,0.0002,0.0162,0.0009,0.0004,0.0007,0.0013,0.0003,0.0176,0.0002
ac_5dB,3-126358-B-3.wav,0.1133,0.0014,0.0301,0.1270,0.0012,0.0120,0.0052,0.0013,0.0293,0.0038
ac_5dB,3-126391-A-27.wav,0.0154,0.0005,0.0054,0.1440,0.0010,0.0070,0.0110,0.0021,0.0134,0.0032
ac_5dB,3-126391-B-27.wav,0.0085,0.0009,0.0103,0.0492,0.0010,0.0092,0.0093,0.0009,0.0191,0.0050
ac_5dB,3-127874-A-17.wav,0.0129,0.0014,0.0051,0.0097,0.0008,0.0058,0.0133,0.0030,0.0167,0.0009
ac_5dB,3-127890-A-9.wav,0.0003,0.0018,0.0017,0.0003,0.0002,0.0010,0.0035,0.0002,0.0238,0.0004
ac_5dB,3-127890-B-9.wav,0.0021,0.0020,0.0020,0.0046,0.0007,0.0009,0.0015,0.0002,0.0402,0.0008
ac_5dB,3-127890-C-9.wav,0.0014,0.0034,0.0035,0.0032,0.0011,0.0020,0.0019,0.0006,0.0464,0.0005
ac_5dB,3-128160-A-44.wav,0.0006,0.0006,0.0108,0.0024,0.0009,0.0108,0.0042,0.0022,0.0282,0.0022
ac_5dB,3-128512-A-47.wav,0.0329,0.0026,0.0042,0.0304,0.0027,0.0096,0.0107,0.0103,0.0670,0.0014
ac_5dB,3-128512-B-47.wav,0.0130,0.0057,0.0054,0.0170,0.0045,0.0109,0.0144,0.0081,0.0345,0.0043
ac_5dB,3-129264-A-9.wav,0.0042,0.0020,0.0104,0.0058,0.0013,0.0181,0.0041,0.0049,0.0729,0.0008
ac_5dB,3-129338-A-13.wav,0.0020,0.0009,0.0099,0.0045,0.0017,0.0057,0.0147,0.0083,0.0284,0.0005
ac_5dB,3-129678-A-13.wav,0.0019,0.0015,0.0150,0.0044,0.0020,0.0103,0.0113,0.0046,0.1779,0.0020
ac_5dB,3-130330-A-22.wav,0.0065,0.0022,0.0125,0.0172,0.0026,0.0150,0.0065,0.0102,0.0237,0.0021
ac_5dB,3-130998-A-28.wav,0.1878,0.0072,0.0103,0.1383,0.0076,0.0274,0.0144,0.0137,0.0368,0.0082
ac_5dB,3-130998-B-28.wav,0.0076,0.0031,0.0118,0.0081,0.0022,0.0123,0.0068,0.0043,0.1187,0.0036
ac_5dB,3-131943-A-37.wav,0.0002,0.0003,0.0258,0.0005,0.0001,0.0026,0.0006,0.0004,0.0536,0.0005
ac_5dB,3-132340-A-37.wav,0.0002,0.0001,0.0095,0.0005,0.0000,0.0015,0.0004,0.0002,0.0498,0.0002
ac_5dB,3-132601-A-24.wav,0.0184,0.9419,0.0178,0.0633,0.0592,0.0758,0.0118,0.0072,0.1098,0.0028
ac_5dB,3-132747-A-26.wav,0.0032,0.0030,0.0052,0.0184,0.0016,0.9629,0.0025,0.0056,0.0188,0.0018
ac_5dB,3-132830-A-32.wav,0.0009,0.0016,0.0063,0.0014,0.0002,0.0118,0.0027,0.0013,0.1272,0.0011
ac_5dB,3-132852-A-10.wav,0.0025,0.0039,0.0435,0.0076,0.0064,0.0169,0.0164,0.0093,0.0397,0.0049
ac_5dB,3-133977-A-29.wav,0.0136,0.0068,0.0099,0.0144,0.0092,0.0168,0.0212,0.0230,0.2422,0.0055
ac_5dB,3-134049-A-1.wav,0.0039,0.0012,0.0326,0.0046,0.0009,0.0060,0.0047,0.0029,0.0164,0.0003
ac_5dB,3-134699-A-16.wav,0.0129,0.0096,0.0080,0.0120,0.0040,0.0184,0.0144,0.0187,0.0492,0.0040
ac_5dB,3-134699-B-16.wav,0.0073,0.0038,0.0170,0.0116,0.0033,0.0156,0.0073,0.0042,0.0456,0.0048
ac_5dB,3-134699-C-16.wav,0.0228,0.0073,0.0079,0.0307,0.0057,0.0121,0.0263,0.0352,0.0743,0.0136
ac_5dB,3-134802-A-13.wav,0.0010,0.0015,0.1735,0.0031,0.0026,0.0074,0.0080,0.0090,0.0048,0.0003
ac_5dB,3-135469-A-35.wav,0.0079,0.0051,0.0132,0.0082,0.0047,0.0171,0.0042,0.0106,0.0534,0.0107
ac_5dB,3-135650-A-45.wav,0.0468,0.0153,0.0536,0.0720,0.0083,0.0199,0.0169,0.0479,0.0296,0.0041
ac_5dB,3-135650-B-45.wav,0.1331,0.0043,0.0356,0.2045,0.0035,0.0120,0.0069,0.0133,0.0472,0.0054
ac_5dB,3-136288-A-0.wav,0.0025,0.0021,0.0138,0.0081,0.0056,0.0102,0.7173,0.0078,0.0566,0.0050
ac_5dB,3-136451-A-45.wav,0.0033,0.0038,0.1068,0.0030,0.0022,0.0541,0.0019,0.0023,0.0506,0.0024
ac_5dB,3-136608-A-16.wav,0.0014,0.0009,0.0082,0.0021,0.0016,0.0100,0.0019,0.0053,0.1157,0.0016
ac_5dB,3-137152-A-1.wav,0.0051,0.0162,0.0042,0.0096,0.0049,0.0362,0.0126,0.0041,0.0279,0.0010
ac_5dB,3-138114-A-22.wav,0.0018,0.0010,0.0458,0.0062,0.0011,0.0472,0.0023,0.0035,0.0071,0.0019
ac_5dB,3-138212-A-45.wav,0.0034,0.0015,0.0170,0.0058,0.0014,0.0084,0.0082,0.0034,0.0716,0.0117
ac_5dB,3-139109-A-46.wav,0.0028,0.0033,0.0118,0.0050,0.0026,0.0090,0.0057,0.0022,0.0201,0.0004
ac_5dB,3-139331-A-27.wav,0.0037,0.0018,0.0101,0.0167,0.0032,0.0122,0.0061,0.0018,0.0424,0.0057
ac_5dB,3-139958-A-37.wav,0.0092,0.0056,0.0123,0.0182,0.0030,0.0136,0.0036,0.0074,0.0279,0.0080
ac_5dB,3-140199-A-8.wav,0.0072,0.0003,0.0113,0.0088,0.0014,0.0036,0.0007,0.0183,0.0171,0.0007
ac_5dB,3-140199-B-8.wav,0.0049,0.0020,0.0732,0.0055,0.0040,0.0130,0.0038,0.0120,0.0189,0.0013
ac_5dB,3-140199-C-8.wav,0.0034,0.0019,0.0268,0.0026,0.0029,0.0192,0.0053,0.0053,0.0747,0.0012
ac_5dB,3-140199-D-8.wav,0.0029,0.0010,0.0157,0.0035,0.0061,0.0153,0.0013,0.0052,0.0355,0.0014
ac_5dB,3-140323-A-29.wav,0.0188,0.0303,0.0097,0.0235,0.0179,0.0237,0.0987,0.0198,0.0636,0.0040
ac_5dB,3-140774-A-10.wav,0.0015,0.0026,0.0478,0.0020,0.0016,0.0119,0.0052,0.0033,0.0209,0.0007
ac_5dB,3-141240-A-44.wav,0.0137,0.0116,0.0120,0.0189,0.0081,0.0164,0.0171,0.0104,0.0419,0.0056
ac_5dB,3-141240-B-44.wav,0.0046,0.0029,0.0073,0.0077,0.0052,0.0086,0.0046,0.0049,0.0643,0.0032
ac_5dB,3-141559-A-45.wav,0.0043,0.0032,0.0147,0.0059,0.0039,0.0214,0.0079,0.0183,0.1260,0.0070
ac_5dB,3-141684-A-21.wav,0.0171,0.3532,0.1134,0.1250,0.9687,0.0117,0.0048,0.0113,0.0117,0.0176
ac_5dB,3-142005-A-10.wav,0.0061,0.0037,0.0099,0.0086,0.0027,0.0332,0.0034,0.0055,0.0492,0.0009
ac_5dB,3-142006-A-10.wav,0.0076,0.0049,0.0078,0.0060,0.0033,0.0305,0.0075,0.0063,0.0658,0.0006
ac_5dB,3-142349-A-17.wav,0.0012,0.0022,0.0069,0.0035,0.0009,0.0054,0.0012,0.0005,0.0110,0.0022
ac_5dB,3-142593-A-38.wav,0.0025,0.0004,0.0032,0.0022,0.0009,0.0055,0.0024,0.0013,0.0212,0.0016
ac_5dB,3-142601-A-21.wav,0.0080,0.0082,0.0683,0.0295,0.7240,0.0160,0.0112,0.0076,0.0305,0.0049
ac_5dB,3-142604-A-24.wav,0.0162,0.9244,0.0198,0.0749,0.6239,0.0960,0.0140,0.0082,0.0267,0.0265
ac_5dB,3-142605-A-21.wav,0.0160,0.1411,0.0254,0.0472,0.9324,0.0174,0.0218,0.0185,0.0845,0.0138
ac_5dB,3-143119-A-21.wav,0.0497,0.4842,0.7061,0.0647,0.8661,0.0316,0.0156,0.0594,0.0559,0.0033
ac_5dB,3-143560-A-47.wav,0.0096,0.0010,0.0304,0.0098,0.0018,0.0082,0.0050,0.0018,0.0537,0.0019
ac_5dB,3-143562-A-47.wav,0.0082,0.0014,0.0194,0.0174,0.0008,0.0038,0.0040,0.0025,0.0075,0.0019
ac_5dB,3-143929-A-10.wav,0.0030,0.0020,0.0105,0.0063,0.0014,0.0147,0.0075,0.0037,0.0309,0.0011
ac_5dB,3-143933-A-38.wav,0.0165,0.0295,0.0103,0.0204,0.0461,0.0411,0.0531,0.0529,0.0147,0.0051
ac_5dB,3-144028-A-0.wav,0.0023,0.0008,0.0133,0.0067,0.0007,0.0063,0.2885,0.0111,0.1143,0.0009
ac_5dB,3-144106-A-32.wav,0.0013,0.0037,0.0039,0.0017,0.0009,0.0094,0.0033,0.0020,0.0191,0.0016
ac_5dB,3-144120-A-32.wav,0.0296,0.0285,0.0050,0.0418,0.0317,0.0116,0.0057,0.0115,0.0198,0.0050
ac_5dB,3-144128-A-23.wav,0.3819,0.0167,0.0073,0.7299,0.0152,0.0103,0.0007,0.0015,0.0248,0.0010
ac_5dB,3-144128-B-23.wav,0.3715,0.0058,0.0103,0.7935,0.0157,0.0046,0.0048,0.0014,0.0950,0.0012
ac_5dB,3-144253-A-29.wav,0.0190,0.1657,0.1048,0.1288,0.0578,0.0169,0.0156,0.0062,0.0589,0.0017
ac_5dB,3-144259-A-29.wav,0.0052,0.0051,0.0113,0.0061,0.0032,0.0073,0.0072,0.0057,0.0673,0.0031
ac_5dB,3-144510-A-30.wav,0.0052,0.0054,0.0047,0.0175,0.0027,0.0067,0.0047,0.0166,0.0236,0.0027
ac_5dB,3-144692-A-21.wav,0.0202,0.0682,0.3119,0.0723,0.9939,0.0188,0.0151,0.0127,0.0761,0.0040
ac_5dB,3-144827-A-11.wav,0.0010,0.0013,0.0163,0.0023,0.0006,0.0259,0.0029,0.0016,0.1053,0.0010
ac_5dB,3-144827-B-11.wav,0.0030,0.0030,0.0103,0.0053,0.0028,0.0143,0.0076,0.0058,0.1150,0.0010
ac_5dB,3-144891-A-19.wav,0.0024,0.0019,0.0039,0.0043,0.0011,0.0037,0.0033,0.0021,0.0052,0.0008
ac_5dB,3-144891-B-19.wav,0.0029,0.0026,0.0021,0.0056,0.0010,0.0101,0.0131,0.0068,0.0081,0.0022
ac_5dB,3-145382-A-1.wav,0.0091,0.0042,0.0169,0.0121,0.0024,0.0190,0.0054,0.0047,0.0444,0.0042
ac_5dB,3-145387-A-29.wav,0.0165,0.0458,0.0097,0.0317,0.0070,0.0166,0.0346,0.0131,0.0477,0.0071
ac_5dB,3-145487-A-24.wav,0.0053,0.0581,0.0228,0.0155,0.0100,0.5980,0.0142,0.0173,0.0847,0.0032
ac_5dB,3-145577-A-43.wav,0.0053,0.0037,0.0058,0.0057,0.0024,0.0188,0.0047,0.0063,0.8620,0.0018
ac_5dB,3-145719-A-17.wav,0.0073,0.0043,0.0031,0.0090,0.0022,0.0079,0.0044,0.0014,0.0243,0.0008
ac_5dB,3-145774-A-12.wav,0.0029,0.0027,0.0041,0.0054,0.0004,0.0073,0.0042,0.0011,0.0240,0.0004
ac_5dB,3-146033-A-13.wav,0.0028,0.0008,0.0069,0.0030,0.0018,0.0035,0.0092,0.0102,0.0134,0.0026
ac_5dB,3-146186-A-44.wav,0.0022,0.0004,0.0083,0.0043,0.0008,0.0062,0.0059,0.0023,0.0932,0.0005
ac_5dB,3-146697-A-43.wav,0.0089,0.0040,0.0154,0.0139,0.0033,0.0126,0.0105,0.0133,0.1297,0.0007
ac_5dB,3-146873-A-24.wav,0.0161,0.9991,0.0070,0.0515,0.0439,0.0195,0.0121,0.0130,0.0231,0.0020
ac_5dB,3-146964-A-5.wav,0.1815,0.0060,0.0202,0.1839,0.0030,0.0087,0.0471,0.0027,0.0169,0.0025
ac_5dB,3-146965-A-5.wav,0.0118,0.0049,0.0101,0.0143,0.0029,0.0065,0.0486,0.0069,0.0311,0.0035
ac_5dB,3-146972-A-5.wav,0.4603,0.0165,0.0137,0.3212,0.0119,0.0341,0.0257,0.0118,0.0586,0.0058
ac_5dB,3-147342-A-34.wav,0.0038,0.0026,0.0058,0.0063,0.0022,0.0120,0.0121,0.0073,0.0549,0.0091
ac_5dB,3-147343-A-34.wav,0.0098,0.0085,0.0089,0.0189,0.0058,0.0139,0.0051,0.0093,0.0295,0.0071
ac_5dB,3-147965-A-12.wav,0.0032,0.0065,0.0113,0.0038,0.0011,0.0110,0.0035,0.0030,0.0317,0.0009
ac_5dB,3-148297-A-37.wav,0.0051,0.0065,0.0379,0.0218,0.0040,0.0121,0.0178,0.0042,0.0181,0.0042
ac_5dB,3-148330-A-21.wav,0.0129,0.0539,0.0230,0.0238,0.8415,0.0130,0.0453,0.0150,0.0578,0.0045
ac_5dB,3-148932-A-34.wav,0.0040,0.0020,0.0448,0.0095,0.0023,0.0131,0.0071,0.0144,0.0204,0.0006
ac_5dB,3-149042-A-24.wav,0.0121,0.5705,0.0239,0.0618,0.0629,0.0152,0.0125,0.0079,0.0225,0.0027
ac_5dB,3-149189-A-1.wav,0.0023,0.0012,0.0075,0.0038,0.0006,0.0063,0.0032,0.0008,0.0132,0.0019
ac_5dB,3-149448-A-17.wav,0.0043,0.0036,0.0382,0.0075,0.0005,0.0394,0.0021,0.0005,0.0177,0.0052
ac_5dB,3-149465-A-22.wav,0.0038,0.0013,0.1328,0.0080,0.0008,0.0211,0.0012,0.0023,0.0226,0.0017
ac_5dB,3-150231-A-21.wav,0.0078,0.0269,0.0140,0.0417,0.9997,0.0362,0.0113,0.0088,0.0703,0.0122
ac_5dB,3-150363-A-38.wav,0.0030,0.0013,0.0073,0.0064,0.0016,0.0037,0.0019,0.0066,0.0574,0.0044
ac_5dB,3-150979-A-40.wav,0.0062,0.0029,0.0108,0.0096,0.0035,0.0138,0.0061,0.0081,0.0719,0.0060
ac_5dB,3-150979-B-40.wav,0.0098,0.0032,0.0128,0.0130,0.0039,0.0104,0.0091,0.0167,0.1673,0.0021
ac_5dB,3-150979-C-40.wav,0.0134,0.0039,0.0145,0.0207,0.0073,0.0179,0.0120,0.0197,0.0395,0.0040
ac_5dB,3-151080-A-20.wav,0.1506,0.0034,0.0119,0.1114,0.0018,0.0496,0.0021,0.0040,0.0076,0.0017
ac_5dB,3-151081-A-20.wav,0.0060,0.0126,0.0540,0.0120,0.0122,0.0301,0.0020,0.0045,0.0760,0.0019
ac_5dB,3-151081-B-20.wav,0.0056,0.0063,0.0751,0.0286,0.0023,0.4390,0.0112,0.0034,0.0180,0.0013
ac_5dB,3-151089-A-30.wav,0.0191,0.0194,0.0050,0.0307,0.0133,0.0244,0.0209,0.0191,0.0556,0.0068
ac_5dB,3-151206-A-23.wav,0.0762,0.0432,0.0143,0.6915,0.1253,0.0259,0.0067,0.0069,0.0670,0.0086
ac_5dB,3-151212-A-24.wav,0.0231,0.9878,0.0380,0.0593,0.0432,0.0544,0.0220,0.0078,0.0733,0.0026
ac_5dB,3-151213-A-24.wav,0.0393,0.9405,0.2243,0.1029,0.1303,0.0416,0.0090,0.0067,0.0257,0.0168
ac_5dB,3-151255-A-28.wav,0.8413,0.0113,0.0145,0.8392,0.0103,0.0186,0.0054,0.0145,0.0487,0.0048
ac_5dB,3-151269-A-35.wav,0.0036,0.0026,0.0116,0.0067,0.0019,0.0168,0.0062,0.0054,0.0737,0.0027
ac_5dB,3-151273-A-35.wav,0.0049,0.0039,0.0226,0.0081,0.0029,0.0162,0.0038,0.0030,0.0426,0.0073
ac_5dB,3-151557-A-28.wav,0.9353,0.0064,0.0131,0.8949,0.0045,0.0117,0.0122,0.0082,0.0315,0.0011
ac_5dB,3-151557-B-28.wav,0.9403,0.0080,0.0084,0.9135,0.0021,0.0122,0.0139,0.0094,0.0378,0.0012
ac_5dB,3-152007-A-20.wav,0.0050,0.0210,0.1795,0.0183,0.0136,0.2452,0.0066,0.0040,0.0379,0.0018
ac_5dB,3-152007-B-20.wav,0.0126,0.0050,0.0719,0.2206,0.0039,0.1012,0.0007,0.0022,0.0118,0.0009
ac_5dB,3-152007-C-20.wav,0.0487,0.0197,0.2915,0.1104,0.0403,0.1041,0.0027,0.0031,0.0738,0.0018
ac_5dB,3-152007-D-20.wav,0.0118,0.0443,0.1562,0.0140,0.0188,0.2755,0.0020,0.0015,0.0583,0.0007
ac_5dB,3-152007-E-20.wav,0.0014,0.0035,0.0787,0.0086,0.0012,0.1125,0.0003,0.0051,0.0130,0.0019
ac_5dB,3-152020-A-36.wav,0.0052,0.0031,0.0082,0.0109,0.0019,0.0070,0.0034,0.0043,0.0435,0.0036
ac_5dB,3-152020-B-36.wav,0.0019,0.0014,0.0189,0.0067,0.0020,0.0077,0.0016,0.0002,0.0218,0.0040
ac_5dB,3-152020-C-36.wav,0.0109,0.0038,0.0178,0.0124,0.0062,0.0213,0.0150,0.0160,0.1389,0.0086
ac_5dB,3-152039-A-3.wav,0.0049,0.0024,0.5842,0.0067,0.0036,0.0234,0.0416,0.0066,0.0497,0.0014
ac_5dB,3-152039-B-3.wav,0.0032,0.0003,0.0285,0.0078,0.0014,0.0020,0.0101,0.0031,0.0744,0.0019
ac_5dB,3-152594-A-30.wav,0.0089,0.0048,0.0089,0.0176,0.0034,0.0164,0.0063,0.0160,0.0633,0.0032
ac_5dB,3-152912-A-26.wav,0.0101,0.0661,0.1364,0.0171,0.0375,0.7530,0.0180,0.0115,0.0492,0.0055
ac_5dB,3-152997-A-26.wav,0.0095,0.0393,0.7958,0.2865,0.3059,0.7600,0.0173,0.0153,0.0991,0.0852
ac_5dB,3-153057-A-43.wav,0.0075,0.0046,0.0069,0.0075,0.0028,0.0204,0.0047,0.0053,0.8087,0.0021
ac_5dB,3-153444-A-32.wav,0.0007,0.0026,0.0051,0.0017,0.0010,0.0198,0.0018,0.0033,0.0411,0.0013
ac_5dB,3-154378-A-30.wav,0.0087,0.0041,0.0095,0.0141,0.0059,0.0238,0.0065,0.0145,0.0479,0.0054
ac_5dB,3-154439-A-17.wav,0.0018,0.0019,0.0033,0.0017,0.0003,0.0221,0.0042,0.0011,0.0114,0.0016
ac_5dB,3-154758-A-44.wav,0.0019,0.0009,0.0166,0.0028,0.0010,0.0080,0.0019,0.0042,0.0485,0.0024
ac_5dB,3-154781-A-32.wav,0.0116,0.0012,0.0019,0.0126,0.0004,0.0093,0.0017,0.0007,0.0877,0.0011
ac_5dB,3-154926-A-40.wav,0.0645,0.0062,0.0073,0.0899,0.0035,0.0138,0.0159,0.0081,0.1286,0.0033
ac_5dB,3-154926-B-40.wav,0.0550,0.0015,0.0079,0.0657,0.0007,0.0043,0.0042,0.0035,0.0456,0.0003
ac_5dB,3-154957-A-1.wav,0.0342,0.0159,0.0072,0.0586,0.0246,0.0184,0.0236,0.0156,0.0304,0.0068
ac_5dB,3-155130-A-43.wav,0.1529,0.0500,0.0756,0.2101,0.0383,0.0585,0.0369,0.0285,0.9887,0.0128
ac_5dB,3-155234-A-43.wav,0.0041,0.0043,0.2434,0.0092,0.0051,0.0437,0.0115,0.0071,0.8886,0.0020
ac_5dB,3-155312-A-0.wav,0.0009,0.0012,0.0090,0.0031,0.0014,0.0026,0.8405,0.0024,0.0668,0.0002
ac_5dB,3-155556-A-31.wav,0.0066,0.0033,0.0062,0.0111,0.0028,0.0115,0.0049,0.0071,0.0527,0.0075
ac_5dB,3-155568-A-32.wav,0.0161,0.0082,0.0025,0.0213,0.0062,0.0169,0.0113,0.0089,0.0336,0.0034
ac_5dB,3-155570-A-32.wav,0.0049,0.0033,0.0034,0.0060,0.0010,0.0076,0.0216,0.0075,0.0377,0.0011
ac_5dB,3-155577-A-14.wav,0.0086,0.0098,0.0183,0.0151,0.0060,0.0170,0.0086,0.0048,0.0600,0.0047
ac_5dB,3-155578-A-14.wav,0.0041,0.0050,0.0260,0.0062,0.0015,0.0304,0.0074,0.0036,0.0251,0.0031
ac_5dB,3-155579-A-14.wav,0.0067,0.0065,0.0061,0.0090,0.0021,0.0143,0.0058,0.0033,0.0405,0.0019
ac_5dB,3-155583-A-14.wav,0.0060,0.0116,0.0127,0.0091,0.0085,0.0316,0.0129,0.0122,0.0711,0.0112
ac_5dB,3-155584-A-14.wav,0.0083,0.0092,0.0318,0.0092,0.0060,0.0231,0.0093,0.0076,0.0372,0.0025
ac_5dB,3-155642-A-11.wav,0.0022,0.0015,0.0067,0.0036,0.0013,0.0128,0.0076,0.0057,0.0239,0.0011
ac_5dB,3-155642-B-11.wav,0.0028,0.0018,0.0086,0.0029,0.0013,0.0158,0.0057,0.0075,0.0285,0.0013
ac_5dB,3-155659-A-34.wav,0.0101,0.0036,0.0119,0.0273,0.0096,0.0200,0.0115,0.0140,0.0481,0.0083
ac_5dB,3-155766-A-13.wav,0.0067,0.0013,0.0029,0.0072,0.0009,0.0060,0.0074,0.0161,0.0071,0.0007
ac_5dB,3-156391-A-35.wav,0.0142,0.0134,0.0080,0.0223,0.0085,0.0314,0.0181,0.0123,0.0638,0.0103
ac_5dB,3-156393-A-35.wav,0.0096,0.0034,0.0094,0.0095,0.0037,0.0137,0.0065,0.0087,0.0677,0.0019
ac_5dB,3-156558-A-21.wav,0.0787,0.3436,0.3730,0.1357,0.4581,0.0925,0.0104,0.0047,0.0295,0.0088
ac_5dB,3-156581-A-14.wav,0.0058,0.0018,0.0058,0.0083,0.0031,0.0139,0.0038,0.0040,0.0924,0.0050
ac_5dB,3-156581-B-14.wav,0.0087,0.0020,0.0086,0.0107,0.0035,0.0080,0.0047,0.0080,0.0474,0.0113
ac_5dB,3-156907-A-15.wav,0.0099,0.0342,0.7111,0.0366,0.0219,0.0728,0.0697,0.0451,0.1038,0.0023
ac_5dB,3-157149-A-10.wav,0.0196,0.0076,0.0052,0.0214,0.0079,0.0427,0.0067,0.0085,0.0521,0.0035
ac_5dB,3-157187-A-12.wav,0.0128,0.0101,0.0072,0.0234,0.0028,0.0091,0.0087,0.0104,0.0187,0.0033
ac_5dB,3-157487-A-10.wav,0.0019,0.0027,0.0093,0.0042,0.0014,0.0160,0.0056,0.0045,0.0516,0.0009
ac_5dB,3-157492-A-45.wav,0.0024,0.0023,0.0201,0.0025,0.0025,0.0032,0.0031,0.0037,0.0327,0.0011
ac_5dB,3-157615-A-10.wav,0.0067,0.0119,0.0067,0.0088,0.0050,0.0318,0.0050,0.0059,0.0761,0.0051
ac_5dB,3-157695-A-0.wav,0.0010,0.0015,0.0047,0.0034,0.0010,0.0031,0.5716,0.0002,0.0185,0.0002
ac_5dB,3-158056-A-31.wav,0.0070,0.0035,0.0022,0.0079,0.0024,0.0072,0.0056,0.0035,0.0316,0.0008
ac_5dB,3-158056-B-31.wav,0.0082,0.0028,0.0104,0.0110,0.0011,0.0057,0.0086,0.0033,0.0397,0.0012
ac_5dB,3-158476-A-12.wav,0.0062,0.0024,0.0099,0.0102,0.0007,0.0048,0.0052,0.0047,0.0186,0.0006
ac_5dB,3-159346-A-36.wav,0.0056,0.0031,0.0123,0.0098,0.0021,0.0158,0.0057,0.0058,0.0701,0.0071
ac_5dB,3-159346-B-36.wav,0.0043,0.0019,0.0149,0.0108,0.0014,0.0053,0.0063,0.0025,0.1210,0.0052
ac_5dB,3-159347-A-36.wav,0.0138,0.0012,0.0217,0.0301,0.0012,0.0037,0.0021,0.0006,0.0766,0.0242
ac_5dB,3-159347-B-36.wav,0.0040,0.0013,0.0083,0.0122,0.0018,0.0211,0.0060,0.0023,0.0660,0.0066
ac_5dB,3-159348-A-36.wav,0.0130,0.0013,0.0050,0.0279,0.0029,0.0123,0.0031,0.0044,0.0314,0.0045
ac_5dB,3-159445-A-45.wav,0.0167,0.0016,0.0126,0.0122,0.0031,0.0229,0.0073,0.0033,0.1222,0.0012
ac_5dB,3-159445-B-45.wav,0.0024,0.0007,0.0086,0.0033,0.0018,0.0047,0.0020,0.0030,0.0500,0.0010
ac_5dB,3-160119-A-15.wav,0.0125,0.0137,0.0023,0.0155,0.0054,0.0161,0.0131,0.0151,0.0346,0.0021
ac_5dB,3-160993-A-3.wav,0.0015,0.0001,0.0102,0.0015,0.0005,0.0056,0.0014,0.0008,0.3109,0.0005
ac_5dB,3-161010-A-43.wav,0.0515,0.0020,0.0047,0.0809,0.0040,0.0286,0.0096,0.0090,0.3719,0.0057
ac_5dB,3-161500-A-17.wav,0.0032,0.0073,0.0091,0.0037,0.0020,0.0218,0.0069,0.0014,0.0221,0.0016
ac_5dB,3-162786-A-13.wav,0.0005,0.0006,0.0096,0.0010,0.0007,0.0054,0.0062,0.0024,0.0227,0.0021
ac_5dB,3-163288-A-1.wav,0.0117,0.0084,0.0099,0.0226,0.0048,0.0129,0.0063,0.0062,0.0207,0.0057
ac_5dB,3-163459-A-0.wav,0.0121,0.0162,0.0084,0.0181,0.0131,0.0282,0.5247,0.0080,0.0440,0.0057
ac_5dB,3-163607-A-13.wav,0.0098,0.0049,0.0162,0.0111,0.0059,0.0245,0.0109,0.0069,0.1102,0.0019
ac_5dB,3-163607-B-13.wav,0.0255,0.0067,0.0111,0.0233,0.0070,0.0244,0.0159,0.0095,0.1148,0.0057
ac_5dB,3-163727-A-3.wav,0.0064,0.0021,0.0222,0.0142,0.0029,0.0129,0.0138,0.0134,0.0142,0.0009
ac_5dB,3-164120-A-11.wav,0.0038,0.0016,0.0109,0.0138,0.0015,0.0206,0.0024,0.0021,0.0892,0.0005
ac_5dB,3-164216-A-6.wav,0.0006,0.0023,0.0108,0.0023,0.0006,0.0710,0.0017,0.0005,0.3136,0.0003
ac_5dB,3-164216-B-6.wav,0.0020,0.0031,0.0364,0.0043,0.0015,0.0095,0.0360,0.0035,0.0242,0.0009
ac_5dB,3-164216-C-6.wav,0.0005,0.0010,0.0091,0.0008,0.0002,0.0051,0.0029,0.0009,0.0089,0.0001
ac_5dB,3-164592-A-15.wav,0.0089,0.0052,0.0077,0.0095,0.0027,0.0156,0.0061,0.0093,0.0514,0.0044
ac_5dB,3-164593-A-15.wav,0.0053,0.0112,0.0095,0.0127,0.0022,0.0104,0.0042,0.0038,0.0186,0.0030
ac_5dB,3-164594-A-15.wav,0.0052,0.0052,0.0089,0.0088,0.0037,0.0167,0.0050,0.0114,0.0533,0.0057
ac_5dB,3-164595-A-15.wav,0.0230,0.0278,0.0200,0.0674,0.0413,0.0309,0.0263,0.0223,0.0179,0.0031
ac_5dB,3-164630-A-11.wav,0.0011,0.0034,0.0040,0.0024,0.0012,0.0136,0.0028,0.0022,0.0315,0.0012
ac_5dB,3-164688-A-38.wav,0.0027,0.0012,0.0059,0.0040,0.0020,0.0036,0.0047,0.0078,0.0283,0.0053
ac_5dB,3-165856-A-41.wav,0.2415,0.0015,0.0309,0.1619,0.0023,0.0140,0.0056,0.0031,0.1275,0.0036
ac_5dB,3-166125-A-23.wav,0.0667,0.0064,0.0103,0.1280,0.0322,0.0120,0.0086,0.0075,0.0587,0.0064
ac_5dB,3-166125-B-23.wav,0.2007,0.0170,0.0089,0.7598,0.0292,0.0248,0.0096,0.0065,0.0693,0.0137
ac_5dB,3-166324-A-15.wav,0.0252,0.0195,0.2917,0.0222,0.0117,0.0197,0.0158,0.0292,0.0536,0.0023
ac_5dB,3-166326-A-15.wav,0.0014,0.0017,0.0058,0.0025,0.0015,0.0291,0.0046,0.0016,0.1292,0.0042
ac_5dB,3-166422-A-11.wav,0.0044,0.0019,0.0104,0.0068,0.0011,0.0247,0.0030,0.0046,0.0151,0.0009
ac_5dB,3-166546-A-34.wav,0.0076,0.0030,0.0074,0.0148,0.0199,0.0237,0.0061,0.0059,0.0299,0.0086
ac_5dB,3-166546-B-34.wav,0.0245,0.0614,0.0108,0.0435,0.0350,0.0301,0.0181,0.0134,0.0128,0.0101
ac_5dB,3-167096-A-31.wav,0.0292,0.0028,0.0066,0.0233,0.0056,0.0141,0.0105,0.0037,0.1007,0.0005
ac_5dB,3-169907-A-29.wav,0.0043,0.0045,0.0090,0.0034,0.0015,0.0173,0.0027,0.0017,0.0078,0.0005
ac_5dB,3-170002-A-34.wav,0.0165,0.0192,0.0067,0.0221,0.0131,0.0260,0.0161,0.0098,0.0220,0.0046
ac_5dB,3-170015-A-0.wav,0.0039,0.0025,0.0183,0.0068,0.0018,0.0125,0.5518,0.0026,0.0479,0.0014
ac_5dB,3-170312-A-31.wav,0.0136,0.0092,0.0074,0.0187,0.0122,0.0260,0.0185,0.0243,0.0676,0.0131
ac_5dB,3-170377-A-38.wav,0.0057,0.0037,0.0074,0.0073,0.0050,0.0138,0.0110,0.0132,0.0545,0.0016
ac_5dB,3-170383-A-38.wav,0.0052,0.0057,0.0203,0.0083,0.0095,0.0142,0.0064,0.0118,0.1040,0.0027
ac_5dB,3-170574-A-30.wav,0.0106,0.0098,0.0141,0.0268,0.0061,0.0230,0.0058,0.0144,0.0243,0.0061
ac_5dB,3-170851-A-31.wav,0.0042,0.0032,0.0072,0.0056,0.0040,0.0113,0.0089,0.0048,0.0308,0.0025
ac_5dB,3-171012-A-38.wav,0.0117,0.0156,0.0166,0.0214,0.0159,0.0363,0.0098,0.0225,0.0202,0.0096
ac_5dB,3-171041-A-38.wav,0.0030,0.0009,0.0059,0.0038,0.0029,0.0030,0.0044,0.0018,0.0266,0.0076
ac_5dB,3-171281-A-6.wav,0.0048,0.0011,0.0138,0.0157,0.0006,0.0258,0.0047,0.0004,0.0560,0.0001
ac_5dB,3-171937-A-34.wav,0.0070,0.0084,0.0044,0.0122,0.0048,0.0163,0.0141,0.0073,0.0238,0.0016
ac_5dB,3-172179-A-31.wav,0.0025,0.0042,0.0024,0.0063,0.0008,0.0073,0.0037,0.0015,0.0158,0.0017
ac_5dB,3-172881-A-48.wav,0.0016,0.0017,0.0058,0.0035,0.0010,0.0033,0.0044,0.0187,0.0413,0.0024
ac_5dB,3-172922-A-48.wav,0.0049,0.0026,0.0383,0.0051,0.0019,0.0089,0.0078,0.0129,0.0197,0.0014
ac_5dB,3-174840-A-43.wav,0.0075,0.0033,0.0064,0.0101,0.0029,0.0201,0.0071,0.0088,0.7565,0.0016
ac_5dB,3-174866-A-29.wav,0.0351,0.0304,0.0091,0.0386,0.0093,0.0113,0.0127,0.0067,0.0233,0.0040
ac_5dB,3-177082-A-22.wav,0.0012,0.0016,0.0247,0.0027,0.0008,0.0159,0.0015,0.0045,0.0147,0.0017
ac_5dB,3-177083-A-22.wav,0.0069,0.0038,0.0195,0.0102,0.0047,0.0228,0.0119,0.0226,0.0174,0.0015
ac_5dB,3-178096-A-6.wav,0.0082,0.0111,0.0520,0.0195,0.0112,0.0308,0.0698,0.0040,0.0100,0.0105
ac_5dB,3-180147-A-30.wav,0.0038,0.0019,0.0997,0.0043,0.0027,0.0133,0.0060,0.0764,0.0173,0.0027
ac_5dB,3-180256-A-0.wav,0.0036,0.0076,0.0189,0.0086,0.0112,0.0203,0.7459,0.0072,0.0295,0.0013
ac_5dB,3-180977-A-0.wav,0.0026,0.0108,0.0063,0.0067,0.0076,0.0025,0.7579,0.0007,0.0374,0.0028
ac_5dB,3-181132-A-14.wav,0.0105,0.0100,0.0308,0.0170,0.0078,0.0211,0.0113,0.0195,0.1076,0.0079
ac_5dB,3-181278-A-22.wav,0.2500,0.0010,0.1499,0.1657,0.0017,0.0185,0.0030,0.0081,0.0114,0.0030
ac_5dB,3-182023-A-30.wav,0.0143,0.0056,0.0068,0.0114,0.0038,0.0177,0.0053,0.0164,0.1262,0.0037
ac_5dB,3-182025-A-30.wav,0.0059,0.0128,0.0039,0.0189,0.0063,0.0071,0.0047,0.0314,0.0165,0.0055
ac_5dB,3-182710-A-35.wav,0.0087,0.0040,0.0196,0.0108,0.0051,0.0203,0.0111,0.0064,0.0595,0.0014
ac_5dB,3-182710-B-35.wav,0.0089,0.0083,0.0597,0.0197,0.0063,0.0128,0.0281,0.0251,0.0634,0.0039
ac_5dB,3-185313-A-31.wav,0.0496,0.0070,0.0070,0.1076,0.0073,0.0226,0.0097,0.0043,0.0807,0.0023
ac_5dB,3-185456-A-29.wav,0.0804,0.0288,0.0078,0.1175,0.0180,0.0120,0.0020,0.0015,0.0123,0.0003
ac_5dB,3-187549-A-6.wav,0.0008,0.0019,0.0100,0.0022,0.0015,0.0063,0.0096,0.0008,0.0244,0.0005
ac_5dB,3-187549-B-6.wav,0.0060,0.0100,0.0064,0.0127,0.0013,0.0117,0.0051,0.0048,0.0256,0.0032
ac_5dB,3-187710-A-11.wav,0.0145,0.0112,0.0154,0.0366,0.0117,0.0258,0.0149,0.0251,0.0463,0.0130
ac_5dB,3-188390-A-6.wav,0.0059,0.0045,0.0092,0.0089,0.0013,0.0118,0.0037,0.0065,0.1123,0.0010
ac_5dB,3-188726-A-35.wav,0.0025,0.0014,0.0174,0.0055,0.0012,0.0055,0.0042,0.0042,0.0586,0.0018
ac_5dB,3-193767-A-47.wav,0.0079,0.0022,0.0035,0.0204,0.0022,0.0057,0.0180,0.0039,0.0229,0.0015
ac_5dB,3-197408-A-8.wav,0.0031,0.0003,0.0272,0.0034,0.0020,0.0060,0.0012,0.0042,0.0100,0.0008
ac_5dB,3-197408-B-8.wav,0.0008,0.0005,0.0174,0.0010,0.0011,0.0051,0.0016,0.0035,0.0151,0.0001
ac_5dB,3-197408-C-8.wav,0.0136,0.0016,0.0190,0.0097,0.0036,0.0190,0.0066,0.0037,0.1174,0.0026
ac_5dB,3-197435-A-22.wav,0.0067,0.0074,0.0169,0.0083,0.0058,0.0183,0.0043,0.0091,0.0132,0.0012
ac_5dB,3-197435-B-22.wav,0.0062,0.0031,0.0090,0.0073,0.0023,0.0100,0.0064,0.0063,0.0225,0.0017
ac_5dB,3-203371-A-39.wav,0.0053,0.0024,0.0199,0.0082,0.0026,0.0171,0.0043,0.0033,0.0347,0.0969
ac_5dB,3-203373-A-39.wav,0.0128,0.0102,0.0130,0.0272,0.0123,0.0224,0.0191,0.0120,0.0637,0.9972
ac_5dB,3-203374-A-39.wav,0.0105,0.0069,0.0373,0.0129,0.0054,0.0225,0.0101,0.0131,0.1508,0.9219
ac_5dB,3-203375-A-39.wav,0.0097,0.0042,0.0073,0.0089,0.0041,0.0162,0.0058,0.0078,0.0550,0.9928
ac_5dB,3-203377-A-39.wav,0.0099,0.0056,0.0078,0.0195,0.0057,0.0103,0.0078,0.0090,0.0211,0.6830
ac_5dB,3-20861-A-8.wav,0.0022,0.0002,0.0192,0.0030,0.0011,0.0055,0.0013,0.0033,0.0104,0.0003
ac_5dB,3-208820-A-49.wav,0.0068,0.0027,0.0219,0.0098,0.0019,0.0230,0.0088,0.0023,0.0243,0.0043
ac_5dB,3-216280-A-39.wav,0.0201,0.0083,0.0160,0.0194,0.0100,0.0272,0.0257,0.0234,0.0559,0.4574
ac_5dB,3-216281-A-39.wav,0.0078,0.0018,0.0119,0.0140,0.0013,0.0096,0.0095,0.0085,0.0254,0.0184
ac_5dB,3-216284-A-39.wav,0.0069,0.0094,0.0040,0.0156,0.0046,0.0121,0.0125,0.0085,0.0367,0.0447
ac_5dB,3-233151-A-2.wav,0.0074,0.0395,0.0289,0.0284,0.0101,0.0386,0.0073,0.0094,0.0674,0.0115
ac_5dB,3-243726-A-43.wav,0.0019,0.0024,0.0138,0.0024,0.0020,0.0080,0.0076,0.0051,0.6710,0.0017
ac_5dB,3-246513-A-16.wav,0.0061,0.0037,0.0146,0.0115,0.0036,0.0141,0.1355,0.0065,0.1201,0.0030
ac_5dB,3-246513-B-16.wav,0.0091,0.0065,0.0092,0.0141,0.0068,0.0213,0.0172,0.0064,0.0589,0.0031
ac_5dB,3-249913-A-25.wav,0.0139,0.0109,0.0023,0.0159,0.0041,0.0106,0.0101,0.0248,0.0518,0.0051
ac_5dB,3-251617-A-48.wav,0.0119,0.0042,0.0065,0.0151,0.0028,0.0163,0.0050,0.0256,0.0530,0.0073
ac_5dB,3-253081-A-2.wav,0.0007,0.3011,0.0263,0.0015,0.0073,0.0476,0.2570,0.5110,0.0080,0.0016
ac_5dB,3-253084-A-2.wav,0.1422,0.0443,0.0217,0.1591,0.0741,0.0811,0.0185,0.0044,0.1158,0.0027
ac_5dB,3-253084-B-2.wav,0.0927,0.0099,0.0364,0.0800,0.0092,0.0186,0.0123,0.0013,0.0564,0.0006
ac_5dB,3-253084-C-2.wav,0.0376,0.0164,0.0449,0.0312,0.0014,0.0053,0.0078,0.0043,0.0219,0.0074
ac_5dB,3-253084-D-2.wav,0.0849,0.0292,0.0623,0.0886,0.0329,0.0818,0.0056,0.0042,0.0466,0.0027
ac_5dB,3-253084-E-2.wav,0.1110,0.0019,0.0265,0.0783,0.0018,0.0075,0.0115,0.0104,0.0145,0.0028
ac_5dB,3-257858-A-2.wav,0.0076,0.0013,0.0056,0.0076,0.0005,0.0029,0.0032,0.0060,0.0280,0.0010
ac_5dB,3-259622-A-44.wav,0.0008,0.0008,0.0130,0.0039,0.0009,0.0069,0.0030,0.0019,0.0169,0.0030
ac_5dB,3-51376-A-42.wav,0.0010,0.0003,0.0061,0.0030,0.0006,0.0080,0.0039,0.0053,0.0820,0.0001
ac_5dB,3-51731-A-42.wav,0.0059,0.0009,0.0087,0.0076,0.0037,0.0072,0.0027,0.0040,0.1494,0.0023
ac_5dB,3-51731-B-42.wav,0.0009,0.0006,0.0240,0.0012,0.0012,0.0072,0.0030,0.0070,0.2747,0.0004
ac_5dB,3-51909-A-42.wav,0.0023,0.0007,0.0228,0.0062,0.0008,0.0040,0.0024,0.0029,0.4027,0.0010
ac_5dB,3-51909-B-42.wav,0.0002,0.0002,0.0166,0.0020,0.0003,0.0022,0.0019,0.0035,0.1702,0.0030
ac_5dB,3-58772-A-42.wav,0.0004,0.0009,0.0167,0.0012,0.0009,0.0097,0.0023,0.0026,0.0941,0.0005
ac_5dB,3-62878-A-42.wav,0.0005,0.0005,0.0095,0.0007,0.0004,0.0265,0.0007,0.0007,0.0673,0.0003
ac_5dB,3-62878-B-42.wav,0.0150,0.0110,0.0096,0.0319,0.0057,0.0214,0.0193,0.0082,0.0523,0.0286
ac_5dB,3-65748-A-12.wav,0.0037,0.0049,0.0090,0.0069,0.0005,0.0252,0.0086,0.0023,0.0291,0.0004
ac_5dB,3-68630-A-40.wav,0.0021,0.0006,0.0051,0.0035,0.0007,0.0123,0.0039,0.0010,0.0769,0.0015
ac_5dB,3-68630-B-40.wav,0.0027,0.0015,0.0070,0.0034,0.0011,0.0196,0.0028,0.0035,0.0974,0.0034
ac_5dB,3-68630-C-40.wav,0.0080,0.0018,0.0168,0.0056,0.0015,0.0151,0.0070,0.0042,0.1486,0.0012
ac_5dB,3-70962-A-4.wav,0.0092,0.0017,0.0096,0.0072,0.0010,0.0075,0.0324,0.0110,0.0092,0.0046
ac_5dB,3-70962-B-4.wav,0.0034,0.0027,0.0218,0.0044,0.0073,0.0130,0.0025,0.0009,0.0342,0.0007
ac_5dB,3-70962-C-4.wav,0.0065,0.0011,0.0060,0.0069,0.0011,0.0044,0.0077,0.0045,0.0102,0.0040
ac_5dB,3-71964-A-4.wav,0.0007,0.0005,0.0053,0.0011,0.0004,0.0027,0.0019,0.0007,0.0096,0.0003
ac_5dB,3-71964-B-4.wav,0.0004,0.0001,0.1110,0.0009,0.0002,0.0017,0.0006,0.0007,0.0033,0.0002
ac_5dB,3-71964-C-4.wav,0.0002,0.0000,0.0090,0.0003,0.0001,0.0012,0.0008,0.0002,0.0084,0.0007
ac_5dB,3-83527-A-4.wav,0.0043,0.0031,0.0085,0.0126,0.0030,0.0131,0.0172,0.0076,0.0366,0.0022
ac_5dB,3-87936-A-46.wav,0.0013,0.0005,0.0106,0.0028,0.0009,0.0029,0.0027,0.0028,0.3140,0.0003
ac_5dB,3-87936-B-46.wav,0.0079,0.0022,0.0061,0.0102,0.0029,0.0215,0.0125,0.0040,0.2913,0.0046
ac_5dB,3-92637-A-18.wav,0.0050,0.0016,0.0289,0.0070,0.0021,0.0116,0.0051,0.0054,0.6266,0.0010
ac_5dB,3-93010-A-18.wav,0.0017,0.0131,0.0156,0.0116,0.0019,0.0110,0.0017,0.0010,0.0282,0.0191
ac_5dB,3-94342-A-25.wav,0.0084,0.0025,0.0096,0.0174,0.0020,0.0075,0.0070,0.0127,0.0447,0.0021
ac_5dB,3-94343-A-25.wav,0.0124,0.0116,0.0480,0.0086,0.0029,0.0220,0.0181,0.0509,0.0328,0.0025
ac_5dB,3-94344-A-25.wav,0.0083,0.0130,0.0052,0.0126,0.0051,0.0224,0.0103,0.0323,0.0388,0.0048
ac_5dB,3-94355-A-33.wav,0.0061,0.0061,0.0354,0.0116,0.0044,0.1024,0.0035,0.0050,0.0605,0.0060
ac_5dB,3-95694-A-5.wav,0.0049,0.0024,0.0114,0.0074,0.0021,0.0070,0.0051,0.0030,0.0193,0.0057
ac_5dB,3-95695-A-5.wav,0.0094,0.0123,0.0057,0.0184,0.0066,0.0133,0.0298,0.0412,0.0859,0.0016
ac_5dB,3-95695-B-5.wav,0.0059,0.0103,0.0164,0.0074,0.0066,0.0330,0.0330,0.0095,0.0698,0.0020
ac_5dB,3-95697-A-5.wav,0.0134,0.0090,0.0072,0.0260,0.0075,0.0113,0.0056,0.0108,0.0241,0.0084
ac_5dB,3-95698-A-5.wav,0.0069,0.0083,0.0106,0.0130,0.0055,0.0171,0.0106,0.0049,0.1031,0.0153
ac_5dB,3-96606-A-49.wav,0.0008,0.0007,0.0080,0.0072,0.0010,0.0107,0.0057,0.0011,0.0155,0.0034
ac_5dB,3-96606-B-49.wav,0.0005,0.0006,0.0115,0.0058,0.0009,0.0126,0.0027,0.0010,0.0502,0.0021
ac_5dB,3-97909-A-49.wav,0.0003,0.0001,0.0417,0.0052,0.0001,0.0010,0.0005,0.0002,0.0091,0.0012
ac_5dB,3-97909-B-49.wav,0.0029,0.0023,0.2803,0.0386,0.0039,0.0172,0.0058,0.0059,0.0383,0.0870
ac_5dB,3-98193-A-46.wav,0.0002,0.0003,0.0066,0.0006,0.0003,0.0010,0.0004,0.0009,0.0211,0.0003
ac_5dB,3-98771-A-18.wav,0.0032,0.0050,0.0136,0.0058,0.0038,0.0099,0.0022,0.0014,0.0125,0.0030
ac_5dB,3-98869-A-46.wav,0.0007,0.0003,0.0055,0.0009,0.0005,0.0030,0.0029,0.0009,0.0410,0.0004
ac_5dB,4-102844-A-49.wav,0.0041,0.0007,0.0103,0.0271,0.0006,0.0037,0.0004,0.0002,0.0097,0.0002
ac_5dB,4-102844-B-49.wav,0.0028,0.0003,0.0438,0.0118,0.0004,0.0191,0.0011,0.0016,0.0117,0.0002
ac_5dB,4-102844-C-49.wav,0.0046,0.0004,0.0197,0.0153,0.0012,0.0052,0.0009,0.0011,0.0176,0.0006
ac_5dB,4-102871-A-42.wav,0.0021,0.0003,0.0232,0.0018,0.0005,0.0036,0.0032,0.0013,0.2453,0.0005
ac_5dB,4-107117-A-33.wav,0.0056,0.0016,0.0191,0.0100,0.0023,0.0112,0.0087,0.0078,0.0689,0.0043
ac_5dB,4-107120-A-33.wav,0.0198,0.0025,0.0169,0.0234,0.0122,0.0174,0.0096,0.0359,0.0386,0.0037
ac_5dB,4-107122-A-33.wav,0.0056,0.0021,0.0182,0.0073,0.0018,0.0132,0.0046,0.0079,0.0155,0.0027
ac_5dB,4-108352-A-33.wav,0.0008,0.0008,0.0130,0.0011,0.0006,0.0043,0.0019,0.0352,0.0572,0.0006
ac_5dB,4-111671-A-42.wav,0.0014,0.0010,0.0080,0.0027,0.0017,0.0099,0.0018,0.0010,0.0490,0.0012
ac_5dB,4-111671-B-42.wav,0.0004,0.0006,0.0485,0.0006,0.0005,0.0045,0.0012,0.0002,0.0280,0.0004
ac_5dB,4-117627-A-25.wav,0.0111,0.0111,0.0064,0.0164,0.0038,0.0171,0.0097,0.0165,0.0278,0.0037
ac_5dB,4-117630-A-25.wav,0.0225,0.0083,0.0081,0.0392,0.0080,0.0085,0.0093,0.0230,0.0146,0.0072
ac_5dB,4-119647-A-48.wav,0.0072,0.0039,0.0073,0.0082,0.0028,0.0197,0.0039,0.0266,0.0534,0.0056
ac_5dB,4-119647-B-48.wav,0.0241,0.0167,0.0151,0.0302,0.0120,0.0322,0.0298,0.0768,0.0451,0.0082
ac_5dB,4-119647-C-48.wav,0.0183,0.0054,0.0184,0.0204,0.0065,0.0122,0.0201,0.0529,0.1235,0.0033
ac_5dB,4-119647-D-48.wav,0.0410,0.0033,0.0051,0.0309,0.0010,0.0092,0.0108,0.0109,0.0226,0.0007
ac_5dB,4-119648-A-48.wav,0.0070,0.0063,0.0020,0.0174,0.0022,0.0055,0.0036,0.0229,0.0110,0.0034
ac_5dB,4-119648-B-48.wav,0.0044,0.0031,0.0038,0.0120,0.0008,0.0047,0.0095,0.0091,0.0127,0.0023
ac_5dB,4-119648-C-48.wav,0.0326,0.0085,0.0021,0.0398,0.0026,0.0056,0.0098,0.0176,0.0354,0.0072
ac_5dB,4-119648-D-48.wav,0.1315,0.0048,0.0020,0.1213,0.0041,0.0106,0.0219,0.0078,0.0171,0.0024
ac_5dB,4-119720-A-18.wav,0.0011,0.0002,0.0173,0.0051,0.0011,0.0056,0.0015,0.0022,0.0483,0.0014
ac_5dB,4-120160-A-5.wav,0.0029,0.0022,0.0052,0.0167,0.0011,0.0060,0.0024,0.0017,0.0212,0.0030
ac_5dB,4-121532-A-42.wav,0.0039,0.0003,0.0131,0.0037,0.0007,0.0093,0.0014,0.0035,0.2573,0.0003
ac_5dB,4-123680-A-18.wav,0.0018,0.0015,0.0144,0.0065,0.0010,0.0576,0.0033,0.0007,0.0118,0.0041
ac_5dB,4-125070-A-19.wav,0.0133,0.0084,0.0105,0.0173,0.0096,0.0215,0.0261,0.0198,0.0737,0.0085
ac_5dB,4-125071-A-19.wav,0.0109,0.0013,0.0089,0.0114,0.0029,0.0066,0.0076,0.0104,0.0712,0.0011
ac_5dB,4-125072-A-19.wav,0.0103,0.0049,0.0066,0.0144,0.0031,0.0050,0.0066,0.0477,0.0270,0.0009
ac_5dB,4-125072-B-19.wav,0.0030,0.0027,0.0192,0.0047,0.0029,0.0139,0.0044,0.0036,0.0398,0.0015
ac_5dB,4-125825-A-46.wav,0.0015,0.0020,0.0098,0.0037,0.0017,0.0050,0.0031,0.0011,0.0255,0.0011
ac_5dB,4-125825-B-46.wav,0.0036,0.0022,0.0356,0.0091,0.0015,0.0053,0.0100,0.0188,0.0323,0.0007
ac_5dB,4-125929-A-40.wav,0.0029,0.0007,0.0068,0.0057,0.0011,0.0034,0.0048,0.0036,0.0251,0.0038
ac_5dB,4-126046-A-18.wav,0.0253,0.0065,0.0120,0.0304,0.0033,0.0056,0.0043,0.0306,0.0308,0.0084
ac_5dB,4-126532-A-18.wav,0.0029,0.0012,0.0086,0.0036,0.0008,0.0160,0.0034,0.0018,0.0493,0.0023
ac_5dB,4-128659-A-33.wav,0.0041,0.0032,0.0065,0.0052,0.0038,0.0098,0.0052,0.0350,0.0264,0.0014
ac_5dB,4-130584-A-4.wav,0.0009,0.0002,0.0571,0.0011,0.0002,0.0033,0.0004,0.0007,0.0553,0.0005
ac_5dB,4-130891-A-7.wav,0.0129,0.0027,0.2020,0.0256,0.0036,0.0114,0.0749,0.0354,0.0233,0.0207
ac_5dB,4-132383-A-2.wav,0.0571,0.0299,0.0275,0.0963,0.0089,0.0179,0.0262,0.0023,0.0166,0.0011
ac_5dB,4-132383-B-2.wav,0.0464,0.1243,0.0352,0.0534,0.0425,0.0396,0.1211,0.0205,0.0280,0.0051
ac_5dB,4-132803-A-26.wav,0.0241,0.0125,0.4310,0.0733,0.0190,0.9173,0.0144,0.0281,0.0937,0.0225
ac_5dB,4-132810-A-26.wav,0.0075,0.0057,0.1047,0.0110,0.0029,0.9876,0.0095,0.0132,0.0561,0.0015
ac_5dB,4-132816-A-26.wav,0.0015,0.0018,0.2235,0.0056,0.0027,0.9634,0.0050,0.0023,0.0229,0.0002
ac_5dB,4-132839-A-33.wav,0.0368,0.0015,0.0418,0.0215,0.0018,0.0216,0.0130,0.0115,0.0577,0.0074
ac_5dB,4-133047-A-5.wav,0.0007,0.0006,0.0069,0.0016,0.0005,0.0009,0.0006,0.0028,0.0251,0.0009
ac_5dB,4-133047-B-5.wav,0.0198,0.0148,0.0613,0.0386,0.0273,0.0824,0.0146,0.0081,0.0092,0.0156
ac_5dB,4-133047-C-5.wav,0.0023,0.0029,0.0238,0.0051,0.0097,0.0123,0.0021,0.0029,0.1364,0.0024
ac_5dB,4-133674-A-26.wav,0.0782,0.0025,0.0873,0.0589,0.0034,0.6613,0.0148,0.0069,0.0434,0.0008
ac_5dB,4-133895-A-7.wav,0.0182,0.0062,0.0992,0.0204,0.0114,0.0157,0.0180,0.0205,0.0471,0.0034
ac_5dB,4-135439-A-18.wav,0.0004,0.0003,0.0105,0.0010,0.0002,0.0022,0.0016,0.0006,0.0059,0.0017
ac_5dB,4-136381-A-9.wav,0.0403,0.0154,0.0077,0.1697,0.0190,0.0321,0.0068,0.0048,0.0653,0.0116
ac_5dB,4-138344-A-9.wav,0.0229,0.2193,0.2504,0.0341,0.0702,0.0961,0.0457,0.0185,0.0820,0.0066
ac_5dB,4-140034-A-46.wav,0.0026,0.0003,0.0065,0.0038,0.0005,0.0047,0.0044,0.0005,0.0706,0.0009
ac_5dB,4-141365-A-18.wav,0.0008,0.0010,0.0146,0.0024,0.0011,0.0176,0.0024,0.0023,0.0169,0.0015
ac_5dB,4-143118-A-7.wav,0.0973,0.0070,0.4487,0.0911,0.0055,0.0273,0.0123,0.0250,0.0716,0.0090
ac_5dB,4-143118-B-7.wav,0.0105,0.0070,0.0637,0.0148,0.0098,0.0173,0.0101,0.0129,0.0359,0.0021
ac_5dB,4-144083-A-16.wav,0.0079,0.0060,0.0078,0.0099,0.0050,0.0195,0.0128,0.0163,0.1464,0.0018
ac_5dB,4-144083-B-16.wav,0.0019,0.0021,0.0150,0.0045,0.0024,0.0078,0.0032,0.0116,0.0492,0.0033
ac_5dB,4-144083-C-16.wav,0.0055,0.0020,0.0075,0.0130,0.0018,0.0070,0.0078,0.0054,0.0238,0.0033
ac_5dB,4-144085-A-16.wav,0.0021,0.0011,0.0078,0.0039,0.0011,0.0049,0.0030,0.0044,0.0243,0.0027
ac_5dB,4-144468-A-27.wav,0.0059,0.0005,0.0053,0.0717,0.0016,0.0071,0.0025,0.0015,0.0272,0.0025
ac_5dB,4-144468-B-27.wav,0.0145,0.0074,0.7605,0.0163,0.0116,0.0296,0.0094,0.0143,0.0575,0.0026
ac_5dB,4-145006-A-18.wav,0.2441,0.0052,0.0254,0.2453,0.0037,0.0197,0.0020,0.0017,0.0329,0.0061
ac_5dB,4-145081-A-9.wav,0.0016,0.0017,0.0032,0.0032,0.0010,0.0033,0.0038,0.0005,0.0228,0.0009
ac_5dB,4-146200-A-36.wav,0.0037,0.0047,0.0102,0.0054,0.0036,0.0302,0.0066,0.0040,0.0543,0.0072
ac_5dB,4-147240-A-2.wav,0.0046,0.0010,0.0174,0.0053,0.0014,0.0051,0.0015,0.0166,0.0110,0.0024
ac_5dB,4-147240-B-2.wav,0.0283,0.0052,0.0385,0.0192,0.0175,0.0190,0.0124,0.0163,0.0274,0.0158
ac_5dB,4-147657-A-46.wav,0.0023,0.0008,0.0076,0.0028,0.0035,0.0046,0.0037,0.0054,0.0759,0.0023
ac_5dB,4-147658-A-46.wav,0.0007,0.0005,0.0042,0.0017,0.0003,0.0044,0.0016,0.0015,0.0101,0.0004
ac_5dB,4-149294-A-41.wav,0.3364,0.0025,0.0167,0.3142,0.0032,0.0070,0.0032,0.0017,0.1336,0.0020
ac_5dB,4-149294-B-41.wav,0.1385,0.0063,0.0490,0.1317,0.0017,0.0102,0.0067,0.0034,0.0325,0.0072
ac_5dB,4-149940-A-5.wav,0.0033,0.0011,0.1698,0.0063,0.0018,0.0671,0.0212,0.0006,0.0483,0.0003
ac_5dB,4-149940-B-5.wav,0.0029,0.0017,0.0210,0.0056,0.0023,0.0162,0.0154,0.0063,0.2397,0.0021
ac_5dB,4-150364-A-46.wav,0.0008,0.0003,0.0061,0.0017,0.0004,0.0032,0.0015,0.0008,0.0072,0.0010
ac_5dB,4-150364-B-46.wav,0.0015,0.0010,0.0063,0.0024,0.0010,0.0121,0.0038,0.0017,0.1303,0.0006
ac_5dB,4-151242-A-37.wav,0.0038,0.0010,0.0087,0.0031,0.0009,0.0059,0.0019,0.0007,0.0254,0.0014
ac_5dB,4-152958-A-18.wav,0.0147,0.0077,0.0180,0.0177,0.0093,0.0159,0.0235,0.0299,0.0385,0.0082
ac_5dB,4-152995-A-24.wav,0.0145,0.7147,0.0475,0.0379,0.1037,0.0431,0.0221,0.0105,0.0295,0.0032
ac_5dB,4-154405-A-27.wav,0.0099,0.0074,0.0093,0.0230,0.0045,0.0105,0.0119,0.0097,0.0342,0.0026
ac_5dB,4-154405-B-27.wav,0.0042,0.0037,0.0156,0.0067,0.0019,0.0143,0.0061,0.0054,0.0363,0.0022
ac_5dB,4-154443-A-24.wav,0.0126,0.0607,0.0890,0.1396,0.0222,0.2798,0.0234,0.0091,0.0594,0.1457
ac_5dB,4-154793-A-4.wav,0.0021,0.0005,0.0044,0.0049,0.0007,0.0045,0.0035,0.0009,0.0202,0.0005
ac_5dB,4-155650-A-24.wav,0.0113,1.0000,0.0174,0.0315,0.0569,0.0249,0.0168,0.0174,0.0716,0.0026
ac_5dB,4-155650-B-24.wav,0.0063,0.9962,0.0220,0.1473,0.2884,0.0058,0.0030,0.0050,0.0237,0.0468
ac_5dB,4-155670-A-26.wav,0.0020,0.0059,0.5219,0.0029,0.0056,0.5379,0.0041,0.0106,0.0860,0.0030
ac_5dB,4-156227-A-9.wav,0.0041,0.0042,0.0123,0.0054,0.0016,0.0095,0.0058,0.0029,0.1294,0.0004
ac_5dB,4-156827-A-46.wav,0.0009,0.0004,0.0031,0.0015,0.0005,0.0017,0.0012,0.0016,0.0172,0.0009
ac_5dB,4-156843-A-21.wav,0.0070,0.0109,0.0686,0.0410,0.7257,0.0121,0.0139,0.0180,0.0129,0.0008
ac_5dB,4-156844-A-21.wav,0.0142,0.9072,0.0703,0.0760,0.9348,0.0659,0.0229,0.0071,0.0576,0.0020
ac_5dB,4-156993-A-19.wav,0.0049,0.0038,0.0158,0.0101,0.0026,0.0222,0.0079,0.0087,0.0598,0.0025
ac_5dB,4-157296-A-24.wav,0.0227,0.9018,0.0817,0.1256,0.2275,0.1426,0.0029,0.0039,0.0156,0.0279
ac_5dB,4-157297-A-21.wav,0.0129,0.1426,0.2839,0.0840,0.9932,0.0582,0.0217,0.0068,0.1205,0.0201
ac_5dB,4-157611-A-41.wav,0.0079,0.0004,0.0100,0.0101,0.0003,0.0019,0.0032,0.0015,0.0074,0.0007
ac_5dB,4-157611-B-41.wav,0.0028,0.0006,0.0157,0.0067,0.0006,0.0024,0.0024,0.0011,0.0216,0.0005
ac_5dB,4-158653-A-32.wav,0.0024,0.0013,0.0038,0.0045,0.0012,0.0153,0.0019,0.0056,0.0339,0.0009
ac_5dB,4-159426-A-9.wav,0.0343,0.0183,0.0136,0.0566,0.0189,0.0181,0.0369,0.0466,0.0614,0.0083
ac_5dB,4-159609-A-14.wav,0.0098,0.0056,0.0127,0.0131,0.0080,0.0266,0.0138,0.0084,0.0812,0.0069
ac_5dB,4-159609-B-14.wav,0.0083,0.0048,0.0211,0.0115,0.0021,0.0100,0.0090,0.0074,0.0276,0.0014
ac_5dB,4-160036-A-33.wav,0.0033,0.0040,0.0042,0.0050,0.0022,0.0235,0.0064,0.0400,0.0339,0.0088
ac_5dB,4-160036-B-33.wav,0.0265,0.0084,0.0821,0.0202,0.0049,0.0316,0.0076,0.0188,0.0381,0.0034
ac_5dB,4-160999-A-10.wav,0.0034,0.0034,0.0160,0.0049,0.0018,0.0171,0.0061,0.0023,0.0300,0.0019
ac_5dB,4-161099-A-47.wav,0.0062,0.0022,0.0261,0.0087,0.0019,0.0060,0.0219,0.0120,0.0318,0.0012
ac_5dB,4-161099-B-47.wav,0.0059,0.0009,0.0077,0.0116,0.0012,0.0019,0.0050,0.0039,0.0109,0.0084
ac_5dB,4-161100-A-47.wav,0.0012,0.0014,0.0115,0.0036,0.0009,0.0044,0.0057,0.0012,0.0114,0.0022
ac_5dB,4-161103-A-47.wav,0.0071,0.0036,0.0254,0.0092,0.0020,0.0072,0.0096,0.0052,0.0832,0.0030
ac_5dB,4-161105-A-47.wav,0.0139,0.0026,0.0229,0.0162,0.0022,0.0057,0.0244,0.0281,0.0514,0.0029
ac_5dB,4-161105-B-47.wav,0.0060,0.0009,0.0046,0.0061,0.0008,0.0034,0.0049,0.0018,0.0473,0.0009
ac_5dB,4-161127-A-10.wav,0.0076,0.0052,0.0077,0.0138,0.0035,0.0279,0.0074,0.0098,0.0690,0.0022
ac_5dB,4-161303-A-5.wav,0.0011,0.0006,0.0082,0.0021,0.0003,0.0081,0.0031,0.0010,0.2986,0.0010
ac_5dB,4-161303-B-5.wav,0.0063,0.0045,0.0144,0.0093,0.0029,0.0245,0.0061,0.0046,0.0606,0.0023
ac_5dB,4-161519-A-19.wav,0.0086,0.0068,0.0053,0.0143,0.0053,0.0145,0.0210,0.0104,0.0250,0.0029
ac_5dB,4-161579-A-40.wav,0.0107,0.0089,0.2262,0.0138,0.0115,0.0252,0.0112,0.0237,0.0848,0.0025
ac_5dB,4-161579-B-40.wav,0.0021,0.0008,0.0077,0.0040,0.0005,0.0031,0.0029,0.0005,0.0535,0.0002
ac_5dB,4-163264-A-10.wav,0.0151,0.0090,0.0063,0.0206,0.0053,0.0382,0.0074,0.0111,0.0485,0.0026
ac_5dB,4-163606-A-16.wav,0.0062,0.0014,0.0140,0.0100,0.0028,0.0073,0.0036,0.0076,0.0249,0.0087
ac_5dB,4-163608-B-16.wav,0.0103,0.0128,0.0230,0.0317,0.0148,0.0298,0.2263,0.0125,0.0359,0.0080
ac_5dB,4-163609-A-16.wav,0.0133,0.0060,0.0081,0.0158,0.0096,0.0205,0.0131,0.0136,0.0768,0.0043
ac_5dB,4-163609-B-16.wav,0.0018,0.0010,0.0084,0.0031,0.0008,0.0047,0.0072,0.0519,0.0247,0.0078
ac_5dB,4-163697-A-13.wav,0.0063,0.0036,0.0036,0.0135,0.0017,0.0196,0.0083,0.0008,0.0380,0.0007
ac_5dB,4-164021-A-1.wav,0.0089,0.0038,0.0139,0.0173,0.0018,0.0138,0.0023,0.0017,0.0279,0.0009
ac_5dB,4-164064-A-1.wav,0.0079,0.0087,0.0300,0.0167,0.0076,0.0283,0.0138,0.0116,0.0585,0.0056
ac_5dB,4-164064-B-1.wav,0.0056,0.0041,0.0151,0.0078,0.0021,0.0150,0.0086,0.0042,0.0712,0.0017
ac_5dB,4-164064-C-1.wav,0.0089,0.0048,0.0054,0.0112,0.0034,0.0148,0.0440,0.0090,0.0389,0.0027
ac_5dB,4-164206-A-10.wav,0.0067,0.0037,0.0052,0.0104,0.0041,0.0365,0.0037,0.0098,0.0612,0.0008
ac_5dB,4-164243-A-26.wav,0.0055,0.0074,0.1182,0.0160,0.0187,0.9744,0.0326,0.0019,0.0591,0.0006
ac_5dB,4-164661-A-12.wav,0.0056,0.0083,0.1588,0.0069,0.0071,0.0407,0.0170,0.0054,0.0134,0.0012
ac_5dB,4-164661-B-12.wav,0.0118,0.0053,0.0030,0.0161,0.0039,0.0058,0.0209,0.0137,0.0702,0.0028
ac_5dB,4-164859-A-1.wav,0.0022,0.0013,0.0597,0.0060,0.0015,0.0089,0.0026,0.0033,0.0155,0.0007
ac_5dB,4-165606-A-45.wav,0.0166,0.0044,0.0537,0.0164,0.0079,0.0161,0.0094,0.0140,0.0663,0.0052
ac_5dB,4-165791-A-45.wav,0.0637,0.0065,0.0213,0.0602,0.0029,0.0146,0.0370,0.0154,0.0391,0.0063
ac_5dB,4-165791-B-45.wav,0.0046,0.0078,0.0098,0.0070,0.0043,0.0087,0.0106,0.0132,0.0687,0.0030
ac_5dB,4-165813-A-19.wav,0.0063,0.0161,0.6792,0.0127,0.0159,0.0394,0.0157,0.0276,0.0742,0.0018
ac_5dB,4-165813-B-19.wav,0.0076,0.0024,0.0080,0.0115,0.0016,0.0170,0.0076,0.0074,0.0433,0.0015
ac_5dB,4-165823-A-41.wav,0.0006,0.0003,0.0246,0.0008,0.0003,0.0034,0.0013,0.0052,0.0116,0.0005
ac_5dB,4-165823-B-41.wav,0.0041,0.0003,0.0079,0.0063,0.0004,0.0046,0.0015,0.0011,0.0230,0.0057
ac_5dB,4-165845-A-45.wav,0.0014,0.0117,0.0194,0.0024,0.0014,0.0181,0.0428,0.0143,0.0523,0.0018
ac_5dB,4-165845-B-45.wav,0.0052,0.0034,0.0107,0.0088,0.0105,0.0151,0.0177,0.0783,0.0732,0.0049
ac_5dB,4-165933-A-45.wav,0.0020,0.0012,0.0316,0.0020,0.0010,0.0045,0.0065,0.0130,0.0451,0.0006
ac_5dB,4-166661-A-10.wav,0.0030,0.0020,0.0063,0.0050,0.0017,0.0368,0.0041,0.0084,0.0385,0.0006
ac_5dB,4-167063-A-11.wav,0.0015,0.0017,0.0092,0.0034,0.0012,0.0149,0.0065,0.0024,0.0439,0.0008
ac_5dB,4-167063-B-11.wav,0.0029,0.0031,0.0076,0.0056,0.0031,0.0122,0.0130,0.0172,0.0513,0.0016
ac_5dB,4-167063-C-11.wav,0.0011,0.0030,0.0076,0.0033,0.0012,0.0131,0.0106,0.0040,0.0132,0.0013
ac_5dB,4-167077-A-20.wav,0.0222,0.1045,0.0409,0.0452,0.0944,0.2798,0.0498,0.0163,0.0556,0.0071
ac_5dB,4-167077-B-20.wav,0.0418,0.0034,0.0858,0.0856,0.0036,0.0804,0.0010,0.0046,0.0279,0.0023
ac_5dB,4-167077-C-20.wav,0.0085,0.0115,0.4613,0.0303,0.0082,0.1159,0.0213,0.0257,0.0306,0.0063
ac_5dB,4-167155-A-32.wav,0.0007,0.0019,0.0100,0.0014,0.0012,0.0064,0.0023,0.0051,0.0081,0.0022
ac_5dB,4-167571-A-26.wav,0.0141,0.0110,0.0286,0.0172,0.0236,0.0991,0.0217,0.0171,0.0663,0.0043
ac_5dB,4-167642-A-21.wav,0.0075,0.0067,0.0349,0.0242,0.9927,0.0092,0.0054,0.0143,0.0188,0.0040
ac_5dB,4-168155-A-15.wav,0.0290,0.0422,0.0151,0.0548,0.0109,0.0271,0.0290,0.0035,0.0728,0.0038
ac_5dB,4-168446-A-45.wav,0.0105,0.0028,0.0094,0.0106,0.0034,0.0103,0.0094,0.0148,0.0607,0.0023
ac_5dB,4-168868-A-17.wav,0.0059,0.0038,0.0072,0.0220,0.0009,0.0033,0.0011,0.0004,0.0224,0.0096
ac_5dB,4-169127-A-41.wav,0.0222,0.0062,0.2235,0.0155,0.0049,0.0175,0.0075,0.0042,0.0364,0.0087
ac_5dB,4-169127-B-41.wav,0.0005,0.0005,0.0039,0.0009,0.0002,0.0023,0.0008,0.0044,0.0052,0.0014
ac_5dB,4-169508-A-37.wav,0.0004,0.0005,0.0102,0.0018,0.0004,0.0037,0.0012,0.0005,0.0537,0.0005
ac_5dB,4-169726-A-24.wav,0.0128,0.5720,0.0361,0.0419,0.0697,0.0254,0.0105,0.0096,0.0426,0.0411
ac_5dB,4-170078-A-1.wav,0.0153,0.0164,0.0148,0.0202,0.0267,0.0294,0.0609,0.0220,0.0176,0.0039
ac_5dB,4-170247-A-12.wav,0.0083,0.0028,0.0049,0.0083,0.0048,0.0287,0.0113,0.0092,0.0784,0.0007
ac_5dB,4-170247-B-12.wav,0.0062,0.0010,0.0067,0.0096,0.0004,0.0053,0.0062,0.0031,0.0271,0.0001
ac_5dB,4-171207-A-12.wav,0.0107,0.0075,0.0028,0.0112,0.0016,0.0138,0.0122,0.0041,0.0337,0.0006
ac_5dB,4-171396-A-24.wav,0.0165,0.9751,0.1291,0.0575,0.2012,0.0220,0.0059,0.0055,0.0478,0.0066
ac_5dB,4-171519-A-21.wav,0.0163,0.8396,0.0294,0.0590,0.8046,0.0148,0.0238,0.0289,0.0451,0.0072
ac_5dB,4-171652-A-44.wav,0.0013,0.0003,0.0020,0.0021,0.0002,0.0056,0.0019,0.0007,0.0013,0.0003
ac_5dB,4-171706-A-23.wav,0.0483,0.0040,0.0154,0.9338,0.0039,0.0046,0.0016,0.0008,0.0187,0.0013
ac_5dB,4-171823-A-13.wav,0.0011,0.0014,0.0049,0.0019,0.0017,0.0086,0.0046,0.0075,0.0229,0.0008
ac_5dB,4-172143-A-13.wav,0.0011,0.0006,0.0128,0.0014,0.0009,0.0079,0.0048,0.0117,0.0243,0.0016
ac_5dB,4-172180-A-32.wav,0.0083,0.0073,0.0074,0.0104,0.0078,0.0194,0.0151,0.0110,0.0353,0.0026
ac_5dB,4-172366-A-37.wav,0.0006,0.0004,0.0122,0.0010,0.0013,0.0027,0.0011,0.0002,0.0211,0.0023
ac_5dB,4-172377-A-17.wav,0.0098,0.0028,0.0119,0.0101,0.0011,0.0083,0.0122,0.0029,0.0188,0.0068
ac_5dB,4-172500-A-27.wav,0.0366,0.0025,0.0138,0.0873,0.0048,0.0202,0.0218,0.0057,0.0366,0.0026
ac_5dB,4-172500-B-27.wav,0.0837,0.0170,0.0115,0.0743,0.0070,0.0253,0.0269,0.0041,0.1010,0.0033
ac_5dB,4-172500-C-27.wav,0.0246,0.0010,0.0104,0.0653,0.0018,0.0059,0.0073,0.0007,0.0509,0.0125
ac_5dB,4-172500-D-27.wav,0.1642,0.0048,0.0062,0.2225,0.0083,0.0062,0.0430,0.0018,0.0262,0.0157
ac_5dB,4-172732-A-36.wav,0.0031,0.0028,0.0106,0.0080,0.0015,0.0126,0.0056,0.0026,0.0252,0.0102
ac_5dB,4-172733-A-36.wav,0.0032,0.0021,0.0103,0.0114,0.0014,0.0076,0.0031,0.0014,0.0156,0.0067
ac_5dB,4-172734-A-36.wav,0.0041,0.0016,0.0120,0.0069,0.0023,0.0155,0.0047,0.0064,0.0455,0.0064
ac_5dB,4-172736-A-36.wav,0.0014,0.0012,0.0149,0.0022,0.0007,0.0060,0.0024,0.0014,0.0739,0.0008
ac_5dB,4-172736-B-36.wav,0.0013,0.0016,0.0125,0.0025,0.0005,0.0098,0.0020,0.0006,0.0513,0.0032
ac_5dB,4-172742-A-32.wav,0.0028,0.0013,0.0036,0.0029,0.0018,0.0067,0.0065,0.0245,0.0599,0.0006
ac_5dB,4-173865-A-9.wav,0.0002,0.0010,0.0037,0.0002,0.0003,0.0010,0.0025,0.0001,0.0134,0.0001
ac_5dB,4-173865-B-9.wav,0.0053,0.0054,0.0096,0.0112,0.0061,0.0258,0.0061,0.0036,0.0418,0.0057
ac_5dB,4-174797-A-15.wav,0.0890,0.0086,0.0201,0.0790,0.0092,0.0242,0.0163,0.0768,0.0200,0.0382
ac_5dB,4-174860-A-3.wav,0.1108,0.0010,0.1445,0.0988,0.0012,0.0061,0.0052,0.0018,0.5053,0.0010
ac_5dB,4-174860-B-3.wav,0.0047,0.0035,0.0353,0.0071,0.0021,0.0282,0.0065,0.0036,0.0626,0.0090
ac_5dB,4-175000-A-40.wav,0.0017,0.0018,0.0068,0.0055,0.0004,0.0059,0.0015,0.0014,0.0296,0.0028
ac_5dB,4-175000-B-40.wav,0.0054,0.0032,0.0103,0.0080,0.0025,0.0085,0.0048,0.0018,0.1015,0.0024
ac_5dB,4-175000-C-40.wav,0.0361,0.0097,0.0106,0.0251,0.0040,0.0153,0.0317,0.0170,0.0424,0.0025
ac_5dB,4-175025-A-34.wav,0.0109,0.0149,0.0145,0.0156,0.0162,0.0291,0.0149,0.0221,0.0552,0.0108
ac_5dB,4-175845-A-43.wav,0.0037,0.0020,0.1282,0.0076,0.0025,0.0096,0.0073,0.0053,0.8784,0.0008
ac_5dB,4-175846-A-43.wav,0.0073,0.0054,0.0020,0.0161,0.0037,0.0133,0.0105,0.0103,0.9114,0.0020
ac_5dB,4-175855-A-43.wav,0.0089,0.0030,0.0250,0.0147,0.0030,0.0218,0.0060,0.0055,0.9715,0.0045
ac_5dB,4-175856-A-43.wav,0.0046,0.0048,0.0275,0.0078,0.0105,0.0151,0.0179,0.0038,0.9862,0.0027
ac_5dB,4-175945-A-38.wav,0.0095,0.0024,0.0049,0.0087,0.0032,0.1617,0.0056,0.0042,0.0918,0.0009
ac_5dB,4-176631-A-43.wav,0.0258,0.0029,0.0170,0.0394,0.0014,0.0149,0.0047,0.0114,0.9234,0.0008
ac_5dB,4-176638-A-43.wav,0.0018,0.0049,0.0044,0.0061,0.0030,0.0064,0.0037,0.0148,0.9327,0.0140
ac_5dB,4-176914-A-23.wav,0.0178,0.0109,0.0108,0.0558,0.0537,0.0134,0.0054,0.0102,0.0432,0.0062
ac_5dB,4-177243-A-32.wav,0.0029,0.0032,0.0040,0.0034,0.0032,0.0113,0.0040,0.0016,0.0089,0.0053
ac_5dB,4-177250-A-10.wav,0.0079,0.0109,0.0102,0.0100,0.0058,0.0329,0.0150,0.0084,0.0539,0.0104
ac_5dB,4-177835-A-24.wav,0.0236,0.8088,0.0170,0.0860,0.1761,0.0555,0.0098,0.0127,0.0213,0.0043
ac_5dB,4-178402-A-43.wav,0.0094,0.0095,0.0047,0.0151,0.0042,0.0175,0.0125,0.0072,0.8989,0.0011
ac_5dB,4-178881-A-45.wav,0.0026,0.0069,0.0106,0.0044,0.0034,0.0212,0.0061,0.0100,0.0807,0.0030
ac_5dB,4-179836-A-34.wav,0.0334,0.0083,0.0169,0.0363,0.0188,0.0319,0.0151,0.0227,0.0871,0.0181
ac_5dB,4-179984-A-38.wav,0.0045,0.0034,0.0121,0.0061,0.0017,0.0077,0.0118,0.0119,0.0246,0.0060
ac_5dB,4-180337-A-28.wav,0.8635,0.0047,0.0084,0.8236,0.0036,0.0128,0.0045,0.0103,0.0606,0.0019
ac_5dB,4-180380-A-10.wav,0.0017,0.0022,0.0092,0.0021,0.0022,0.0192,0.0026,0.0022,0.0352,0.0005
ac_5dB,4-180453-A-17.wav,0.0079,0.0057,0.0157,0.0070,0.0059,0.0153,0.0085,0.0157,0.0329,0.0026
ac_5dB,4-181035-A-38.wav,0.0076,0.0093,0.0092,0.0170,0.0065,0.0047,0.0124,0.0177,0.0099,0.0108
ac_5dB,4-181286-A-10.wav,0.0123,0.0134,0.0039,0.0127,0.0119,0.0544,0.0079,0.0124,0.0965,0.0046
ac_5dB,4-181362-A-13.wav,0.0772,0.0061,0.0084,0.0796,0.0062,0.0180,0.0180,0.0123,0.0500,0.0048
ac_5dB,4-181563-A-12.wav,0.0012,0.0009,0.0048,0.0019,0.0004,0.0056,0.0033,0.0019,0.0275,0.0001
ac_5dB,4-181599-A-26.wav,0.0203,0.0465,0.0744,0.0667,0.0207,0.6754,0.0288,0.0033,0.0412,0.0081
ac_5dB,4-181628-A-17.wav,0.0013,0.0032,0.0113,0.0044,0.0007,0.0088,0.0046,0.0010,0.0175,0.0235
ac_5dB,4-181707-A-32.wav,0.0013,0.0128,0.0191,0.0061,0.0039,0.0367,0.0253,0.0048,0.0308,0.0006
ac_5dB,4-181708-A-32.wav,0.0020,0.0042,0.0032,0.0027,0.0008,0.0142,0.0051,0.0020,0.0487,0.0015
ac_5dB,4-181865-A-38.wav,0.0166,0.0051,0.0059,0.0248,0.0052,0.0133,0.0048,0.0077,0.0234,0.0051
ac_5dB,4-181955-A-3.wav,0.0105,0.0010,0.0295,0.0070,0.0008,0.0040,0.0052,0.0016,0.1014,0.0013
ac_5dB,4-181955-B-3.wav,0.0006,0.0004,0.0204,0.0024,0.0017,0.0013,0.0030,0.0002,0.0170,0.0005
ac_5dB,4-181955-C-3.wav,0.0093,0.0014,0.0183,0.0128,0.0036,0.0047,0.0108,0.0068,0.1391,0.0071
ac_5dB,4-181999-A-36.wav,0.0010,0.0005,0.0078,0.0030,0.0006,0.0041,0.0013,0.0011,0.0198,0.0064
ac_5dB,4-182034-A-30.wav,0.0085,0.0084,0.0030,0.0268,0.0042,0.0165,0.0111,0.0128,0.0201,0.0016
ac_5dB,4-182039-A-30.wav,0.0090,0.0046,0.0096,0.0094,0.0033,0.0155,0.0052,0.0096,0.0424,0.0034
ac_5dB,4-182041-A-30.wav,0.0145,0.0156,0.0089,0.0285,0.0084,0.0279,0.0252,0.1103,0.0615,0.0118
ac_5dB,4-182314-A-7.wav,0.0275,0.0139,0.0137,0.0387,0.0122,0.0165,0.0164,0.0146,0.0653,0.0073
ac_5dB,4-182314-B-7.wav,0.0094,0.0022,0.0031,0.0089,0.0025,0.0075,0.0135,0.0074,0.0102,0.0018
ac_5dB,4-182368-A-12.wav,0.0561,0.0052,0.0048,0.0849,0.0062,0.0057,0.0077,0.0099,0.0104,0.0013
ac_5dB,4-182369-A-12.wav,0.0034,0.0020,0.0043,0.0044,0.0006,0.0051,0.0031,0.0023,0.0169,0.0004
ac_5dB,4-182395-A-0.wav,0.0133,0.0182,0.0500,0.0307,0.0242,0.0542,0.7546,0.0375,0.0251,0.0062
ac_5dB,4-182613-A-11.wav,0.0056,0.0047,0.0195,0.0055,0.0017,0.0255,0.0188,0.0040,0.0594,0.0016
ac_5dB,4-182613-B-11.wav,0.0026,0.0038,0.0042,0.0044,0.0015,0.0149,0.0115,0.0086,0.0525,0.0023
ac_5dB,4-182795-A-14.wav,0.0132,0.0042,0.0044,0.0241,0.0037,0.0100,0.0049,0.0032,0.0814,0.0020
ac_5dB,4-182839-A-17.wav,0.0034,0.0030,0.0080,0.0054,0.0007,0.0033,0.0010,0.0008,0.0361,0.0006
ac_5dB,4-183487-A-1.wav,0.0103,0.0098,0.0086,0.0142,0.0082,0.0388,0.0148,0.0105,0.0355,0.0050
ac_5dB,4-183882-A-28.wav,0.8727,0.0084,0.1534,0.8922,0.0071,0.0098,0.0168,0.0149,0.0172,0.0011
ac_5dB,4-183882-B-28.wav,0.8972,0.0976,0.1356,0.9133,0.0320,0.0336,0.0069,0.0112,0.0376,0.0051
ac_5dB,4-183992-A-0.wav,0.0039,0.0102,0.0105,0.0116,0.0081,0.0080,0.7154,0.0024,0.0470,0.0029
ac_5dB,4-184235-A-28.wav,0.6305,0.0131,0.0096,0.4901,0.0079,0.0264,0.0164,0.0081,0.0949,0.0066
ac_5dB,4-184237-A-28.wav,0.9306,0.0084,0.0087,0.8829,0.0152,0.0176,0.0109,0.0131,0.0123,0.0039
ac_5dB,4-184434-A-21.wav,0.0099,0.7925,0.0308,0.0461,0.3776,0.1349,0.0128,0.0183,0.0849,0.0085
ac_5dB,4-184575-A-0.wav,0.0007,0.0008,0.0078,0.0018,0.0008,0.0025,0.7281,0.0011,0.0172,0.0000
ac_5dB,4-185415-A-21.wav,0.0107,0.7345,0.0050,0.1231,0.4443,0.0151,0.0126,0.0053,0.0272,0.0035
ac_5dB,4-185575-A-20.wav,0.0292,0.0152,0.1434,0.0813,0.0074,0.1919,0.0075,0.0035,0.0274,0.0013
ac_5dB,4-185575-B-20.wav,0.0044,0.1684,0.2445,0.0086,0.0053,0.2277,0.0526,0.0029,0.0344,0.0004
ac_5dB,4-185575-C-20.wav,0.0118,0.1687,0.5253,0.0378,0.0296,0.3591,0.0184,0.0060,0.2299,0.0028
ac_5dB,4-185613-A-32.wav,0.0010,0.0034,0.0130,0.0016,0.0005,0.0092,0.0041,0.0004,0.0198,0.0006
ac_5dB,4-185619-A-21.wav,0.0126,0.2942,0.1599,0.1889,0.8334,0.0353,0.0047,0.0064,0.0170,0.0195
ac_5dB,4-186518-A-30.wav,0.0072,0.0050,0.0111,0.0084,0.0045,0.0181,0.0145,0.0215,0.0250,0.0030
ac_5dB,4-186693-A-17.wav,0.0020,0.0177,0.0022,0.0023,0.0008,0.0165,0.0053,0.0008,0.0080,0.0077
ac_5dB,4-186935-A-44.wav,0.0016,0.0012,0.0078,0.0019,0.0005,0.0052,0.0044,0.0034,0.1047,0.0044
ac_5dB,4-186936-A-44.wav,0.0005,0.0006,0.0093,0.0010,0.0001,0.0036,0.0017,0.0137,0.0136,0.0081
ac_5dB,4-186938-A-44.wav,0.0061,0.0070,0.0029,0.0093,0.0032,0.0192,0.0093,0.0077,0.0251,0.0034
ac_5dB,4-186940-A-44.wav,0.0034,0.0030,0.0059,0.0044,0.0026,0.0137,0.0071,0.0054,0.1520,0.0010
ac_5dB,4-186962-A-44.wav,0.0006,0.0009,0.0077,0.0027,0.0005,0.0069,0.0023,0.0033,0.0207,0.0026
ac_5dB,4-187284-A-30.wav,0.0103,0.0030,0.0104,0.0113,0.0022,0.0082,0.0053,0.0387,0.0726,0.0015
ac_5dB,4-187384-A-34.wav,0.0048,0.0051,0.0120,0.0064,0.0032,0.0276,0.0060,0.0083,0.0611,0.0028
ac_5dB,4-187504-A-17.wav,0.0031,0.0143,0.0083,0.0069,0.0020,0.0102,0.0045,0.0017,0.0327,0.0029
ac_5dB,4-187504-B-17.wav,0.0174,0.0064,0.0080,0.0097,0.0023,0.0150,0.0034,0.0058,0.0526,0.0024
ac_5dB,4-187769-A-14.wav,0.0241,0.0298,0.0232,0.0302,0.0202,0.0210,0.0264,0.0183,0.1280,0.0363
ac_5dB,4-187769-B-14.wav,0.0042,0.0101,0.0053,0.0103,0.0044,0.0114,0.0253,0.0029,0.0598,0.0068
ac_5dB,4-188003-A-34.wav,0.0049,0.0023,0.0657,0.0092,0.0029,0.0074,0.0070,0.0083,0.0207,0.0008
ac_5dB,4-188033-A-38.wav,0.0052,0.0023,0.0049,0.0097,0.0015,0.0095,0.0044,0.0313,0.0163,0.0018
ac_5dB,4-188191-A-29.wav,0.3326,0.0219,0.0109,0.3042,0.0044,0.0210,0.0086,0.0079,0.0445,0.0030
ac_5dB,4-188191-B-29.wav,0.4888,0.0085,0.0106,0.3949,0.0043,0.0108,0.0243,0.0051,0.0219,0.0028
ac_5dB,4-188191-C-29.wav,0.0171,0.0276,0.2934,0.0256,0.0098,0.0226,0.0176,0.0144,0.0650,0.0039
ac_5dB,4-188287-A-9.wav,0.0002,0.0017,0.0021,0.0002,0.0004,0.0024,0.0111,0.0003,0.0396,0.0001
ac_5dB,4-188293-A-15.wav,0.0177,0.0166,0.0044,0.0337,0.0083,0.0163,0.0101,0.0029,0.0294,0.0009
ac_5dB,4-188293-B-15.wav,0.0039,0.0045,0.0054,0.0069,0.0029,0.0114,0.0046,0.0073,0.0496,0.0036
ac_5dB,4-188595-A-29.wav,0.2138,0.1030,0.0615,0.6765,0.0833,0.0966,0.0312,0.0406,0.0262,0.0090
ac_5dB,4-188703-A-8.wav,0.0073,0.0050,0.0208,0.0108,0.0062,0.0249,0.0145,0.0188,0.1160,0.0035
ac_5dB,4-188703-B-8.wav,0.0031,0.0012,0.0446,0.0049,0.0011,0.0093,0.0048,0.0123,0.0385,0.0006
ac_5dB,4-188703-C-8.wav,0.0018,0.0030,0.0173,0.0034,0.0013,0.0061,0.0216,0.0019,0.0741,0.0003
ac_5dB,4-188703-D-8.wav,0.0026,0.0117,0.0363,0.0092,0.0097,0.0316,0.0101,0.0151,0.0726,0.0019
ac_5dB,4-188878-A-30.wav,0.0172,0.0091,0.0024,0.0285,0.0042,0.0134,0.0123,0.0412,0.0268,0.0037
ac_5dB,4-189332-A-37.wav,0.0003,0.0001,0.0110,0.0008,0.0001,0.0015,0.0006,0.0011,0.0211,0.0007
ac_5dB,4-189828-A-22.wav,0.0009,0.0007,0.0190,0.0014,0.0007,0.0206,0.0015,0.0045,0.0147,0.0022
ac_5dB,4-189830-A-22.wav,0.0033,0.0017,0.4103,0.0050,0.0007,0.0222,0.0012,0.0120,0.0118,0.0011
ac_5dB,4-189832-A-22.wav,0.0024,0.0018,0.0189,0.0042,0.0022,0.0181,0.0014,0.0058,0.0230,0.0021
ac_5dB,4-189832-B-22.wav,0.0011,0.0014,0.0163,0.0023,0.0009,0.0217,0.0019,0.0031,0.0111,0.0012
ac_5dB,4-189833-A-22.wav,0.0018,0.0011,0.0251,0.0032,0.0010,0.0118,0.0024,0.0035,0.0150,0.0012
ac_5dB,4-189836-A-22.wav,0.0010,0.0017,0.0146,0.0019,0.0009,0.0106,0.0011,0.0054,0.0234,0.0048
ac_5dB,4-189838-A-22.wav,0.0010,0.0019,0.0338,0.0024,0.0012,0.0239,0.0012,0.0079,0.0081,0.0029
ac_5dB,4-191015-A-43.wav,0.0051,0.0029,0.0147,0.0104,0.0035,0.0338,0.0065,0.0073,0.2336,0.0054
ac_5dB,4-191246-A-7.wav,0.0011,0.0028,0.1122,0.0040,0.0038,0.0210,0.0059,0.0039,0.0042,0.0127
ac_5dB,4-191246-B-7.wav,0.0064,0.0133,0.0490,0.0141,0.0172,0.0829,0.0058,0.0483,0.0334,0.0035
ac_5dB,4-191297-A-28.wav,0.9683,0.0032,0.0107,0.9658,0.0021,0.0219,0.0097,0.0042,0.0559,0.0018
ac_5dB,4-191327-A-38.wav,0.1661,0.0156,0.0103,0.3226,0.0298,0.0129,0.0072,0.0069,0.0238,0.0109
ac_5dB,4-191687-A-0.wav,0.0037,0.0055,0.0227,0.0127,0.0029,0.0050,0.5105,0.0028,0.1156,0.0012
ac_5dB,4-192068-A-31.wav,0.0063,0.0027,0.0054,0.0061,0.0079,0.0026,0.0101,0.0034,0.0123,0.0062
ac_5dB,4-192236-A-0.wav,0.0045,0.0201,0.0120,0.0169,0.0294,0.0331,0.6967,0.0039,0.0778,0.0020
ac_5dB,4-193480-A-40.wav,0.0071,0.0009,0.0046,0.0105,0.0011,0.0050,0.0051,0.0014,0.0168,0.0008
ac_5dB,4-193480-B-40.wav,0.0165,0.0029,0.0057,0.0228,0.0023,0.0199,0.0071,0.0061,0.0744,0.0012
ac_5dB,4-194246-A-13.wav,0.0065,0.0040,0.0129,0.0140,0.0050,0.0269,0.0054,0.0036,0.0852,0.0021
ac_5dB,4-194680-A-36.wav,0.0268,0.0110,0.0262,0.0482,0.0124,0.0200,0.0149,0.0306,0.0118,0.0140
ac_5dB,4-194711-A-38.wav,0.0025,0.0055,0.0034,0.0037,0.0049,0.0140,0.0150,0.0084,0.0239,0.0020
ac_5dB,4-194754-A-0.wav,0.0102,0.0081,0.0123,0.0239,0.0104,0.0171,0.7612,0.0056,0.0818,0.0016
ac_5dB,4-194808-A-29.wav,0.0204,0.0252,0.0192,0.1738,0.0300,0.0141,0.0053,0.0051,0.0115,0.0092
ac_5dB,4-194979-A-25.wav,0.0080,0.0051,0.0178,0.0099,0.0052,0.0205,0.0100,0.0119,0.0302,0.0066
ac_5dB,4-194981-A-25.wav,0.0059,0.0053,0.0059,0.0157,0.0021,0.0041,0.0064,0.0225,0.0194,0.0034
ac_5dB,4-195305-A-31.wav,0.0060,0.0006,0.0046,0.0078,0.0014,0.0019,0.0066,0.0008,0.1114,0.0050
ac_5dB,4-195451-A-44.wav,0.0006,0.0012,0.0151,0.0023,0.0014,0.0084,0.0039,0.0011,0.0310,0.0015
ac_5dB,4-195497-A-11.wav,0.0005,0.0011,0.0066,0.0022,0.0006,0.0094,0.0032,0.0060,0.0074,0.0010
ac_5dB,4-195497-B-11.wav,0.0021,0.0018,0.0088,0.0055,0.0016,0.0166,0.0051,0.0032,0.0320,0.0022
ac_5dB,4-195707-A-13.wav,0.0066,0.0050,0.0052,0.0162,0.0083,0.0203,0.0171,0.0215,0.0670,0.0062
ac_5dB,4-195805-A-13.wav,0.0036,0.0011,0.0065,0.0066,0.0019,0.0042,0.0075,0.0027,0.0617,0.0018
ac_5dB,4-196671-A-8.wav,0.0682,0.0001,0.0119,0.0287,0.0007,0.0016,0.0036,0.0027,0.0081,0.0003
ac_5dB,4-196671-B-8.wav,0.0002,0.0001,0.0118,0.0004,0.0001,0.0006,0.0005,0.0018,0.0202,0.0003
ac_5dB,4-196672-A-8.wav,0.0030,0.0005,0.0179,0.0034,0.0004,0.0028,0.0043,0.0093,0.0154,0.0019
ac_5dB,4-197103-A-6.wav,0.0185,0.0089,0.0249,0.0323,0.0064,0.0196,0.0772,0.0030,0.0255,0.0025
ac_5dB,4-197454-A-28.wav,0.9112,0.0131,0.0166,0.9117,0.0131,0.0292,0.0148,0.0142,0.1084,0.0033
ac_5dB,4-197454-B-28.wav,0.8657,0.0036,0.0136,0.7992,0.0039,0.0115,0.0099,0.0124,0.0153,0.0019
ac_5dB,4-197871-A-15.wav,0.0162,0.0134,0.0026,0.0170,0.0049,0.0122,0.0149,0.0129,0.0747,0.0027
ac_5dB,4-198025-A-23.wav,0.2044,0.0335,0.0117,0.7231,0.1022,0.0421,0.0039,0.0186,0.0316,0.0063
ac_5dB,4-198360-A-49.wav,0.0054,0.0002,0.0085,0.0864,0.0002,0.0027,0.0005,0.0003,0.0201,0.0007
ac_5dB,4-198360-B-49.wav,0.0035,0.0057,0.0228,0.0147,0.0096,0.0163,0.0048,0.1126,0.0572,0.0078
ac_5dB,4-198360-C-49.wav,0.0050,0.0093,0.0061,0.0073,0.0084,0.0111,0.0049,0.0430,0.0287,0.0082
ac_5dB,4-198841-A-37.wav,0.0020,0.0005,0.0169,0.0022,0.0020,0.0125,0.0024,0.0016,0.0644,0.0007
ac_5dB,4-198962-A-25.wav,0.0117,0.0051,0.0049,0.0170,0.0026,0.0151,0.0057,0.0574,0.0815,0.0072
ac_5dB,4-198962-B-25.wav,0.0171,0.0056,0.0070,0.0180,0.0047,0.0068,0.0135,0.1011,0.0183,0.0066
ac_5dB,4-198965-A-38.wav,0.0014,0.0016,0.0070,0.0018,0.0013,0.0124,0.0018,0.0097,0.0319,0.0024
ac_5dB,4-199261-A-0.wav,0.0009,0.0008,0.0098,0.0019,0.0011,0.0248,0.3054,0.0022,0.0186,0.0003
ac_5dB,4-200330-A-6.wav,0.0015,0.0013,0.0326,0.0018,0.0007,0.0140,0.0081,0.0048,0.0073,0.0021
ac_5dB,4-200330-B-6.wav,0.0038,0.0126,0.0851,0.0032,0.0046,0.0057,0.0019,0.0079,0.0188,0.0004
ac_5dB,4-201300-A-31.wav,0.0176,0.0063,0.0081,0.0171,0.0104,0.0215,0.0145,0.0247,0.1735,0.0192
ac_5dB,4-201800-A-31.wav,0.0069,0.0022,0.0171,0.0091,0.0025,0.0202,0.0067,0.0075,0.1075,0.0016
ac_5dB,4-201988-A-44.wav,0.0018,0.0038,0.0027,0.0041,0.0020,0.0073,0.0090,0.0024,0.0468,0.0025
ac_5dB,4-202298-A-31.wav,0.0116,0.0046,0.0095,0.0207,0.0016,0.0040,0.0046,0.0021,0.0228,0.0021
ac_5dB,4-202749-A-13.wav,0.0098,0.0014,0.0130,0.0114,0.0022,0.0073,0.0063,0.0183,0.0355,0.0035
ac_5dB,4-204115-A-39.wav,0.0156,0.0092,0.0073,0.0240,0.0247,0.0363,0.0163,0.0263,0.0193,0.1271
ac_5dB,4-204119-A-39.wav,0.0113,0.0048,0.0129,0.0125,0.0081,0.0148,0.0287,0.0180,0.0909,0.0114
ac_5dB,4-204121-A-39.wav,0.0074,0.0047,0.0076,0.0162,0.0059,0.0168,0.0106,0.0089,0.0302,0.0108
ac_5dB,4-204123-A-39.wav,0.0222,0.0156,0.0022,0.0628,0.0164,0.0135,0.0137,0.0160,0.0440,0.3060
ac_5dB,4-204202-A-29.wav,0.0406,0.0387,0.0130,0.1323,0.0345,0.0297,0.0049,0.0037,0.0313,0.0119
ac_5dB,4-204612-A-31.wav,0.0155,0.0065,0.0056,0.0140,0.0212,0.0151,0.0173,0.0133,0.0306,0.0077
ac_5dB,4-204618-A-11.wav,0.0078,0.0023,0.0188,0.0090,0.0011,0.0229,0.0064,0.0015,0.0244,0.0009
ac_5dB,4-204683-A-31.wav,0.0056,0.0103,0.0115,0.0174,0.0075,0.0078,0.0161,0.0030,0.0924,0.0046
ac_5dB,4-204684-A-37.wav,0.0004,0.0005,0.0046,0.0013,0.0005,0.0015,0.0020,0.0012,0.0355,0.0004
ac_5dB,4-204777-A-39.wav,0.0005,0.0003,0.0042,0.0053,0.0006,0.0020,0.0007,0.0003,0.0131,0.9999
ac_5dB,4-204777-B-39.wav,0.0071,0.0158,0.0286,0.0208,0.0154,0.0241,0.0070,0.0294,0.0098,0.9992
ac_5dB,4-204777-C-39.wav,0.0101,0.0026,0.0130,0.0091,0.0079,0.0118,0.0335,0.0114,0.1690,0.9999
ac_5dB,4-204830-A-6.wav,0.0008,0.0009,0.0083,0.0012,0.0006,0.0022,0.0025,0.0005,0.0257,0.0004
ac_5dB,4-205526-A-23.wav,0.2181,0.0228,0.0035,0.7487,0.0462,0.0115,0.0062,0.0112,0.0406,0.0052
ac_5dB,4-205526-B-23.wav,0.1414,0.0255,0.0094,0.5180,0.0172,0.0156,0.0025,0.0065,0.0203,0.0034
ac_5dB,4-205738-A-22.wav,0.0011,0.0005,0.0430,0.0020,0.0002,0.0215,0.0015,0.0008,0.0188,0.0019
ac_5dB,4-207116-A-23.wav,0.7136,0.0147,0.0190,0.7265,0.0158,0.0270,0.0251,0.0179,0.0266,0.0012
ac_5dB,4-207124-A-0.wav,0.0052,0.0039,0.0096,0.0111,0.0044,0.0096,0.7479,0.0031,0.0919,0.0009
ac_5dB,4-208021-A-1.wav,0.0041,0.0100,0.0121,0.0136,0.0032,0.0126,0.0184,0.0044,0.0134,0.0115
ac_5dB,4-209536-A-37.wav,0.0026,0.0004,0.0164,0.0026,0.0007,0.0080,0.0023,0.0039,0.0589,0.0019
ac_5dB,4-209698-A-37.wav,0.0096,0.0110,0.0208,0.0340,0.0103,0.0403,0.0835,0.0110,0.0346,0.0082
ac_5dB,4-210000-A-23.wav,0.6272,0.0099,0.0094,0.9017,0.0234,0.0229,0.0157,0.0102,0.1799,0.0033
ac_5dB,4-210000-B-23.wav,0.3472,0.0051,0.0219,0.8890,0.0250,0.0081,0.0088,0.0087,0.0496,0.0015
ac_5dB,4-210309-A-31.wav,0.0195,0.0186,0.0025,0.0317,0.0121,0.0272,0.0215,0.0080,0.0330,0.0023
ac_5dB,4-210593-A-29.wav,0.0749,0.0050,0.0186,0.0651,0.0037,0.0152,0.0155,0.0084,0.0242,0.0027
ac_5dB,4-211502-A-30.wav,0.0223,0.0098,0.0087,0.0332,0.0101,0.0169,0.0148,0.0158,0.0762,0.0369
ac_5dB,4-212604-A-15.wav,0.0061,0.0036,0.0028,0.0067,0.0009,0.0098,0.0024,0.0035,0.1329,0.0004
ac_5dB,4-212604-B-15.wav,0.0050,0.0044,0.0021,0.0037,0.0013,0.0072,0.0054,0.0010,0.0113,0.0024
ac_5dB,4-212604-C-15.wav,0.0144,0.0170,0.0050,0.0176,0.0059,0.0143,0.0111,0.0071,0.0235,0.0085
ac_5dB,4-212698-A-39.wav,0.0055,0.0048,0.0097,0.0099,0.0037,0.0207,0.0053,0.0133,0.0497,0.0049
ac_5dB,4-212728-A-34.wav,0.0236,0.0256,0.0128,0.0393,0.0239,0.0210,0.0152,0.0197,0.0369,0.0126
ac_5dB,4-213193-A-29.wav,0.0032,0.0100,0.0064,0.0040,0.0065,0.0062,0.0091,0.0094,0.0998,0.0012
ac_5dB,4-213915-A-3.wav,0.0065,0.0008,0.0315,0.0066,0.0011,0.0039,0.0088,0.0017,0.0155,0.0006
ac_5dB,4-213915-B-3.wav,0.0073,0.0006,0.0156,0.0093,0.0005,0.0034,0.0010,0.0004,0.0074,0.0001
ac_5dB,4-213915-C-3.wav,0.0051,0.0015,0.0150,0.0071,0.0027,0.0129,0.0053,0.0015,0.0549,0.0005
ac_5dB,4-215635-A-34.wav,0.0101,0.0086,0.0055,0.0169,0.0040,0.0190,0.0132,0.0062,0.0385,0.0071
ac_5dB,4-216211-A-14.wav,0.0072,0.0062,0.0616,0.0136,0.0043,0.0268,0.0159,0.0039,0.0615,0.0014
ac_5dB,4-216349-A-34.wav,0.0057,0.0021,0.0052,0.0047,0.0017,0.0108,0.0037,0.0043,0.0506,0.0010
ac_5dB,4-218199-A-35.wav,0.0080,0.0065,0.0147,0.0099,0.0104,0.0149,0.0260,0.0274,0.0268,0.0043
ac_5dB,4-218199-B-35.wav,0.0038,0.0018,0.0085,0.0061,0.0020,0.0058,0.0059,0.0887,0.0201,0.0063
ac_5dB,4-218199-C-35.wav,0.0027,0.0039,0.0233,0.0048,0.0019,0.0093,0.0030,0.0029,0.0474,0.0061
ac_5dB,4-218199-D-35.wav,0.0020,0.0012,0.0109,0.0030,0.0013,0.0088,0.0020,0.0019,0.0764,0.0020
ac_5dB,4-218199-E-35.wav,0.0394,0.0021,0.0215,0.0233,0.0021,0.0095,0.0014,0.0026,0.0548,0.0025
ac_5dB,4-218199-F-35.wav,0.0115,0.0047,0.0066,0.0105,0.0044,0.0069,0.0075,0.0611,0.0358,0.0061
ac_5dB,4-218199-G-35.wav,0.0122,0.0052,0.0266,0.0193,0.0061,0.0234,0.0043,0.0051,0.0849,0.0051
ac_5dB,4-218199-H-35.wav,0.0013,0.0003,0.0045,0.0012,0.0006,0.0009,0.0028,0.0065,0.0295,0.0004
ac_5dB,4-218304-A-25.wav,0.0149,0.0046,0.0035,0.0196,0.0040,0.0189,0.0056,0.0119,0.0442,0.0023
ac_5dB,4-218304-B-25.wav,0.0135,0.0050,0.0046,0.0184,0.0038,0.0159,0.0152,0.0062,0.0376,0.0011
ac_5dB,4-223125-A-14.wav,0.0045,0.0048,0.0089,0.0099,0.0033,0.0095,0.0043,0.0044,0.0532,0.0147
ac_5dB,4-223127-A-14.wav,0.0124,0.0053,0.0058,0.0361,0.0102,0.0173,0.0081,0.0080,0.0580,0.0034
ac_5dB,4-232495-A-6.wav,0.0007,0.0140,0.0793,0.0063,0.0031,0.4989,0.0181,0.0010,0.0121,0.0008
ac_5dB,4-234644-A-2.wav,0.0179,0.0039,0.0785,0.0078,0.0069,0.0524,0.0028,0.0023,0.0114,0.0009
ac_5dB,4-234879-A-6.wav,0.0046,0.0043,0.0152,0.0070,0.0019,0.0097,0.0132,0.0019,0.0364,0.0016
ac_5dB,4-244318-A-6.wav,0.0276,0.0107,0.0075,0.0227,0.0047,0.0154,0.0189,0.0090,0.0300,0.0020
ac_5dB,4-250864-A-8.wav,0.0013,0.0011,0.0284,0.0046,0.0005,0.0064,0.0010,0.0043,0.0212,0.0032
ac_5dB,4-250869-A-2.wav,0.1260,0.0157,0.1000,0.1362,0.0091,0.1136,0.0137,0.0138,0.0264,0.0025
ac_5dB,4-250869-B-2.wav,0.0207,0.0031,0.2501,0.1656,0.0168,0.0095,0.0116,0.0014,0.0095,0.0028
ac_5dB,4-250869-C-2.wav,0.0136,0.0034,0.0414,0.0201,0.0014,0.0131,0.0230,0.0019,0.0128,0.0088
ac_5dB,4-251645-A-49.wav,0.0206,0.0026,0.0117,0.0719,0.0057,0.0035,0.0075,0.0003,0.0193,0.0007
ac_5dB,4-251645-B-49.wav,0.0079,0.0047,0.0257,0.0264,0.0021,0.0056,0.0089,0.0016,0.0114,0.0014
ac_5dB,4-251959-A-47.wav,0.0174,0.0015,0.0081,0.0111,0.0014,0.0138,0.0078,0.0032,0.1060,0.0033
ac_5dB,4-253649-A-6.wav,0.0026,0.0044,0.0093,0.0030,0.0024,0.0054,0.0111,0.0053,0.0119,0.0013
ac_5dB,4-255371-A-47.wav,0.0071,0.0021,0.0047,0.0097,0.0007,0.0029,0.0259,0.0058,0.0237,0.0005
ac_5dB,4-261068-A-30.wav,0.0168,0.0045,0.0048,0.0264,0.0022,0.0125,0.0067,0.0179,0.0339,0.0047
ac_5dB,4-264453-A-34.wav,0.0055,0.0081,0.0144,0.0082,0.0059,0.0136,0.0062,0.0057,0.0451,0.0034
ac_5dB,4-59579-A-20.wav,0.0019,0.0024,0.0430,0.0031,0.0067,0.1693,0.0018,0.0021,0.0230,0.0009
ac_5dB,4-59579-B-20.wav,0.0061,0.0043,0.0532,0.0299,0.0044,0.6600,0.0038,0.0055,0.1051,0.0014
ac_5dB,4-67358-A-42.wav,0.0010,0.0013,0.0058,0.0017,0.0005,0.0090,0.0031,0.0014,0.0834,0.0012
ac_5dB,4-80761-A-42.wav,0.0076,0.0016,0.0043,0.0171,0.0008,0.0051,0.0069,0.0057,0.0810,0.0008
ac_5dB,4-90014-A-42.wav,0.0006,0.0001,0.0036,0.0013,0.0003,0.0025,0.0015,0.0018,0.2481,0.0002
ac_5dB,4-90014-B-42.wav,0.0043,0.0020,0.0105,0.0071,0.0134,0.0364,0.0046,0.0041,0.3748,0.0015
ac_5dB,4-99193-A-4.wav,0.0028,0.0004,0.0076,0.0057,0.0013,0.0090,0.0033,0.0010,0.0635,0.0004
ac_5dB,4-99193-B-4.wav,0.0024,0.0005,0.0269,0.0051,0.0005,0.0119,0.0029,0.0020,0.0179,0.0010
ac_5dB,4-99644-A-4.wav,0.0075,0.0019,0.0413,0.0092,0.0030,0.0075,0.0111,0.0036,0.0240,0.0005
ac_5dB,4-99644-B-4.wav,0.0008,0.0001,0.0057,0.0017,0.0001,0.0032,0.0013,0.0003,0.0044,0.0003
ac_5dB,4-99644-C-4.wav,0.0006,0.0001,0.0057,0.0010,0.0001,0.0041,0.0021,0.0004,0.0066,0.0006
ac_5dB,4-99644-D-4.wav,0.0040,0.0026,0.3346,0.0048,0.0081,0.0111,0.0039,0.0068,0.0506,0.0007
ac_5dB,5-103415-A-2.wav,0.0044,0.0022,0.0099,0.0058,0.0004,0.0020,0.0079,0.0004,0.0139,0.0012
ac_5dB,5-103416-A-2.wav,0.0072,0.0030,0.0802,0.0251,0.0023,0.0124,0.0033,0.0095,0.0530,0.0035
ac_5dB,5-103418-A-2.wav,0.1180,0.0121,0.0402,0.1021,0.0162,0.0206,0.0403,0.0121,0.0446,0.0048
ac_5dB,5-103420-A-2.wav,0.0101,0.0099,0.0176,0.0138,0.0094,0.0154,0.0144,0.0321,0.0474,0.0052
ac_5dB,5-103421-A-2.wav,0.0082,0.0016,0.0144,0.0102,0.0011,0.0172,0.0016,0.0015,0.0689,0.0010
ac_5dB,5-103422-A-2.wav,0.1032,0.0034,0.0288,0.1722,0.0027,0.0105,0.0149,0.0117,0.0129,0.0022
ac_5dB,5-117118-A-42.wav,0.0010,0.0001,0.0075,0.0014,0.0003,0.0070,0.0018,0.0022,0.1563,0.0001
ac_5dB,5-117120-A-42.wav,0.0007,0.0013,0.0100,0.0021,0.0006,0.0096,0.0034,0.0011,0.3042,0.0020
ac_5dB,5-117122-A-42.wav,0.0014,0.0002,0.0256,0.0024,0.0005,0.0028,0.0019,0.0022,0.0860,0.0002
ac_5dB,5-117250-A-2.wav,0.0064,0.0047,0.0078,0.0103,0.0023,0.0161,0.0096,0.0048,0.0642,0.0018
ac_5dB,5-117773-A-16.wav,0.0084,0.0042,0.0094,0.0128,0.0042,0.0265,0.0060,0.0107,0.0703,0.0026
ac_5dB,5-127990-A-2.wav,0.0179,0.0134,0.1203,0.0262,0.0179,0.1486,0.0496,0.0067,0.0352,0.0012
ac_5dB,5-133989-A-42.wav,0.0012,0.0007,0.0071,0.0023,0.0004,0.0125,0.0044,0.0014,0.3302,0.0015
ac_5dB,5-133989-B-42.wav,0.0009,0.0018,0.0148,0.0015,0.0015,0.0084,0.0041,0.0031,0.0990,0.0004
ac_5dB,5-141683-A-35.wav,0.0141,0.0063,0.0046,0.0160,0.0029,0.0115,0.0114,0.0085,0.0935,0.0057
ac_5dB,5-147297-A-27.wav,0.0529,0.0007,0.0065,0.1816,0.0008,0.0079,0.0048,0.0003,0.0217,0.0026
ac_5dB,5-150409-A-42.wav,0.0041,0.0008,0.0214,0.0061,0.0010,0.0090,0.0097,0.0043,0.1538,0.0061
ac_5dB,5-151085-A-20.wav,0.0163,0.0044,0.0377,0.0379,0.0049,0.0477,0.0005,0.0035,0.0110,0.0017
ac_5dB,5-156026-A-4.wav,0.1155,0.0038,0.0286,0.0925,0.0038,0.0130,0.0106,0.0207,0.0160,0.0380
ac_5dB,5-156026-B-4.wav,0.0115,0.0057,0.0460,0.0121,0.0068,0.0150,0.0995,0.0280,0.0755,0.0016
ac_5dB,5-156026-C-4.wav,0.0095,0.0051,0.0100,0.0114,0.0039,0.0242,0.0074,0.0074,0.0590,0.0019
ac_5dB,5-156026-D-4.wav,0.0263,0.0025,0.0113,0.0319,0.0023,0.0101,0.0038,0.0135,0.0081,0.0040
ac_5dB,5-156698-A-18.wav,0.0015,0.0016,0.0133,0.0037,0.0029,0.0165,0.0030,0.0026,0.0132,0.0044
ac_5dB,5-156999-A-19.wav,0.0010,0.0009,0.0128,0.0027,0.0015,0.0076,0.0029,0.0850,0.0061,0.0086
ac_5dB,5-156999-B-19.wav,0.0115,0.0046,0.0127,0.0143,0.0064,0.0260,0.0190,0.0198,0.1116,0.0124
ac_5dB,5-156999-C-19.wav,0.0020,0.0017,0.0718,0.0043,0.0021,0.0077,0.0041,0.0074,0.0198,0.0064
ac_5dB,5-156999-D-19.wav,0.0068,0.0059,0.0018,0.0109,0.0011,0.0161,0.0120,0.0049,0.0176,0.0014
ac_5dB,5-156999-E-19.wav,0.0046,0.0046,0.0142,0.0093,0.0011,0.0043,0.0037,0.0119,0.0299,0.0564
ac_5dB,5-157204-A-16.wav,0.0155,0.0033,0.0067,0.0200,0.0056,0.0096,0.0051,0.0046,0.0382,0.0079
ac_5dB,5-157204-B-16.wav,0.0276,0.0035,0.0338,0.0239,0.0066,0.0104,0.0080,0.0194,0.0613,0.0064
ac_5dB,5-160551-A-42.wav,0.0007,0.0005,0.0073,0.0015,0.0007,0.0116,0.0016,0.0013,0.0670,0.0002
ac_5dB,5-160614-A-48.wav,0.0087,0.0021,0.0046,0.0102,0.0007,0.0143,0.0105,0.0053,0.0342,0.0005
ac_5dB,5-160614-B-48.wav,0.0024,0.0018,0.0059,0.0039,0.0007,0.0279,0.0047,0.0029,0.0110,0.0014
ac_5dB,5-160614-C-48.wav,0.0026,0.0076,0.0073,0.0067,0.0085,0.0242,0.0153,0.0123,0.0107,0.0018
ac_5dB,5-160614-D-48.wav,0.0027,0.0014,0.0057,0.0058,0.0013,0.0089,0.0201,0.0032,0.0369,0.0027
ac_5dB,5-160614-E-48.wav,0.0180,0.0162,0.0462,0.0348,0.0097,0.0335,0.0079,0.0015,0.0265,0.0025
ac_5dB,5-160614-F-48.wav,0.0012,0.0004,0.0113,0.0027,0.0006,0.0068,0.0041,0.0041,0.0460,0.0006
ac_5dB,5-160614-G-48.wav,0.0018,0.0025,0.0147,0.0052,0.0026,0.0165,0.0094,0.0098,0.0426,0.0031
ac_5dB,5-160614-H-48.wav,0.0028,0.0021,0.0083,0.0075,0.0015,0.0092,0.0040,0.0031,0.0092,0.0013
ac_5dB,5-161270-A-33.wav,0.3744,0.0025,0.0141,0.3684,0.0054,0.0170,0.0194,0.0194,0.0252,0.0115
ac_5dB,5-161270-B-33.wav,0.3521,0.0030,0.0066,0.3275,0.0037,0.0441,0.0095,0.0060,0.0322,0.0094
ac_5dB,5-169983-A-5.wav,0.0055,0.0249,0.0527,0.0132,0.0112,0.0429,0.0610,0.0040,0.4519,0.0019
ac_5dB,5-170338-A-41.wav,0.2975,0.0031,0.0268,0.3285,0.0036,0.0260,0.0053,0.0129,0.1353,0.0021
ac_5dB,5-170338-B-41.wav,0.0029,0.0032,0.0096,0.0054,0.0014,0.0031,0.0033,0.0006,0.0387,0.0030
ac_5dB,5-171118-A-26.wav,0.0437,0.0156,0.0615,0.0524,0.0343,0.3660,0.0451,0.0152,0.0758,0.0028
ac_5dB,5-171653-A-41.wav,0.6938,0.0014,0.0031,0.5849,0.0006,0.0030,0.0017,0.0053,0.0140,0.0034
ac_5dB,5-172299-A-5.wav,0.0010,0.0005,0.0536,0.0010,0.0003,0.0030,0.0065,0.0005,0.0392,0.0002
ac_5dB,5-172639-A-5.wav,0.0284,0.0069,0.0565,0.1584,0.0034,0.0250,0.0049,0.0022,0.0160,0.0031
ac_5dB,5-173568-A-33.wav,0.0084,0.0040,0.0109,0.0158,0.0061,0.0175,0.0094,0.0104,0.4883,0.0773
ac_5dB,5-177034-A-18.wav,0.0113,0.0379,0.0147,0.0293,0.0411,0.0115,0.0059,0.0048,0.0915,0.0079
ac_5dB,5-177614-A-5.wav,0.0079,0.0025,0.0549,0.0075,0.0021,0.0219,0.0119,0.0047,0.1460,0.0020
ac_5dB,5-177779-A-33.wav,0.0207,0.0024,0.0043,0.0251,0.0041,0.0080,0.0049,0.0134,0.0194,0.0102
ac_5dB,5-177957-A-40.wav,0.0073,0.0033,0.0094,0.0176,0.0050,0.0133,0.0048,0.0092,0.0528,0.0091
ac_5dB,5-177957-B-40.wav,0.0129,0.0018,0.0060,0.0124,0.0035,0.0086,0.0147,0.0348,0.0518,0.0018
ac_5dB,5-177957-C-40.wav,0.0086,0.0023,0.0101,0.0133,0.0038,0.0167,0.0074,0.0094,0.0707,0.0014
ac_5dB,5-177957-D-40.wav,0.0086,0.0030,0.0090,0.0151,0.0025,0.0075,0.0046,0.0060,0.0412,0.0002
ac_5dB,5-177957-E-40.wav,0.0067,0.0047,0.0053,0.0171,0.0031,0.0117,0.0092,0.0047,0.0232,0.0009
ac_5dB,5-178997-A-24.wav,0.0205,0.9229,0.0136,0.0582,0.1838,0.0943,0.0080,0.0052,0.0170,0.0090
ac_5dB,5-179294-A-46.wav,0.0015,0.0009,0.0108,0.0043,0.0030,0.0035,0.0044,0.0017,0.0356,0.0016
ac_5dB,5-179496-A-16.wav,0.0041,0.0015,0.0121,0.0124,0.0025,0.0126,0.0093,0.0071,0.1388,0.0079
ac_5dB,5-179496-B-16.wav,0.0019,0.0004,0.0086,0.0034,0.0013,0.0074,0.0040,0.0022,0.0478,0.0103
ac_5dB,5-179860-A-43.wav,0.0085,0.0093,0.0054,0.0230,0.0116,0.0107,0.0088,0.0101,0.9232,0.0107
ac_5dB,5-179863-A-43.wav,0.0049,0.0041,0.0163,0.0091,0.0037,0.0225,0.0044,0.0119,0.9847,0.0113
ac_5dB,5-179865-A-43.wav,0.0155,0.0195,0.0128,0.0414,0.0182,0.0208,0.0112,0.0185,0.9111,0.0061
ac_5dB,5-179866-A-43.wav,0.0090,0.0040,0.0119,0.0105,0.0082,0.0189,0.0205,0.0254,0.9732,0.0031
ac_5dB,5-179868-A-43.wav,0.0079,0.0024,0.4715,0.0176,0.0067,0.0137,0.0061,0.0103,0.6097,0.0018
ac_5dB,5-180156-A-43.wav,0.0056,0.0016,0.0083,0.0083,0.0040,0.0233,0.0057,0.0030,0.8571,0.0016
ac_5dB,5-180156-B-43.wav,0.0026,0.0066,0.0146,0.0079,0.0030,0.0060,0.0043,0.0044,0.9660,0.0015
ac_5dB,5-180156-C-43.wav,0.0015,0.0015,0.0142,0.0020,0.0022,0.0065,0.0116,0.0030,0.9189,0.0023
ac_5dB,5-180229-A-27.wav,0.0044,0.0018,0.0225,0.0583,0.0026,0.1872,0.0060,0.0001,0.0158,0.0001
ac_5dB,5-181458-A-33.wav,0.0083,0.0046,0.0135,0.0174,0.0035,0.0057,0.0076,0.0105,0.0487,0.0048
ac_5dB,5-181766-A-10.wav,0.0031,0.0017,0.0087,0.0035,0.0012,0.0253,0.0045,0.0027,0.1102,0.0007
ac_5dB,5-181977-A-35.wav,0.0070,0.0043,0.0238,0.0141,0.0035,0.0104,0.0093,0.0049,0.1076,0.0027
ac_5dB,5-182007-A-36.wav,0.0043,0.0018,0.0115,0.0074,0.0016,0.0064,0.0049,0.0015,0.0282,0.0033
ac_5dB,5-182010-A-36.wav,0.0011,0.0014,0.0041,0.0029,0.0011,0.0105,0.0030,0.0007,0.0492,0.0026
ac_5dB,5-182012-A-36.wav,0.0013,0.0013,0.0096,0.0024,0.0010,0.0108,0.0025,0.0011,0.0406,0.0124
ac_5dB,5-182404-A-18.wav,0.0014,0.0012,0.0093,0.0036,0.0006,0.0080,0.0038,0.0049,0.0155,0.0016
ac_5dB,5-184323-A-42.wav,0.0009,0.0006,0.0098,0.0010,0.0005,0.0049,0.0045,0.0014,0.0594,0.0005
ac_5dB,5-184871-A-24.wav,0.0269,0.9992,0.0471,0.1285,0.2742,0.0729,0.0116,0.0129,0.0538,0.0847
ac_5dB,5-185516-A-27.wav,0.0014,0.0008,0.0033,0.0022,0.0005,0.0037,0.0056,0.0008,0.0132,0.0041
ac_5dB,5-185579-A-41.wav,0.0013,0.0007,0.0262,0.0071,0.0005,0.0051,0.0016,0.0035,0.0256,0.0021
ac_5dB,5-185579-B-41.wav,0.0018,0.0007,0.0092,0.0034,0.0004,0.0069,0.0028,0.0014,0.0269,0.0026
ac_5dB,5-185908-A-18.wav,0.0016,0.0017,0.0533,0.0057,0.0013,0.0189,0.0035,0.0010,0.0093,0.0022
ac_5dB,5-186924-A-12.wav,0.0035,0.0063,0.0357,0.0042,0.0039,0.0116,0.0190,0.0061,0.0170,0.0025
ac_5dB,5-187201-A-4.wav,0.0023,0.0005,0.0071,0.0023,0.0013,0.0073,0.0039,0.0005,0.0606,0.0011
ac_5dB,5-187201-B-4.wav,0.0025,0.0016,0.0772,0.0064,0.0029,0.0145,0.0088,0.0018,0.0205,0.0012
ac_5dB,5-187444-A-33.wav,0.0013,0.0004,0.0262,0.0049,0.0006,0.0036,0.0033,0.0139,0.1110,0.0060
ac_5dB,5-187979-A-21.wav,0.0144,0.8700,0.0135,0.0347,0.7235,0.0142,0.0037,0.0029,0.0322,0.0014
ac_5dB,5-188365-A-36.wav,0.0016,0.0014,0.0080,0.0030,0.0008,0.0130,0.0024,0.0011,0.0270,0.0095
ac_5dB,5-188495-A-19.wav,0.0061,0.0037,0.0082,0.0101,0.0025,0.0112,0.0088,0.0147,0.0828,0.0032
ac_5dB,5-188606-A-33.wav,0.0486,0.0057,0.0146,0.0452,0.0078,0.0256,0.0065,0.0205,0.0662,0.0048
ac_5dB,5-188655-A-10.wav,0.0060,0.0050,0.0056,0.0082,0.0027,0.0352,0.0079,0.0060,0.0352,0.0007
ac_5dB,5-188716-A-46.wav,0.0018,0.0005,0.0040,0.0035,0.0005,0.0067,0.0037,0.0003,0.1026,0.0006
ac_5dB,5-188796-A-45.wav,0.0012,0.0009,0.0161,0.0016,0.0008,0.0136,0.0062,0.0043,0.0348,0.0010
ac_5dB,5-188945-A-45.wav,0.0023,0.0010,0.0096,0.0026,0.0011,0.0128,0.0030,0.0011,0.0874,0.0023
ac_5dB,5-189212-A-12.wav,0.0041,0.0026,0.0061,0.0050,0.0008,0.0085,0.0135,0.0084,0.0246,0.0002
ac_5dB,5-189237-A-12.wav,0.0078,0.0026,0.0012,0.0080,0.0014,0.0072,0.0063,0.0070,0.0139,0.0003
ac_5dB,5-189795-A-4.wav,0.0007,0.0003,0.0059,0.0016,0.0002,0.0039,0.0007,0.0004,0.0209,0.0001
ac_5dB,5-191131-A-40.wav,0.0227,0.0036,0.0106,0.0217,0.0051,0.0120,0.0155,0.0146,0.0564,0.0043
ac_5dB,5-191497-A-33.wav,0.0936,0.0057,0.0628,0.0747,0.0048,0.0414,0.0072,0.0076,0.0407,0.0013
ac_5dB,5-192191-A-19.wav,0.0043,0.0011,0.0055,0.0080,0.0023,0.0117,0.0041,0.0040,0.0307,0.0009
ac_5dB,5-193339-A-10.wav,0.0030,0.0036,0.0062,0.0046,0.0025,0.0290,0.0051,0.0091,0.0295,0.0037
ac_5dB,5-193473-A-12.wav,0.0016,0.0009,0.0072,0.0037,0.0003,0.0106,0.0018,0.0038,0.0430,0.0003
ac_5dB,5-193473-B-12.wav,0.0025,0.0042,0.0053,0.0062,0.0027,0.0160,0.0307,0.0076,0.0103,0.0002
ac_5dB,5-194533-A-21.wav,0.0099,0.3214,0.0172,0.0415,0.9831,0.0287,0.0919,0.0151,0.0676,0.0102
ac_5dB,5-194892-A-10.wav,0.0025,0.0025,0.0134,0.0036,0.0019,0.0178,0.0023,0.0031,0.0435,0.0014
ac_5dB,5-194899-A-3.wav,0.0096,0.0079,0.0237,0.0159,0.0057,0.0155,0.0163,0.0079,0.0711,0.0044
ac_5dB,5-194899-B-3.wav,0.0036,0.0019,0.0941,0.0068,0.0028,0.0137,0.0045,0.0026,0.0260,0.0019
ac_5dB,5-194899-C-3.wav,0.1986,0.0083,0.0202,0.1533,0.0235,0.0157,0.0188,0.0058,0.0530,0.0830
ac_5dB,5-194899-D-3.wav,0.0373,0.0054,0.0108,0.0484,0.0049,0.0168,0.0089,0.0062,0.0732,0.0020
ac_5dB,5-194930-A-1.wav,0.0082,0.0077,0.0069,0.0142,0.0047,0.0165,0.0154,0.0090,0.0430,0.0026
ac_5dB,5-194930-B-1.wav,0.0080,0.0099,0.0083,0.0185,0.0060,0.0226,0.0249,0.0041,0.0168,0.0060
ac_5dB,5-194932-A-7.wav,0.0056,0.0016,0.0194,0.0100,0.0022,0.0037,0.0045,0.0021,0.0175,0.0056
ac_5dB,5-195517-A-7.wav,0.0140,0.0140,0.0159,0.0261,0.0108,0.0412,0.0585,0.0198,0.0190,0.0050
ac_5dB,5-195518-A-7.wav,0.1666,0.0128,0.0332,0.1738,0.0041,0.0088,0.0207,0.0041,0.0635,0.0222
ac_5dB,5-195557-A-19.wav,0.0080,0.0024,0.0093,0.0063,0.0011,0.0066,0.0064,0.0123,0.0061,0.0004
ac_5dB,5-195710-A-10.wav,0.0177,0.0199,0.0150,0.0187,0.0105,0.0368,0.0109,0.0130,0.0470,0.0063
ac_5dB,5-197118-A-45.wav,0.0131,0.0135,0.0097,0.0321,0.0235,0.0231,0.0063,0.0080,0.0631,0.0082
ac_5dB,5-197121-A-45.wav,0.0118,0.0030,0.0208,0.0227,0.0045,0.0244,0.0041,0.0050,0.0347,0.0055
ac_5dB,5-197121-B-45.wav,0.0016,0.0006,0.0076,0.0018,0.0003,0.0053,0.0014,0.0054,0.0617,0.0011
ac_5dB,5-197446-A-7.wav,0.0075,0.0163,0.0135,0.0086,0.0038,0.0185,0.0116,0.0175,0.0464,0.0019
ac_5dB,5-197913-A-18.wav,0.0091,0.0063,0.0084,0.0138,0.0031,0.0051,0.0047,0.0052,0.0066,0.0032
ac_5dB,5-197988-A-46.wav,0.0016,0.0006,0.0065,0.0028,0.0004,0.0044,0.0022,0.0014,0.1133,0.0032
ac_5dB,5-198278-A-7.wav,0.0012,0.0014,0.0123,0.0028,0.0026,0.0062,0.0082,0.0035,0.0108,0.0027
ac_5dB,5-198278-B-7.wav,0.0037,0.0022,0.0142,0.0056,0.0017,0.0040,0.0130,0.0080,0.0151,0.0037
ac_5dB,5-198278-C-7.wav,0.0013,0.0010,0.0344,0.0040,0.0010,0.0044,0.0110,0.0053,0.0058,0.0021
ac_5dB,5-198321-A-10.wav,0.0069,0.0053,0.0215,0.0077,0.0052,0.0372,0.0059,0.0039,0.0593,0.0017
ac_5dB,5-198373-A-46.wav,0.0040,0.0017,0.0222,0.0058,0.0019,0.0138,0.0074,0.0034,0.0353,0.0014
ac_5dB,5-198411-A-20.wav,0.0050,0.0025,0.0668,0.0086,0.0035,0.1586,0.0044,0.0059,0.0188,0.0012
ac_5dB,5-198411-B-20.wav,0.0038,0.0054,0.5981,0.0164,0.0086,0.8860,0.0075,0.0041,0.0081,0.0009
ac_5dB,5-198411-C-20.wav,0.0260,0.0216,0.3968,0.0435,0.0070,0.2093,0.0096,0.0031,0.0836,0.0033
ac_5dB,5-198411-D-20.wav,0.0022,0.0055,0.1101,0.0051,0.0013,0.0881,0.0009,0.0016,0.0096,0.0008
ac_5dB,5-198411-E-20.wav,0.0017,0.0034,0.0649,0.0055,0.0006,0.1620,0.0016,0.0017,0.0142,0.0012
ac_5dB,5-198411-F-20.wav,0.0068,0.0054,0.1159,0.0251,0.0040,0.0634,0.0022,0.0100,0.0067,0.0025
ac_5dB,5-198411-G-20.wav,0.0063,0.0303,0.1377,0.0131,0.0049,0.2770,0.0397,0.0067,0.0381,0.0019
ac_5dB,5-198600-A-45.wav,0.0007,0.0006,0.0097,0.0021,0.0010,0.0048,0.0017,0.0008,0.0223,0.0048
ac_5dB,5-198891-A-8.wav,0.1885,0.0152,0.0101,0.1934,0.0136,0.0207,0.0164,0.0364,0.0907,0.0072
ac_5dB,5-198891-B-8.wav,0.0095,0.0014,0.0052,0.0106,0.0326,0.0031,0.0007,0.0013,0.0147,0.0006
ac_5dB,5-198891-C-8.wav,0.1037,0.0017,0.0155,0.0594,0.0035,0.0019,0.0061,0.0014,0.0258,0.0026
ac_5dB,5-198891-D-8.wav,0.0066,0.0006,0.0144,0.0067,0.0022,0.0059,0.0019,0.0094,0.2830,0.0004
ac_5dB,5-199284-A-45.wav,0.0035,0.0023,0.0118,0.0069,0.0024,0.0091,0.0042,0.0185,0.0644,0.0033
ac_5dB,5-199284-B-45.wav,0.0019,0.0018,0.0156,0.0065,0.0012,0.0059,0.0026,0.0022,0.0525,0.0038
ac_5dB,5-200329-A-8.wav,0.0140,0.0086,0.0428,0.0262,0.0094,0.0441,0.0184,0.0165,0.0460,0.0111
ac_5dB,5-200329-B-8.wav,0.0424,0.0062,0.0213,0.0393,0.0142,0.0250,0.0106,0.0046,0.0126,0.0007
ac_5dB,5-200329-C-8.wav,0.0032,0.0002,0.0453,0.0032,0.0028,0.0212,0.0023,0.0065,0.0248,0.0017
ac_5dB,5-200334-A-1.wav,0.0055,0.0026,0.0147,0.0112,0.0023,0.0111,0.0115,0.0081,0.0123,0.0006
ac_5dB,5-200334-B-1.wav,0.0056,0.0049,0.0025,0.0098,0.0015,0.0173,0.0053,0.0060,0.0179,0.0015
ac_5dB,5-200339-A-1.wav,0.0070,0.0092,0.0149,0.0226,0.0047,0.0206,0.0075,0.0031,0.0320,0.0153
ac_5dB,5-200461-A-11.wav,0.0017,0.0024,0.0097,0.0049,0.0009,0.0141,0.0076,0.0157,0.0288,0.0130
ac_5dB,5-200461-B-11.wav,0.0018,0.0037,0.0294,0.0039,0.0024,0.0243,0.0047,0.0144,0.0575,0.0024
ac_5dB,5-201170-A-46.wav,0.0005,0.0003,0.0078,0.0012,0.0005,0.0037,0.0037,0.0007,0.0665,0.0006
ac_5dB,5-201172-A-46.wav,0.0135,0.0106,0.0103,0.0583,0.0269,0.0226,0.0100,0.0027,0.0216,0.0039
ac_5dB,5-201194-A-38.wav,0.0032,0.0104,0.0066,0.0070,0.0059,0.0135,0.0027,0.0069,0.0204,0.0016
ac_5dB,5-201274-A-21.wav,0.0303,0.2793,0.0575,0.2612,0.8232,0.0476,0.0215,0.0462,0.0285,0.0046
ac_5dB,5-201664-A-18.wav,0.0063,0.0005,0.0410,0.0118,0.0015,0.0106,0.0020,0.0026,0.0032,0.0074
ac_5dB,5-202020-A-18.wav,0.0010,0.0003,0.0088,0.0010,0.0005,0.0027,0.0023,0.0008,0.0068,0.0004
ac_5dB,5-202220-A-21.wav,0.0228,0.0809,0.0684,0.1873,0.5619,0.3073,0.0133,0.0053,0.0547,0.0039
ac_5dB,5-202540-A-18.wav,0.0003,0.0003,0.0049,0.0008,0.0002,0.0023,0.0017,0.0005,0.0075,0.0014
ac_5dB,5-202795-A-3.wav,0.0433,0.0017,0.0136,0.0788,0.0098,0.0016,0.0046,0.0007,0.0263,0.0028
ac_5dB,5-202898-A-10.wav,0.0046,0.0053,0.0753,0.0065,0.0021,0.0535,0.0056,0.0040,0.0300,0.0021
ac_5dB,5-203128-A-0.wav,0.0035,0.0034,0.0066,0.0033,0.0022,0.0193,0.7018,0.0061,0.1759,0.0006
ac_5dB,5-203128-B-0.wav,0.0011,0.0033,0.0041,0.0055,0.0037,0.0078,0.5861,0.0008,0.0747,0.0008
ac_5dB,5-203739-A-10.wav,0.0016,0.0051,0.0149,0.0020,0.0010,0.0410,0.0055,0.0042,0.0339,0.0014
ac_5dB,5-204114-A-29.wav,0.0009,0.0090,0.0066,0.0028,0.0046,0.0119,0.0067,0.0050,0.0085,0.0050
ac_5dB,5-204352-A-13.wav,0.0003,0.0008,0.0073,0.0005,0.0005,0.0049,0.0038,0.0026,0.0539,0.0005
ac_5dB,5-204352-B-13.wav,0.0009,0.0006,0.0217,0.0020,0.0006,0.0032,0.0061,0.0032,0.0227,0.0002
ac_5dB,5-204604-A-24.wav,0.0072,0.8178,0.0164,0.0435,0.2579,0.0227,0.0152,0.0087,0.0207,0.0027
ac_5dB,5-204741-A-46.wav,0.0012,0.0015,0.0056,0.0029,0.0011,0.0077,0.0032,0.0070,0.0310,0.0014
ac_5dB,5-205090-A-32.wav,0.0136,0.0081,0.0090,0.0220,0.0031,0.0167,0.0081,0.0557,0.0212,0.0240
ac_5dB,5-205589-A-17.wav,0.0011,0.0011,0.0132,0.0029,0.0006,0.0050,0.0007,0.0006,0.0041,0.0009
ac_5dB,5-205589-B-17.wav,0.0020,0.0007,0.0100,0.0049,0.0003,0.0120,0.0006,0.0001,0.0116,0.0007
ac_5dB,5-205898-A-40.wav,0.0079,0.0030,0.0126,0.0147,0.0036,0.0180,0.0054,0.0032,0.0599,0.0017
ac_5dB,5-207681-A-24.wav,0.0171,0.9952,0.0877,0.0625,0.1404,0.0155,0.0050,0.0063,0.0280,0.0023
ac_5dB,5-207781-A-17.wav,0.0103,0.0113,0.0070,0.0155,0.0074,0.0132,0.0204,0.0207,0.0091,0.0022
ac_5dB,5-207811-A-35.wav,0.0046,0.0032,0.0092,0.0112,0.0024,0.0083,0.0059,0.0040,0.0664,0.0063
ac_5dB,5-207811-B-35.wav,0.0057,0.0031,0.0120,0.0104,0.0046,0.0110,0.0055,0.0070,0.0240,0.0030
ac_5dB,5-207836-A-29.wav,0.0013,0.0033,0.0074,0.0034,0.0013,0.0237,0.0035,0.0048,0.0329,0.0088
ac_5dB,5-207836-B-29.wav,0.1965,0.0164,0.0066,0.1695,0.0157,0.0291,0.0038,0.0076,0.0199,0.0023
ac_5dB,5-207836-C-29.wav,0.7139,0.0209,0.0129,0.7865,0.0041,0.0086,0.0071,0.0260,0.0218,0.0087
ac_5dB,5-207836-D-29.wav,0.0072,0.0088,0.1380,0.0055,0.0215,0.0120,0.0088,0.0028,0.0139,0.0011
ac_5dB,5-208030-A-0.wav,0.0012,0.0041,0.0113,0.0028,0.0048,0.0025,0.8116,0.0007,0.0471,0.0003
ac_5dB,5-208624-A-38.wav,0.0019,0.0001,0.0078,0.0021,0.0002,0.0125,0.0006,0.0020,0.0058,0.0003
ac_5dB,5-208761-A-24.wav,0.1131,0.9986,0.0392,0.1178,0.0898,0.4035,0.0069,0.0076,0.0185,0.0297
ac_5dB,5-208810-A-11.wav,0.0010,0.0012,0.0073,0.0021,0.0007,0.0108,0.0045,0.0031,0.0106,0.0007
ac_5dB,5-208810-B-11.wav,0.0021,0.0022,0.0081,0.0055,0.0013,0.0105,0.0063,0.0036,0.0404,0.0011
ac_5dB,5-209698-A-38.wav,0.0035,0.0007,0.0514,0.0077,0.0067,0.0194,0.0070,0.0042,0.0364,0.0025
ac_5dB,5-209719-A-24.wav,0.0114,0.7837,0.0096,0.0205,0.0623,0.0167,0.0146,0.0113,0.0278,0.0060
ac_5dB,5-209833-A-38.wav,0.0062,0.0019,0.0095,0.0081,0.0042,0.0209,0.0060,0.0017,0.0540,0.0251
ac_5dB,5-209989-A-22.wav,0.0015,0.0015,0.0510,0.0026,0.0008,0.0387,0.0034,0.0104,0.0140,0.0035
ac_5dB,5-209992-A-44.wav,0.0010,0.0015,0.0451,0.0021,0.0031,0.0202,0.0076,0.0027,0.1037,0.0005
ac_5dB,5-209992-B-44.wav,0.0086,0.0051,0.0101,0.0095,0.0035,0.0137,0.0041,0.0035,0.0334,0.0020
ac_5dB,5-210540-A-13.wav,0.0014,0.0007,0.0099,0.0029,0.0010,0.0039,0.0028,0.0061,0.0120,0.0016
ac_5dB,5-210571-A-38.wav,0.0146,0.0200,0.0093,0.0173,0.0279,0.0376,0.0271,0.0261,0.0815,0.0037
ac_5dB,5-210612-A-37.wav,0.0085,0.0102,0.0112,0.0416,0.0404,0.0334,0.0070,0.0010,0.0259,0.0167
ac_5dB,5-211197-A-24.wav,0.0198,0.9967,0.0238,0.0488,0.1952,0.0918,0.0348,0.0131,0.0656,0.0197
ac_5dB,5-211408-A-37.wav,0.0010,0.0010,0.0168,0.0021,0.0020,0.0046,0.0067,0.0010,0.0275,0.0019
ac_5dB,5-212050-A-27.wav,0.0022,0.0005,0.0021,0.0291,0.0014,0.0037,0.0143,0.0000,0.0068,0.0005
ac_5dB,5-212054-A-36.wav,0.0003,0.0003,0.0159,0.0007,0.0002,0.0030,0.0028,0.0004,0.1049,0.0093
ac_5dB,5-212059-A-36.wav,0.0006,0.0003,0.0089,0.0017,0.0001,0.0028,0.0018,0.0010,0.0760,0.0059
ac_5dB,5-212181-A-38.wav,0.0045,0.0045,0.0131,0.0072,0.0035,0.0113,0.0109,0.0109,0.0562,0.0011
ac_5dB,5-212454-A-0.wav,0.0018,0.0040,0.0071,0.0046,0.0045,0.0333,0.7704,0.0018,0.1088,0.0044
ac_5dB,5-212730-A-17.wav,0.0027,0.0104,0.0130,0.0081,0.0019,0.0157,0.0031,0.0008,0.0072,0.0010
ac_5dB,5-212734-A-17.wav,0.0029,0.0027,0.0120,0.0080,0.0007,0.0040,0.0006,0.0003,0.0075,0.0041
ac_5dB,5-212736-A-17.wav,0.0012,0.0253,0.0157,0.0028,0.0028,0.0189,0.0057,0.0014,0.0070,0.0006
ac_5dB,5-213077-A-11.wav,0.0067,0.0040,0.0069,0.0071,0.0027,0.0348,0.0115,0.0056,0.0895,0.0067
ac_5dB,5-213293-A-23.wav,0.5744,0.0025,0.0115,0.9606,0.0085,0.0106,0.0021,0.0003,0.0210,0.0006
ac_5dB,5-213802-A-12.wav,0.0217,0.0049,0.0043,0.0201,0.0050,0.0216,0.0094,0.0141,0.0535,0.0025
ac_5dB,5-213836-A-9.wav,0.0091,0.0062,0.0048,0.0153,0.0032,0.0186,0.0101,0.0084,0.0501,0.0016
ac_5dB,5-213836-B-9.wav,0.0024,0.0027,0.0039,0.0054,0.0015,0.0032,0.0041,0.0022,0.0798,0.0023
ac_5dB,5-213836-C-9.wav,0.0203,0.0018,0.0223,0.0132,0.0009,0.0007,0.0015,0.0007,0.0373,0.0007
ac_5dB,5-213836-D-9.wav,0.0008,0.0007,0.0065,0.0018,0.0005,0.0011,0.0021,0.0003,0.0526,0.0009
ac_5dB,5-213855-A-0.wav,0.0013,0.0015,0.0048,0.0031,0.0013,0.0054,0.6044,0.0009,0.0294,0.0002
ac_5dB,5-214362-A-17.wav,0.0834,0.0027,0.0097,0.0476,0.0011,0.0247,0.0075,0.0010,0.0177,0.0012
ac_5dB,5-214759-A-5.wav,0.0185,0.0137,0.0125,0.0256,0.0143,0.0289,0.0270,0.0250,0.0174,0.0073
ac_5dB,5-214759-B-5.wav,0.0117,0.0036,0.0110,0.0114,0.0041,0.0076,0.0261,0.0080,0.1094,0.0034
ac_5dB,5-214869-A-9.wav,0.0004,0.0010,0.0031,0.0005,0.0005,0.0023,0.0041,0.0009,0.0510,0.0005
ac_5dB,5-215005-A-32.wav,0.0042,0.0051,0.0076,0.0065,0.0019,0.0066,0.0061,0.0087,0.0597,0.0007
ac_5dB,5-215172-A-13.wav,0.0043,0.0015,0.0153,0.0059,0.0029,0.0076,0.0069,0.0095,0.0518,0.0053
ac_5dB,5-215179-A-13.wav,0.0059,0.0035,0.0105,0.0107,0.0162,0.0085,0.0062,0.0322,0.0589,0.0026
ac_5dB,5-215445-A-47.wav,0.0009,0.0007,0.0026,0.0016,0.0003,0.0020,0.0055,0.0054,0.0026,0.0004
ac_5dB,5-215447-A-47.wav,0.0128,0.0045,0.0085,0.0151,0.0017,0.0068,0.0246,0.0073,0.0659,0.0028
ac_5dB,5-215449-A-47.wav,0.0077,0.0028,0.0023,0.0092,0.0023,0.0040,0.0109,0.0213,0.0208,0.0109
ac_5dB,5-215634-A-17.wav,0.0173,0.0097,0.0094,0.0226,0.0088,0.0392,0.0137,0.0182,0.0616,0.0032
ac_5dB,5-215658-A-12.wav,0.0025,0.0042,0.0064,0.0037,0.0039,0.0066,0.0077,0.0067,0.0173,0.0012
ac_5dB,5-215658-B-12.wav,0.0113,0.0041,0.0048,0.0098,0.0030,0.0275,0.0228,0.0085,0.1007,0.0012
ac_5dB,5-216131-A-32.wav,0.0082,0.0080,0.0029,0.0077,0.0024,0.0056,0.0099,0.0007,0.0219,0.0012
ac_5dB,5-216213-A-13.wav,0.0015,0.0013,0.0037,0.0018,0.0013,0.0093,0.0045,0.0017,0.0151,0.0005
ac_5dB,5-216214-A-13.wav,0.0012,0.0012,0.0101,0.0020,0.0014,0.0061,0.0082,0.0041,0.0216,0.0007
ac_5dB,5-216216-A-13.wav,0.0009,0.0009,0.0084,0.0020,0.0023,0.0051,0.0081,0.0053,0.0199,0.0028
ac_5dB,5-216368-A-28.wav,0.9310,0.0088,0.0364,0.9197,0.0028,0.0132,0.0350,0.0052,0.0048,0.0018
ac_5dB,5-216370-A-41.wav,0.0030,0.0006,0.0040,0.0046,0.0007,0.0125,0.0025,0.0008,0.0406,0.0006
ac_5dB,5-216370-B-41.wav,0.0008,0.0006,0.0076,0.0011,0.0004,0.0077,0.0017,0.0147,0.0143,0.0051
ac_5dB,5-217158-A-0.wav,0.0024,0.0026,0.0102,0.0029,0.0023,0.0242,0.3007,0.0093,0.2109,0.0012
ac_5dB,5-217186-A-16.wav,0.0056,0.0100,0.0194,0.0101,0.0041,0.0206,0.0148,0.0374,0.0628,0.0061
ac_5dB,5-217186-B-16.wav,0.0049,0.0021,0.0145,0.0073,0.0042,0.0136,0.0117,0.0290,0.0609,0.0036
ac_5dB,5-217186-C-16.wav,0.0031,0.0009,0.0133,0.0070,0.0029,0.0076,0.0044,0.0082,0.0304,0.0015
ac_5dB,5-218196-A-27.wav,0.0104,0.0011,0.0130,0.0787,0.0022,0.0155,0.0490,0.0005,0.0087,0.0045
ac_5dB,5-218196-B-27.wav,0.0058,0.0036,0.0081,0.0226,0.0029,0.0180,0.0277,0.0012,0.0214,0.0047
ac_5dB,5-218494-A-22.wav,0.0096,0.0058,0.0165,0.0172,0.0057,0.0299,0.0113,0.0912,0.2038,0.0101
ac_5dB,5-218980-A-30.wav,0.0273,0.0098,0.2175,0.0313,0.0072,0.0112,0.0138,0.0310,0.0613,0.0013
ac_5dB,5-218981-A-30.wav,0.0063,0.0026,0.0069,0.0089,0.0023,0.0171,0.0077,0.0081,0.0644,0.0013
ac_5dB,5-219044-A-46.wav,0.0038,0.0022,0.0043,0.0074,0.0015,0.0045,0.0043,0.0052,0.0385,0.0026
ac_5dB,5-219242-A-37.wav,0.0016,0.0006,0.0084,0.0064,0.0004,0.0018,0.0021,0.0008,0.0207,0.0030
ac_5dB,5-219242-B-37.wav,0.0050,0.0028,0.0468,0.0162,0.0095,0.0129,0.0015,0.0006,0.0162,0.0017
ac_5dB,5-219318-A-31.wav,0.0049,0.0007,0.0030,0.0076,0.0010,0.0028,0.0054,0.0007,0.0649,0.0013
ac_5dB,5-219342-A-38.wav,0.0190,0.0032,0.0108,0.0196,0.0031,0.0141,0.0368,0.0032,0.1170,0.0004
ac_5dB,5-219379-A-11.wav,0.0010,0.0015,0.0067,0.0020,0.0010,0.0212,0.0045,0.0077,0.0153,0.0020
ac_5dB,5-219379-B-11.wav,0.0017,0.0016,0.0153,0.0029,0.0011,0.0445,0.0056,0.0024,0.0325,0.0007
ac_5dB,5-219379-C-11.wav,0.0011,0.0019,0.0080,0.0019,0.0016,0.0131,0.0058,0.0042,0.0880,0.0007
ac_5dB,5-220026-A-21.wav,0.0101,0.0211,0.2033,0.0420,0.4770,0.0317,0.0135,0.0298,0.0863,0.0026
ac_5dB,5-220027-A-21.wav,0.0164,0.2106,0.0437,0.0917,0.9158,0.0293,0.0066,0.0071,0.0532,0.0061
ac_5dB,5-220939-A-27.wav,0.0127,0.0119,0.0077,0.0521,0.0603,0.0200,0.0089,0.0050,0.0174,0.0117
ac_5dB,5-220955-A-40.wav,0.0059,0.0050,0.0111,0.0082,0.0031,0.0199,0.0047,0.0092,0.0549,0.0033
ac_5dB,5-221518-A-21.wav,0.0696,0.7872,0.0840,0.1037,0.9923,0.0282,0.0363,0.0242,0.0125,0.0069
ac_5dB,5-221528-A-39.wav,0.0124,0.0093,0.0198,0.0123,0.0132,0.0144,0.0289,0.0176,0.1244,0.8450
ac_5dB,5-221529-A-39.wav,0.0108,0.0054,0.0197,0.0154,0.0063,0.0222,0.0174,0.0754,0.0432,0.0226
ac_5dB,5-221567-A-22.wav,0.0039,0.0036,0.1484,0.0096,0.0071,0.0338,0.0095,0.0104,0.0230,0.0149
ac_5dB,5-221568-A-22.wav,0.0025,0.0040,0.1836,0.0045,0.0019,0.0618,0.0092,0.0133,0.0717,0.0036
ac_5dB,5-221593-A-21.wav,0.0170,0.0120,0.0202,0.0843,0.0653,0.1422,0.0316,0.0463,0.0409,0.0127
ac_5dB,5-221878-A-34.wav,0.0145,0.0180,0.0811,0.0345,0.0186,0.0251,0.0245,0.0126,0.0761,0.0027
ac_5dB,5-221950-A-22.wav,0.0032,0.0039,0.0043,0.0043,0.0019,0.0165,0.0069,0.0074,0.1202,0.0013
ac_5dB,5-222041-A-9.wav,0.0108,0.0024,0.0101,0.0162,0.0011,0.0035,0.0055,0.0007,0.0213,0.0009
ac_5dB,5-222524-A-41.wav,0.0057,0.0027,0.0127,0.0075,0.0024,0.0080,0.0108,0.0024,0.0956,0.0015
ac_5dB,5-222894-A-32.wav,0.0018,0.0049,0.0020,0.0023,0.0003,0.0366,0.0036,0.0005,0.0168,0.0012
ac_5dB,5-223099-A-32.wav,0.0080,0.0017,0.0133,0.0087,0.0018,0.0106,0.0110,0.0118,0.0705,0.0036
ac_5dB,5-223099-B-32.wav,0.0011,0.0004,0.0056,0.0014,0.0002,0.0038,0.0043,0.0031,0.0513,0.0004
ac_5dB,5-223103-A-31.wav,0.0141,0.0068,0.0018,0.0171,0.0041,0.0114,0.0091,0.0091,0.0136,0.0033
ac_5dB,5-223176-A-37.wav,0.0020,0.0031,0.0044,0.0028,0.0010,0.0038,0.0046,0.0003,0.0490,0.0046
ac_5dB,5-223317-A-31.wav,0.0107,0.0021,0.0025,0.0150,0.0023,0.0072,0.0105,0.0010,0.0342,0.0029
ac_5dB,5-223810-A-35.wav,0.0034,0.0034,0.0162,0.0052,0.0034,0.0084,0.0078,0.0179,0.1021,0.0422
ac_5dB,5-231551-A-36.wav,0.0107,0.0028,0.0081,0.0118,0.0020,0.0061,0.0070,0.0111,0.0714,0.0026
ac_5dB,5-231762-A-0.wav,0.0136,0.0059,0.0061,0.0275,0.0046,0.0117,0.4938,0.0063,0.0250,0.0098
ac_5dB,5-232272-A-44.wav,0.0042,0.0016,0.0053,0.0076,0.0011,0.0074,0.0031,0.0023,0.0340,0.0023
ac_5dB,5-232802-A-31.wav,0.0050,0.0096,0.0088,0.0096,0.0049,0.0105,0.0064,0.0305,0.0244,0.0024
ac_5dB,5-232816-A-23.wav,0.0111,0.0070,0.0155,0.0152,0.0112,0.0285,0.0246,0.0222,0.0660,0.0049
ac_5dB,5-233019-A-31.wav,0.0148,0.0046,0.0057,0.0255,0.0036,0.0076,0.0117,0.0081,0.0293,0.0007
ac_5dB,5-233160-A-1.wav,0.0073,0.0057,0.0027,0.0111,0.0028,0.0125,0.0146,0.0076,0.0242,0.0017
ac_5dB,5-233260-A-23.wav,0.0117,0.0059,0.0108,0.0192,0.0060,0.0189,0.0109,0.0096,0.0735,0.0085
ac_5dB,5-233312-A-28.wav,0.9414,0.0051,0.0169,0.9086,0.0039,0.0106,0.0210,0.0088,0.0715,0.0094
ac_5dB,5-233605-A-39.wav,0.0101,0.0077,0.2404,0.0366,0.0128,0.0336,0.0151,0.0386,0.0877,0.0166
ac_5dB,5-233607-A-39.wav,0.0104,0.0055,0.0113,0.0117,0.0043,0.0198,0.0075,0.0074,0.0586,0.3375
ac_5dB,5-233645-A-37.wav,0.0034,0.0033,0.0034,0.0077,0.0014,0.0033,0.0018,0.0015,0.0304,0.0078
ac_5dB,5-233787-A-7.wav,0.0086,0.0026,0.0163,0.0099,0.0020,0.0184,0.0094,0.0032,0.0231,0.0033
ac_5dB,5-234145-A-28.wav,0.8666,0.0199,0.0352,0.8478,0.0183,0.0659,0.0126,0.0081,0.0094,0.0023
ac_5dB,5-234247-A-37.wav,0.0006,0.0003,0.0104,0.0005,0.0000,0.0029,0.0001,0.0000,0.0121,0.0027
ac_5dB,5-234263-A-25.wav,0.0058,0.0015,0.0095,0.0079,0.0011,0.0055,0.0034,0.0419,0.0181,0.0009
ac_5dB,5-234335-A-23.wav,0.1106,0.0708,0.0070,0.9184,0.4492,0.0114,0.0030,0.0018,0.0344,0.0011
ac_5dB,5-234855-A-25.wav,0.0212,0.0072,0.0134,0.0526,0.0068,0.0145,0.0071,0.0197,0.0311,0.0099
ac_5dB,5-234879-A-1.wav,0.0395,0.0220,0.0052,0.0532,0.0153,0.0252,0.0157,0.0170,0.0485,0.0096
ac_5dB,5-234879-B-1.wav,0.0064,0.0038,0.0100,0.0071,0.0028,0.0151,0.0070,0.0037,0.0892,0.0009
ac_5dB,5-234923-A-32.wav,0.0006,0.0032,0.0054,0.0014,0.0008,0.0182,0.0056,0.0005,0.0279,0.0008
ac_5dB,5-235507-A-44.wav,0.0027,0.0014,0.0069,0.0033,0.0012,0.0102,0.0017,0.0045,0.0514,0.0014
ac_5dB,5-235593-A-23.wav,0.3671,0.0464,0.2009,0.8837,0.1293,0.2153,0.0030,0.0882,0.0539,0.0040
ac_5dB,5-235644-A-30.wav,0.0182,0.0263,0.0112,0.0480,0.0360,0.0265,0.0130,0.0115,0.0153,0.0044
ac_5dB,5-235671-A-38.wav,0.0109,0.0025,0.0104,0.0131,0.0046,0.0090,0.0141,0.0250,0.0952,0.0081
ac_5dB,5-235874-A-28.wav,0.5340,0.0277,0.0136,0.5762,0.0110,0.0186,0.0229,0.0111,0.0471,0.0038
ac_5dB,5-235893-A-28.wav,0.8874,0.0160,0.0151,0.8808,0.0187,0.0240,0.0131,0.0119,0.0418,0.0044
ac_5dB,5-235956-A-47.wav,0.0053,0.0039,0.0104,0.0082,0.0032,0.0086,0.0063,0.0037,0.0648,0.0022
ac_5dB,5-236288-A-28.wav,0.9430,0.0120,0.0095,0.8997,0.0071,0.0138,0.0039,0.0031,0.0972,0.0095
ac_5dB,5-236299-A-34.wav,0.0211,0.0142,0.3023,0.0468,0.0125,0.0249,0.0143,0.0255,0.0842,0.0031
ac_5dB,5-237315-A-31.wav,0.0058,0.0031,0.0016,0.0107,0.0031,0.0156,0.0063,0.0028,0.0146,0.0014
ac_5dB,5-237499-A-4.wav,0.0595,0.0216,0.0189,0.1350,0.0087,0.0237,0.0063,0.0031,0.0102,0.0031
ac_5dB,5-237795-A-34.wav,0.0058,0.0070,0.0350,0.0129,0.0236,0.0239,0.0146,0.0056,0.0344,0.0071
ac_5dB,5-238021-A-35.wav,0.0195,0.0077,0.0088,0.0267,0.0038,0.0119,0.0152,0.0147,0.0543,0.0066
ac_5dB,5-238492-A-23.wav,0.0886,0.0218,0.0171,0.5339,0.0488,0.0154,0.0239,0.0229,0.0767,0.0100
ac_5dB,5-238926-A-31.wav,0.0072,0.0017,0.0040,0.0055,0.0008,0.0050,0.0058,0.0056,0.0471,0.0003
ac_5dB,5-238938-A-27.wav,0.0566,0.0164,0.0373,0.0516,0.0107,0.0446,0.0148,0.0062,0.0140,0.0026
ac_5dB,5-240671-A-44.wav,0.0110,0.0070,0.0123,0.0145,0.0033,0.0160,0.0085,0.0051,0.0630,0.0024
ac_5dB,5-241846-A-15.wav,0.0133,0.0234,0.0285,0.0159,0.0063,0.0165,0.0136,0.0041,0.0401,0.0024
ac_5dB,5-242490-A-14.wav,0.0243,0.0272,0.0164,0.0212,0.0046,0.0097,0.0224,0.0313,0.0766,0.0025
ac_5dB,5-242491-A-14.wav,0.0082,0.0029,0.0039,0.0180,0.0047,0.0053,0.0127,0.0172,0.1466,0.0068
ac_5dB,5-242492-A-3.wav,0.0206,0.0023,0.0077,0.0430,0.0012,0.0039,0.0100,0.0016,0.0135,0.0020
ac_5dB,5-242711-A-9.wav,0.0024,0.0058,0.0249,0.0037,0.0013,0.0022,0.0026,0.0012,0.0560,0.0006
ac_5dB,5-242932-A-26.wav,0.0268,0.0265,0.0807,0.0357,0.0050,0.9421,0.0110,0.0138,0.0244,0.0033
ac_5dB,5-242932-B-26.wav,0.0394,0.0591,0.0895,0.1106,0.0644,0.8690,0.0222,0.0055,0.0248,0.0015
ac_5dB,5-243025-A-25.wav,0.0038,0.0016,0.0050,0.0062,0.0007,0.0076,0.0032,0.0208,0.0270,0.0023
ac_5dB,5-243036-A-29.wav,0.0160,0.0218,0.0054,0.0172,0.0082,0.0153,0.0112,0.0129,0.0361,0.0026
ac_5dB,5-243448-A-14.wav,0.0082,0.0143,0.0037,0.0191,0.0114,0.0113,0.0084,0.0040,0.0400,0.0054
ac_5dB,5-243449-A-14.wav,0.0090,0.0060,0.0088,0.0165,0.0138,0.0145,0.0218,0.0180,0.0416,0.0269
ac_5dB,5-243450-A-14.wav,0.0245,0.0065,0.0044,0.0270,0.0044,0.0105,0.0197,0.0073,0.0803,0.0057
ac_5dB,5-243459-A-14.wav,0.0076,0.0122,0.0033,0.0112,0.0057,0.0075,0.0139,0.0046,0.0524,0.0037
ac_5dB,5-243459-B-14.wav,0.0087,0.0067,0.0071,0.0157,0.0022,0.0090,0.0027,0.0028,0.0168,0.0104
ac_5dB,5-243635-A-29.wav,0.0267,0.0116,0.0126,0.0297,0.0083,0.0195,0.0129,0.0270,0.0426,0.0079
ac_5dB,5-243773-A-44.wav,0.0027,0.0044,0.0239,0.0085,0.0034,0.0112,0.0040,0.0025,0.0198,0.0025
ac_5dB,5-243773-B-44.wav,0.0025,0.0018,0.0071,0.0050,0.0025,0.0137,0.0052,0.0020,0.0368,0.0008
ac_5dB,5-243783-A-44.wav,0.0019,0.0023,0.0087,0.0024,0.0017,0.0119,0.0029,0.0014,0.0426,0.0019
ac_5dB,5-244178-A-32.wav,0.0027,0.0039,0.0036,0.0055,0.0010,0.0069,0.0049,0.0004,0.0182,0.0017
ac_5dB,5-244310-A-25.wav,0.0056,0.0046,0.0070,0.0086,0.0029,0.0170,0.0082,0.0131,0.0336,0.0051
ac_5dB,5-244315-A-6.wav,0.0008,0.0043,0.0128,0.0017,0.0008,0.0020,0.0025,0.0005,0.0109,0.0020
ac_5dB,5-244315-B-6.wav,0.0015,0.0019,0.1882,0.0054,0.0006,0.0148,0.0038,0.0015,0.0143,0.0013
ac_5dB,5-244315-C-6.wav,0.0005,0.0078,0.0044,0.0011,0.0013,0.0482,0.0057,0.0046,0.0041,0.0003
ac_5dB,5-244327-A-34.wav,0.0089,0.0026,0.0015,0.0106,0.0024,0.0069,0.0023,0.0039,0.0139,0.0009
ac_5dB,5-244459-A-28.wav,0.9440,0.0073,0.0118,0.9534,0.0035,0.0131,0.0114,0.0105,0.0440,0.0071
ac_5dB,5-244526-A-26.wav,0.0221,0.0215,0.1109,0.0610,0.0590,0.8350,0.0172,0.0041,0.0359,0.0029
ac_5dB,5-244651-A-31.wav,0.0103,0.0064,0.0114,0.0114,0.0103,0.0195,0.0157,0.0216,0.2697,0.0049
ac_5dB,5-244933-A-34.wav,0.0173,0.0148,0.0206,0.0170,0.0073,0.0161,0.0080,0.0144,0.0329,0.0022
ac_5dB,5-245040-A-35.wav,0.0266,0.0037,0.0139,0.0246,0.0032,0.0114,0.0133,0.0509,0.0240,0.0015
ac_5dB,5-248341-A-6.wav,0.0080,0.0062,0.0265,0.0107,0.0032,0.0272,0.0058,0.0190,0.0279,0.0026
ac_5dB,5-248341-B-6.wav,0.0011,0.0009,0.0090,0.0013,0.0004,0.0021,0.0042,0.0015,0.0030,0.0002
ac_5dB,5-248341-C-6.wav,0.0004,0.0047,0.0094,0.0007,0.0003,0.7190,0.0017,0.0003,0.0161,0.0001
ac_5dB,5-249748-A-28.wav,0.8024,0.0158,0.0093,0.7372,0.0133,0.0195,0.0162,0.0109,0.1018,0.0030
ac_5dB,5-249937-A-22.wav,0.0026,0.0009,0.0152,0.0056,0.0007,0.0185,0.0024,0.0033,0.0166,0.0024
ac_5dB,5-250026-A-30.wav,0.0065,0.0018,0.0042,0.0176,0.0019,0.0086,0.0047,0.0244,0.0196,0.0042
ac_5dB,5-250026-B-30.wav,0.0060,0.0062,0.0080,0.0051,0.0011,0.0169,0.0033,0.1138,0.0179,0.0087
ac_5dB,5-250258-A-49.wav,0.0415,0.0342,0.0150,0.3815,0.0520,0.0601,0.0124,0.0164,0.0858,0.0113
ac_5dB,5-250629-A-37.wav,0.0026,0.0010,0.0184,0.0058,0.0012,0.0115,0.0028,0.0009,0.0271,0.0009
ac_5dB,5-250753-A-34.wav,0.0111,0.0087,0.0539,0.0201,0.0124,0.0255,0.0193,0.0127,0.0219,0.0054
ac_5dB,5-251426-A-30.wav,0.0046,0.0034,0.0088,0.0069,0.0049,0.0132,0.0042,0.0456,0.0327,0.0075
ac_5dB,5-251426-B-30.wav,0.0095,0.0135,0.0215,0.0230,0.0126,0.0352,0.0127,0.0285,0.0549,0.0036
ac_5dB,5-251489-A-24.wav,0.0186,0.9470,0.2578,0.0455,0.0418,0.0263,0.0223,0.0284,0.0633,0.0069
ac_5dB,5-251957-A-47.wav,0.0024,0.0029,0.0118,0.0033,0.0015,0.0352,0.0051,0.0063,0.1581,0.0024
ac_5dB,5-251962-A-47.wav,0.0069,0.0054,0.0057,0.0162,0.0057,0.0373,0.0098,0.0202,0.1003,0.0050
ac_5dB,5-251963-A-47.wav,0.0119,0.0030,0.0208,0.0111,0.0040,0.0204,0.0066,0.0082,0.1381,0.0151
ac_5dB,5-251971-A-47.wav,0.1400,0.0080,0.0230,0.1764,0.0044,0.0168,0.0239,0.0201,0.0397,0.0086
ac_5dB,5-252248-A-34.wav,0.0182,0.0096,0.0157,0.0225,0.0152,0.0296,0.0181,0.0253,0.0779,0.0090
ac_5dB,5-253085-A-3.wav,0.0161,0.0016,0.0286,0.0189,0.0041,0.0147,0.0085,0.0092,0.0200,0.0020
ac_5dB,5-253085-B-3.wav,0.0253,0.0075,0.0200,0.0288,0.0042,0.0124,0.0071,0.0050,0.0225,0.0016
ac_5dB,5-253094-A-49.wav,0.0025,0.0014,0.0118,0.0144,0.0012,0.0085,0.0012,0.0004,0.0073,0.0004
ac_5dB,5-253094-B-49.wav,0.0054,0.0036,0.0056,0.0204,0.0372,0.0032,0.0035,0.0121,0.0144,0.0799
ac_5dB,5-253094-C-49.wav,0.0018,0.0012,0.0105,0.0074,0.0016,0.0090,0.0012,0.0013,0.0089,0.0025
ac_5dB,5-253094-D-49.wav,0.0011,0.0004,0.0063,0.0064,0.0003,0.0048,0.0018,0.0062,0.0119,0.0017
ac_5dB,5-253101-A-49.wav,0.0896,0.0009,0.0246,0.2406,0.0029,0.0088,0.0024,0.0022,0.0502,0.0038
ac_5dB,5-253101-B-49.wav,0.0633,0.0018,0.0121,0.5636,0.0021,0.0034,0.0036,0.0078,0.0110,0.0316
ac_5dB,5-253101-C-49.wav,0.0106,0.0003,0.0088,0.1715,0.0009,0.0046,0.0003,0.0001,0.0033,0.0011
ac_5dB,5-253534-A-26.wav,0.0047,0.0237,0.0551,0.0071,0.0234,0.8327,0.0157,0.0052,0.0735,0.0056
ac_5dB,5-254160-A-22.wav,0.0020,0.0023,0.3956,0.0028,0.0010,0.0112,0.0056,0.0092,0.0618,0.0011
ac_5dB,5-254832-A-15.wav,0.0032,0.0020,0.0070,0.0072,0.0009,0.0067,0.0037,0.0014,0.0114,0.0011
ac_5dB,5-254832-B-15.wav,0.0145,0.0148,0.0212,0.0386,0.0048,0.0130,0.0061,0.0054,0.0238,0.0008
ac_5dB,5-256452-A-5.wav,0.0157,0.0179,0.0154,0.0318,0.0161,0.0227,0.0185,0.0144,0.0852,0.0105
ac_5dB,5-256512-A-30.wav,0.0150,0.0074,0.0234,0.0229,0.0041,0.0091,0.0060,0.0362,0.0750,0.0024
ac_5dB,5-257349-A-15.wav,0.0041,0.0027,0.0043,0.0052,0.0022,0.0093,0.0145,0.0015,0.0275,0.0014
ac_5dB,5-257642-A-39.wav,0.0072,0.0041,0.0060,0.0329,0.0081,0.0077,0.0149,0.0107,0.0178,0.9530
ac_5dB,5-257839-A-14.wav,0.0057,0.0060,0.0059,0.0081,0.0053,0.0087,0.0079,0.0038,0.0425,0.0058
ac_5dB,5-259169-A-5.wav,0.0282,0.0415,0.0558,0.0626,0.0560,0.0508,0.0227,0.0275,0.0455,0.0037
ac_5dB,5-259180-A-15.wav,0.0136,0.0182,0.0181,0.0186,0.0141,0.0226,0.0213,0.0131,0.0531,0.0031
ac_5dB,5-259514-A-26.wav,0.3670,0.0209,0.0507,0.4120,0.0188,0.3422,0.0248,0.0554,0.0231,0.0076
ac_5dB,5-259640-A-29.wav,0.0871,0.1504,0.0137,0.3260,0.1514,0.0242,0.0127,0.0143,0.0246,0.0029
ac_5dB,5-260011-A-34.wav,0.0086,0.0070,0.0144,0.0119,0.0058,0.0137,0.0042,0.0041,0.0532,0.0041
ac_5dB,5-260164-A-23.wav,0.0650,0.0148,0.0703,0.5356,0.0210,0.0188,0.0225,0.0123,0.0383,0.0405
ac_5dB,5-260432-A-39.wav,0.0194,0.0267,0.0796,0.0449,0.0353,0.0182,0.0226,0.0359,0.0935,0.5704
ac_5dB,5-260433-A-39.wav,0.0059,0.0022,0.0072,0.0045,0.0014,0.0194,0.0049,0.0040,0.0677,0.8587
ac_5dB,5-260434-A-39.wav,0.0054,0.0080,0.0051,0.0208,0.0036,0.0060,0.0045,0.0036,0.0196,0.9916
ac_5dB,5-260875-A-35.wav,0.0024,0.0022,0.0077,0.0061,0.0013,0.0105,0.0024,0.0081,0.0364,0.0041
ac_5dB,5-261325-A-9.wav,0.0012,0.0055,0.0339,0.0026,0.0013,0.0048,0.0097,0.0005,0.0088,0.0005
ac_5dB,5-261433-A-15.wav,0.0139,0.0070,0.0165,0.0139,0.0085,0.0169,0.0202,0.0228,0.0637,0.0059
ac_5dB,5-261439-A-15.wav,0.0243,0.0205,0.0090,0.0343,0.0216,0.0370,0.0146,0.0230,0.0535,0.0033
ac_5dB,5-261464-A-23.wav,0.3473,0.0117,0.0035,0.2359,0.0072,0.0195,0.0066,0.0022,0.0756,0.0005
ac_5dB,5-262641-A-15.wav,0.0147,0.0110,0.0037,0.0144,0.0063,0.0148,0.0078,0.0034,0.1054,0.0080
ac_5dB,5-262957-A-22.wav,0.0049,0.0012,0.0177,0.0113,0.0016,0.0288,0.0034,0.0020,0.0288,0.0031
ac_5dB,5-263490-A-25.wav,0.0099,0.0079,0.0097,0.0159,0.0110,0.0190,0.0129,0.0325,0.1120,0.0090
ac_5dB,5-263491-A-25.wav,0.0048,0.0096,0.0050,0.0076,0.0025,0.0106,0.0062,0.0120,0.0309,0.0023
ac_5dB,5-263501-A-25.wav,0.0056,0.0083,0.0121,0.0153,0.0062,0.0092,0.0080,0.0120,0.0279,0.0050
ac_5dB,5-263775-A-26.wav,0.0277,0.1295,0.0436,0.1274,0.4073,0.6270,0.1778,0.0309,0.0338,0.0137
ac_5dB,5-263775-B-26.wav,0.0170,0.1515,0.2319,0.0793,0.1180,0.1208,0.4183,0.0188,0.0184,0.0215
ac_5dB,5-263831-A-6.wav,0.0092,0.0054,0.0304,0.0113,0.0065,0.0282,0.0218,0.0109,0.1371,0.0016
ac_5dB,5-263831-B-6.wav,0.0001,0.0003,0.0032,0.0003,0.0001,0.0007,0.0014,0.0003,0.0082,0.0000
ac_5dB,5-263902-A-36.wav,0.0017,0.0024,0.0135,0.0031,0.0020,0.0087,0.0049,0.0014,0.0294,0.0058
ac_5dB,5-51149-A-25.wav,0.0050,0.0050,0.0088,0.0055,0.0015,0.0127,0.0027,0.1631,0.0387,0.0109
ac_5dB,5-61635-A-8.wav,0.0026,0.0001,0.0145,0.0023,0.0002,0.0015,0.0491,0.0008,0.0052,0.0007
ac_5dB,5-9032-A-0.wav,0.0041,0.0023,0.0089,0.0093,0.0057,0.0086,0.3929,0.0040,0.0373,0.0019
ac_0dB,1-100032-A-0.wav,0.0101,0.0064,0.0166,0.0203,0.0095,0.0272,0.3760,0.0048,0.0675,0.0020
ac_0dB,1-100038-A-14.wav,0.0030,0.0045,0.0048,0.0080,0.0053,0.0127,0.0077,0.0033,0.0287,0.0033
ac_0dB,1-100210-A-36.wav,0.0023,0.0023,0.0086,0.0043,0.0023,0.0120,0.0028,0.0064,0.0601,0.0045
ac_0dB,1-100210-B-36.wav,0.0111,0.0083,0.0117,0.0176,0.0057,0.0206,0.0083,0.0055,0.0341,0.0029
ac_0dB,1-101296-A-19.wav,0.0153,0.0046,0.0076,0.0162,0.0075,0.0153,0.0238,0.0276,0.1368,0.0036
ac_0dB,1-101296-B-19.wav,0.0136,0.0022,0.0156,0.0140,0.0018,0.0079,0.0467,0.0222,0.0078,0.0029
ac_0dB,1-101336-A-30.wav,0.0235,0.0055,0.0050,0.0182,0.0047,0.0143,0.0141,0.0299,0.0421,0.0084
ac_0dB,1-101404-A-34.wav,0.0052,0.0028,0.0169,0.0082,0.0020,0.0167,0.0042,0.0037,0.0454,0.0033
ac_0dB,1-103298-A-9.wav,0.0090,0.0053,0.0048,0.0103,0.0032,0.0073,0.0089,0.0078,0.0160,0.0101
ac_0dB,1-103995-A-30.wav,0.0154,0.0174,0.0862,0.0335,0.0230,0.0228,0.0243,0.0250,0.0855,0.0033
ac_0dB,1-103999-A-30.wav,0.0073,0.0057,0.0067,0.0085,0.0031,0.0206,0.0086,0.0133,0.0740,0.0030
ac_0dB,1-104089-A-22.wav,0.0022,0.0012,0.0243,0.0038,0.0005,0.0291,0.0023,0.0048,0.0188,0.0021
ac_0dB,1-104089-B-22.wav,0.0008,0.0007,0.0209,0.0026,0.0009,0.0231,0.0010,0.0051,0.0092,0.0043
ac_0dB,1-105224-A-22.wav,0.0043,0.0014,0.0248,0.0078,0.0011,0.0254,0.0028,0.0017,0.0116,0.0008
ac_0dB,1-110389-A-0.wav,0.0177,0.0078,0.0231,0.0198,0.0093,0.0308,0.1427,0.0154,0.1249,0.0019
ac_0dB,1-110537-A-22.wav,0.0021,0.0012,0.0339,0.0037,0.0007,0.0114,0.0015,0.0024,0.0282,0.0005
ac_0dB,1-115521-A-19.wav,0.0077,0.0077,0.0035,0.0138,0.0029,0.0177,0.0112,0.0050,0.0269,0.0008
ac_0dB,1-115545-A-48.wav,0.0074,0.0060,0.0135,0.0089,0.0051,0.0258,0.0064,0.0052,0.0964,0.0029
ac_0dB,1-115545-B-48.wav,0.0330,0.0156,0.0057,0.0409,0.0098,0.0288,0.0162,0.0630,0.0469,0.0160
ac_0dB,1-115545-C-48.wav,0.0172,0.0108,0.0111,0.0188,0.0080,0.0176,0.0100,0.0400,0.0806,0.0073
ac_0dB,1-115546-A-48.wav,0.0080,0.0046,0.0088,0.0108,0.0037,0.0252,0.0055,0.0068,0.0598,0.0020
ac_0dB,1-115920-A-22.wav,0.0016,0.0010,0.0112,0.0021,0.0002,0.0066,0.0007,0.0019,0.0109,0.0004
ac_0dB,1-115920-B-22.wav,0.0012,0.0010,0.0261,0.0020,0.0007,0.0225,0.0024,0.0068,0.0178,0.0018
ac_0dB,1-115921-A-22.wav,0.0024,0.0060,0.0799,0.0028,0.0022,0.0418,0.0054,0.0108,0.0184,0.0012
ac_0dB,1-116765-A-41.wav,0.1077,0.0013,0.0284,0.0425,0.0044,0.0084,0.0071,0.0028,0.0629,0.0021
ac_0dB,1-11687-A-47.wav,0.0135,0.0040,0.0093,0.0216,0.0048,0.0143,0.0047,0.0104,0.0307,0.0050
ac_0dB,1-118206-A-31.wav,0.0183,0.0047,0.0019,0.0156,0.0031,0.0138,0.0108,0.0127,0.0261,0.0013
ac_0dB,1-118559-A-17.wav,0.0148,0.0047,0.0142,0.0162,0.0033,0.0165,0.0034,0.0030,0.0270,0.0138
ac_0dB,1-119125-A-45.wav,0.0205,0.0128,0.0058,0.0227,0.0087,0.0132,0.0211,0.0385,0.0444,0.0131
ac_0dB,1-121951-A-8.wav,0.0165,0.0390,0.6647,0.0308,0.0235,0.0515,0.0679,0.0241,0.1509,0.0036
ac_0dB,1-12653-A-15.wav,0.0105,0.0248,0.0061,0.0122,0.0105,0.0192,0.0104,0.0042,0.0497,0.0043
ac_0dB,1-12654-A-15.wav,0.0131,0.0127,0.0038,0.0256,0.0080,0.0298,0.0085,0.0039,0.0180,0.0033
ac_0dB,1-12654-B-15.wav,0.0109,0.0105,0.0104,0.0116,0.0048,0.0303,0.0123,0.0165,0.0462,0.0063
ac_0dB,1-13571-A-46.wav,0.0009,0.0011,0.0111,0.0016,0.0010,0.0037,0.0052,0.0027,0.0357,0.0013
ac_0dB,1-13572-A-46.wav,0.0074,0.0027,0.0124,0.0078,0.0044,0.0167,0.0095,0.0125,0.4220,0.0049
ac_0dB,1-13613-A-37.wav,0.0016,0.0005,0.0790,0.0027,0.0003,0.0233,0.0044,0.0015,0.1120,0.0001
ac_0dB,1-137-A-32.wav,0.0085,0.0072,0.0042,0.0077,0.0010,0.0268,0.0070,0.0025,0.0475,0.0013
ac_0dB,1-137296-A-16.wav,0.0058,0.0047,0.0126,0.0085,0.0029,0.0200,0.0071,0.0061,0.0531,0.0031
ac_0dB,1-14262-A-37.wav,0.0024,0.0009,0.0113,0.0026,0.0015,0.0162,0.0016,0.0032,0.1237,0.0067
ac_0dB,1-155858-A-25.wav,0.0217,0.0078,0.0099,0.0330,0.0044,0.0112,0.0129,0.0211,0.0812,0.0015
ac_0dB,1-155858-B-25.wav,0.0038,0.0124,0.0039,0.0057,0.0025,0.0100,0.0126,0.0362,0.0387,0.0102
ac_0dB,1-155858-C-25.wav,0.0246,0.0085,0.0026,0.0366,0.0039,0.0050,0.0100,0.0075,0.0224,0.0056
ac_0dB,1-155858-D-25.wav,0.0106,0.0039,0.0096,0.0117,0.0032,0.0171,0.0076,0.0071,0.0470,0.0006
ac_0dB,1-155858-E-25.wav,0.0165,0.0141,0.0118,0.0409,0.0088,0.0097,0.0138,0.0428,0.0276,0.0047
ac_0dB,1-155858-F-25.wav,0.0141,0.0030,0.0078,0.0161,0.0027,0.0103,0.0116,0.0154,0.0968,0.0016
ac_0dB,1-15689-A-4.wav,0.0147,0.0020,0.0118,0.0225,0.0057,0.0029,0.0069,0.0079,0.0080,0.0008
ac_0dB,1-15689-B-4.wav,0.0034,0.0010,0.0028,0.0032,0.0009,0.0044,0.0089,0.0027,0.0159,0.0011
ac_0dB,1-160563-A-48.wav,0.0179,0.0084,0.0125,0.0176,0.0028,0.0286,0.0062,0.0093,0.0310,0.0033
ac_0dB,1-160563-B-48.wav,0.0141,0.0034,0.0131,0.0118,0.0020,0.0049,0.0198,0.0091,0.0715,0.0039
ac_0dB,1-16568-A-3.wav,0.0107,0.0062,0.0152,0.0120,0.0051,0.0129,0.0148,0.0124,0.0614,0.0025
ac_0dB,1-16746-A-15.wav,0.0065,0.0195,0.0164,0.0093,0.0096,0.0311,0.0176,0.0088,0.1738,0.0041
ac_0dB,1-17092-A-27.wav,0.0058,0.0010,0.0129,0.0533,0.0016,0.0138,0.0058,0.0011,0.0235,0.0030
ac_0dB,1-17092-B-27.wav,0.0653,0.0035,0.0079,0.0713,0.0027,0.0102,0.0392,0.0066,0.0424,0.0026
ac_0dB,1-17124-A-43.wav,0.0248,0.0280,0.0286,0.0512,0.0130,0.0112,0.0753,0.0172,0.5149,0.0052
ac_0dB,1-17150-A-12.wav,0.0054,0.0013,0.0027,0.0066,0.0008,0.0068,0.0091,0.0031,0.0464,0.0003
ac_0dB,1-172649-A-40.wav,0.0024,0.0014,0.0202,0.0022,0.0008,0.0405,0.0060,0.0039,0.0496,0.0021
ac_0dB,1-172649-B-40.wav,0.0048,0.0022,0.0030,0.0046,0.0021,0.0108,0.0070,0.0086,0.0589,0.0010
ac_0dB,1-172649-C-40.wav,0.0043,0.0014,0.0080,0.0038,0.0008,0.0078,0.0030,0.0027,0.0373,0.0012
ac_0dB,1-172649-D-40.wav,0.0012,0.0007,0.0027,0.0016,0.0004,0.0096,0.0033,0.0063,0.0150,0.0031
ac_0dB,1-172649-E-40.wav,0.0088,0.0018,0.0486,0.0085,0.0029,0.0046,0.0117,0.0096,0.1100,0.0029
ac_0dB,1-172649-F-40.wav,0.0032,0.0010,0.0054,0.0034,0.0005,0.0058,0.0080,0.0014,0.1571,0.0044
ac_0dB,1-17295-A-29.wav,0.0131,0.0443,0.0046,0.0162,0.0077,0.0067,0.0051,0.0082,0.0204,0.0014
ac_0dB,1-17367-A-10.wav,0.0045,0.0027,0.0136,0.0058,0.0016,0.0219,0.0065,0.0014,0.0641,0.0009
ac_0dB,1-17565-A-12.wav,0.0014,0.0012,0.0022,0.0034,0.0005,0.0035,0.0080,0.0014,0.0150,0.0003
ac_0dB,1-17585-A-7.wav,0.0065,0.0039,0.0164,0.0068,0.0045,0.0088,0.0110,0.0078,0.0388,0.0072
ac_0dB,1-17742-A-12.wav,0.0023,0.0036,0.0110,0.0034,0.0017,0.0121,0.0042,0.0052,0.0151,0.0006
ac_0dB,1-17808-A-12.wav,0.0100,0.0031,0.0052,0.0123,0.0019,0.0135,0.0052,0.0096,0.0246,0.0009
ac_0dB,1-17808-B-12.wav,0.0041,0.0034,0.0066,0.0059,0.0014,0.0152,0.0071,0.0045,0.0356,0.0010
ac_0dB,1-1791-A-26.wav,0.0082,0.0142,0.0309,0.0108,0.0059,0.8731,0.0085,0.0084,0.0551,0.0104
ac_0dB,1-17970-A-4.wav,0.0012,0.0003,0.0270,0.0026,0.0006,0.0045,0.0024,0.0013,0.0281,0.0002
ac_0dB,1-18074-A-6.wav,0.0069,0.0080,0.0217,0.0101,0.0050,0.0264,0.0089,0.0127,0.0714,0.0030
ac_0dB,1-18074-B-6.wav,0.0085,0.0064,0.0076,0.0247,0.0049,0.0185,0.0064,0.0044,0.0167,0.0043
ac_0dB,1-181071-A-40.wav,0.0021,0.0010,0.0072,0.0032,0.0005,0.0077,0.0012,0.0015,0.0127,0.0006
ac_0dB,1-181071-B-40.wav,0.0068,0.0024,0.0618,0.0091,0.0030,0.0082,0.0056,0.0101,0.0249,0.0021
ac_0dB,1-18527-A-44.wav,0.0109,0.0064,0.0280,0.0117,0.0109,0.0286,0.0152,0.0179,0.0878,0.0028
ac_0dB,1-18527-B-44.wav,0.0065,0.0019,0.0445,0.0107,0.0029,0.0187,0.0050,0.0093,0.0379,0.0005
ac_0dB,1-18631-A-23.wav,0.0586,0.0176,0.0069,0.7158,0.0185,0.0228,0.0117,0.0198,0.0192,0.0016
ac_0dB,1-18655-A-31.wav,0.0139,0.0145,0.0081,0.0116,0.0057,0.0169,0.0110,0.0066,0.0389,0.0046
ac_0dB,1-187207-A-20.wav,0.0188,0.0118,0.1891,0.0404,0.0112,0.1089,0.0107,0.0146,0.0200,0.0040
ac_0dB,1-18755-A-4.wav,0.0006,0.0002,0.0115,0.0009,0.0003,0.0030,0.0017,0.0009,0.0225,0.0003
ac_0dB,1-18755-B-4.wav,0.0023,0.0008,0.0036,0.0047,0.0011,0.0068,0.0260,0.0007,0.0132,0.0014
ac_0dB,1-18757-A-4.wav,0.0147,0.0033,0.0191,0.0234,0.0057,0.2571,0.0104,0.0021,0.0140,0.0009
ac_0dB,1-18810-A-49.wav,0.0240,0.0080,0.0165,0.0341,0.0355,0.0151,0.0046,0.0261,0.0461,0.0066
ac_0dB,1-19026-A-43.wav,0.0134,0.0195,0.0492,0.0354,0.0277,0.0463,0.0203,0.0269,0.8581,0.0041
ac_0dB,1-19111-A-24.wav,0.0112,0.0433,0.0553,0.0269,0.0199,0.2153,0.0187,0.0132,0.0588,0.0047
ac_0dB,1-19118-A-24.wav,0.0173,0.0733,0.0392,0.0328,0.0316,0.0603,0.0411,0.0147,0.0413,0.0021
ac_0dB,1-19501-A-7.wav,0.0100,0.0091,0.0323,0.0169,0.0046,0.0134,0.0150,0.0079,0.0277,0.0015
ac_0dB,1-196660-A-8.wav,0.0254,0.0024,0.3115,0.0357,0.0027,0.0220,0.0028,0.0068,0.0412,0.0015
ac_0dB,1-196660-B-8.wav,0.0083,0.0006,0.0268,0.0088,0.0016,0.0037,0.0028,0.0040,0.0567,0.0003
ac_0dB,1-19840-A-36.wav,0.0090,0.0043,0.0058,0.0164,0.0030,0.0111,0.0039,0.0045,0.0309,0.0112
ac_0dB,1-19872-A-36.wav,0.0047,0.0063,0.0055,0.0145,0.0035,0.0078,0.0070,0.0021,0.0706,0.0067
ac_0dB,1-19872-B-36.wav,0.0034,0.0040,0.0042,0.0096,0.0012,0.0056,0.0024,0.0018,0.0221,0.0108
ac_0dB,1-19898-A-41.wav,0.3879,0.0013,0.0070,0.2566,0.0014,0.0025,0.0087,0.0010,0.0166,0.0001
ac_0dB,1-19898-B-41.wav,0.0021,0.0004,0.0212,0.0027,0.0005,0.0033,0.0026,0.0010,0.0131,0.0004
ac_0dB,1-19898-C-41.wav,0.1761,0.0042,0.0252,0.0700,0.0081,0.0217,0.0162,0.0149,0.2074,0.0057
ac_0dB,1-20133-A-39.wav,0.0119,0.0034,0.0085,0.0297,0.0136,0.0109,0.0147,0.0127,0.0558,0.9943
ac_0dB,1-202111-A-3.wav,0.0184,0.0115,0.0059,0.0203,0.0085,0.0113,0.0185,0.0054,0.0612,0.0016
ac_0dB,1-20545-A-28.wav,0.0063,0.0036,0.0199,0.0133,0.0029,0.0177,0.0043,0.0068,0.0566,0.0045
ac_0dB,1-20736-A-18.wav,0.0062,0.0113,0.0073,0.0150,0.0150,0.0206,0.0663,0.0029,0.0255,0.0100
ac_0dB,1-208757-A-2.wav,0.0309,0.2023,0.1483,0.0658,0.0624,0.5242,0.0137,0.0145,0.0189,0.0035
ac_0dB,1-208757-B-2.wav,0.0067,0.0039,0.1093,0.0088,0.0026,0.0202,0.0055,0.0119,0.0768,0.0054
ac_0dB,1-208757-C-2.wav,0.3405,0.0243,0.0820,0.2490,0.0333,0.0197,0.5806,0.0133,0.0177,0.0024
ac_0dB,1-208757-D-2.wav,0.0242,0.0224,0.1430,0.0197,0.0177,0.0102,0.0076,0.0090,0.0484,0.0016
ac_0dB,1-208757-E-2.wav,0.0012,0.0013,0.0194,0.0028,0.0004,0.0040,0.0027,0.0060,0.0031,0.0006
ac_0dB,1-211527-A-20.wav,0.0065,0.0026,0.1589,0.0091,0.0067,0.0363,0.0134,0.0137,0.0541,0.0019
ac_0dB,1-211527-B-20.wav,0.0024,0.0106,0.1492,0.0051,0.0051,0.9403,0.0023,0.0091,0.0101,0.0002
ac_0dB,1-211527-C-20.wav,0.0040,0.0009,0.0315,0.0047,0.0005,0.0135,0.0021,0.0031,0.0190,0.0011
ac_0dB,1-21189-A-10.wav,0.0039,0.0023,0.0106,0.0045,0.0016,0.0322,0.0046,0.0047,0.0441,0.0017
ac_0dB,1-21421-A-46.wav,0.0002,0.0001,0.0066,0.0004,0.0001,0.0012,0.0004,0.0005,0.0632,0.0002
ac_0dB,1-21896-A-35.wav,0.0030,0.0038,0.0445,0.0046,0.0049,0.0164,0.0031,0.0049,0.2090,0.0016
ac_0dB,1-21934-A-38.wav,0.0007,0.0011,0.0042,0.0012,0.0014,0.0037,0.0063,0.0053,0.0609,0.0007
ac_0dB,1-21935-A-38.wav,0.0024,0.0005,0.0131,0.0054,0.0013,0.0063,0.0014,0.0063,0.0263,0.0021
ac_0dB,1-223162-A-25.wav,0.0050,0.0029,0.0081,0.0067,0.0033,0.0167,0.0058,0.0064,0.0554,0.0059
ac_0dB,1-22694-A-20.wav,0.0138,0.0080,0.0457,0.0214,0.0114,0.0389,0.0159,0.0227,0.0239,0.0086
ac_0dB,1-22694-B-20.wav,0.0138,0.0073,0.0899,0.0129,0.0107,0.0354,0.0102,0.0294,0.0472,0.0062
ac_0dB,1-22804-A-46.wav,0.0012,0.0004,0.0055,0.0020,0.0007,0.0109,0.0023,0.0007,0.0155,0.0004
ac_0dB,1-22882-A-44.wav,0.0022,0.0016,0.0033,0.0051,0.0012,0.0114,0.0031,0.0650,0.0478,0.0041
ac_0dB,1-23094-A-15.wav,0.0078,0.0096,0.0093,0.0238,0.0040,0.0144,0.0088,0.0050,0.0494,0.0420
ac_0dB,1-23094-B-15.wav,0.0566,0.0060,0.0150,0.0812,0.0055,0.0131,0.0265,0.0257,0.0377,0.0904
ac_0dB,1-23222-A-19.wav,0.0185,0.0069,0.1856,0.0327,0.0093,0.0092,0.0125,0.0192,0.0658,0.0013
ac_0dB,1-23222-B-19.wav,0.0092,0.0069,0.0058,0.0133,0.0067,0.0261,0.0083,0.0081,0.0548,0.0018
ac_0dB,1-23706-A-49.wav,0.0021,0.0032,0.0051,0.0103,0.0028,0.0101,0.0043,0.0069,0.0308,0.0015
ac_0dB,1-23996-A-35.wav,0.0051,0.0035,0.0077,0.0059,0.0013,0.0134,0.0062,0.0067,0.0369,0.0030
ac_0dB,1-23996-B-35.wav,0.0036,0.0019,0.0085,0.0046,0.0010,0.0089,0.0048,0.0057,0.0399,0.0023
ac_0dB,1-24074-A-43.wav,0.0071,0.0010,0.0119,0.0066,0.0013,0.0035,0.0098,0.0029,0.8503,0.0040
ac_0dB,1-24076-A-43.wav,0.0045,0.0006,0.1085,0.0033,0.0018,0.0071,0.0078,0.0018,0.9729,0.0015
ac_0dB,1-24524-A-19.wav,0.0079,0.0096,0.0032,0.0161,0.0035,0.0186,0.0150,0.0093,0.0290,0.0015
ac_0dB,1-24524-B-19.wav,0.0059,0.0026,0.0100,0.0105,0.0015,0.0105,0.0041,0.0352,0.0335,0.0039
ac_0dB,1-24524-C-19.wav,0.0044,0.0041,0.0110,0.0071,0.0012,0.0125,0.0134,0.0351,0.0378,0.0049
ac_0dB,1-24796-A-47.wav,0.0022,0.0010,0.0178,0.0044,0.0009,0.0081,0.0067,0.0038,0.0917,0.0065
ac_0dB,1-254507-A-43.wav,0.0062,0.0030,0.0125,0.0076,0.0018,0.0146,0.0052,0.0056,0.1231,0.0020
ac_0dB,1-25777-A-48.wav,0.0232,0.0057,0.0051,0.0287,0.0024,0.0046,0.0056,0.0306,0.0177,0.0028
ac_0dB,1-25781-A-48.wav,0.0037,0.0054,0.0079,0.0041,0.0027,0.0171,0.0040,0.0052,0.0502,0.0020
ac_0dB,1-260640-A-2.wav,0.0495,0.0030,0.0376,0.0452,0.0008,0.0204,0.0073,0.0036,0.0222,0.0010
ac_0dB,1-260640-B-2.wav,0.0147,0.0051,0.0113,0.0140,0.0025,0.0273,0.0022,0.0012,0.0167,0.0007
ac_0dB,1-260640-C-2.wav,0.0662,0.0037,0.0508,0.0474,0.0017,0.0485,0.0123,0.0030,0.0814,0.0071
ac_0dB,1-26143-A-21.wav,0.0227,0.4063,0.0118,0.0585,0.8085,0.0171,0.0191,0.0081,0.0459,0.0034
ac_0dB,1-26176-A-43.wav,0.0048,0.0019,0.0087,0.0104,0.0013,0.0111,0.0046,0.0027,0.8352,0.0034
ac_0dB,1-26177-A-43.wav,0.0231,0.0114,0.0117,0.0412,0.0108,0.0195,0.0326,0.0365,0.2211,0.0179
ac_0dB,1-26188-A-30.wav,0.0182,0.0233,0.0334,0.0183,0.0129,0.0246,0.0208,0.0262,0.1328,0.0035
ac_0dB,1-26222-A-10.wav,0.0035,0.0041,0.0086,0.0049,0.0022,0.0359,0.0066,0.0076,0.0628,0.0015
ac_0dB,1-26806-A-1.wav,0.0032,0.0051,0.0057,0.0167,0.0022,0.0055,0.0029,0.0027,0.0209,0.0030
ac_0dB,1-27165-A-35.wav,0.0051,0.0028,0.0050,0.0111,0.0023,0.0080,0.0043,0.0052,0.0388,0.0049
ac_0dB,1-27166-A-35.wav,0.0021,0.0018,0.0053,0.0029,0.0012,0.0085,0.0033,0.0042,0.0254,0.0015
ac_0dB,1-27403-A-28.wav,0.7583,0.0039,0.0201,0.6117,0.0061,0.0265,0.0217,0.0115,0.0889,0.0017
ac_0dB,1-27405-A-28.wav,0.6431,0.0059,0.0380,0.4132,0.0039,0.0179,0.0116,0.0253,0.0149,0.0022
ac_0dB,1-27724-A-1.wav,0.0376,0.0046,0.0073,0.0435,0.0029,0.0204,0.0098,0.0063,0.0464,0.0034
ac_0dB,1-28005-A-18.wav,0.0042,0.0018,0.0071,0.0045,0.0014,0.0122,0.0040,0.0014,0.0167,0.0009
ac_0dB,1-28135-A-11.wav,0.0065,0.0050,0.0160,0.0086,0.0048,0.0201,0.0103,0.0071,0.1245,0.0019
ac_0dB,1-28135-B-11.wav,0.0031,0.0080,0.0633,0.0041,0.0021,0.0394,0.0199,0.0061,0.1042,0.0012
ac_0dB,1-28808-A-43.wav,0.0054,0.0016,0.0238,0.0049,0.0040,0.0324,0.0157,0.0044,0.9299,0.0018
ac_0dB,1-29532-A-16.wav,0.0035,0.0011,0.0044,0.0044,0.0013,0.0100,0.0033,0.0043,0.0321,0.0008
ac_0dB,1-29561-A-10.wav,0.0049,0.0029,0.0079,0.0052,0.0035,0.0352,0.0080,0.0062,0.0858,0.0017
ac_0dB,1-29680-A-21.wav,0.0167,0.0783,0.0480,0.0984,0.2936,0.0352,0.0916,0.0671,0.0191,0.0211
ac_0dB,1-30039-A-26.wav,0.0441,0.1551,0.3333,0.0641,0.0525,0.1779,0.0170,0.0233,0.1135,0.0043
ac_0dB,1-30043-A-26.wav,0.0101,0.0041,0.0734,0.0128,0.0055,0.8096,0.0103,0.0401,0.0642,0.0050
ac_0dB,1-30214-A-18.wav,0.1225,0.0191,0.0120,0.1035,0.0426,0.0394,0.0121,0.0252,0.0472,0.0029
ac_0dB,1-30226-A-0.wav,0.0029,0.0030,0.0223,0.0084,0.0024,0.0116,0.5281,0.0029,0.0661,0.0026
ac_0dB,1-30344-A-0.wav,0.0016,0.0025,0.0186,0.0079,0.0021,0.0100,0.7697,0.0031,0.0742,0.0006
ac_0dB,1-30709-A-23.wav,0.6498,0.0144,0.0748,0.9207,0.0142,0.0071,0.0013,0.0173,0.0269,0.0014
ac_0dB,1-30709-B-23.wav,0.0920,0.0166,0.0032,0.9495,0.0161,0.0038,0.0006,0.0030,0.0162,0.0017
ac_0dB,1-30709-C-23.wav,0.2573,0.0101,0.0077,0.9765,0.0038,0.0026,0.0012,0.0009,0.0223,0.0113
ac_0dB,1-30830-A-24.wav,0.0068,0.0438,0.0151,0.0125,0.0058,0.1994,0.0060,0.0194,0.0623,0.0046
ac_0dB,1-31251-A-6.wav,0.0012,0.0019,0.0086,0.0017,0.0004,0.0060,0.0060,0.0003,0.0302,0.0005
ac_0dB,1-31251-B-6.wav,0.1795,0.0107,0.0163,0.0972,0.0027,0.9073,0.0086,0.0018,0.0540,0.0011
ac_0dB,1-31482-A-42.wav,0.0015,0.0036,0.0507,0.0078,0.0015,0.0340,0.0129,0.0043,0.0468,0.0011
ac_0dB,1-31482-B-42.wav,0.0041,0.0012,0.0054,0.0045,0.0009,0.0076,0.0015,0.0032,0.0314,0.0002
ac_0dB,1-31748-A-21.wav,0.0108,0.0686,0.0161,0.0523,0.4710,0.0146,0.0100,0.0030,0.0510,0.0024
ac_0dB,1-31836-A-4.wav,0.0052,0.0010,0.0376,0.0051,0.0020,0.0630,0.0071,0.0018,0.0109,0.0012
ac_0dB,1-31836-B-4.wav,0.0017,0.0011,0.3371,0.0018,0.0007,0.0063,0.0038,0.0014,0.0112,0.0008
ac_0dB,1-32318-A-0.wav,0.0060,0.0070,0.0456,0.0140,0.0050,0.0954,0.3809,0.0065,0.0500,0.0028
ac_0dB,1-32373-A-35.wav,0.0034,0.0023,0.0035,0.0085,0.0013,0.0083,0.0044,0.0023,0.0083,0.0007
ac_0dB,1-32373-B-35.wav,0.0127,0.0034,0.0066,0.0217,0.0035,0.0153,0.0085,0.0090,0.0483,0.0057
ac_0dB,1-32579-A-29.wav,0.0474,0.0341,0.0221,0.0578,0.0171,0.0322,0.0678,0.0472,0.0205,0.0103
ac_0dB,1-33658-A-26.wav,0.0608,0.0897,0.0761,0.1289,0.4574,0.4380,0.0230,0.0082,0.0270,0.0107
ac_0dB,1-34094-A-5.wav,0.0027,0.0018,0.0227,0.0039,0.0007,0.0091,0.0036,0.0022,0.0322,0.0015
ac_0dB,1-34094-B-5.wav,0.0008,0.0010,0.0142,0.0027,0.0005,0.0070,0.0045,0.0033,0.0128,0.0006
ac_0dB,1-34119-A-1.wav,0.0060,0.0033,0.0106,0.0087,0.0035,0.0212,0.0056,0.0062,0.0506,0.0073
ac_0dB,1-34119-B-1.wav,0.0113,0.0087,0.0039,0.0188,0.0056,0.0129,0.0200,0.0092,0.0656,0.0069
ac_0dB,1-34495-A-14.wav,0.0048,0.0036,0.4478,0.0079,0.0016,0.0112,0.0061,0.0091,0.0348,0.0023
ac_0dB,1-34497-A-14.wav,0.0363,0.0102,0.0036,0.0372,0.0075,0.0065,0.0069,0.0035,0.0862,0.0032
ac_0dB,1-34853-A-37.wav,0.0009,0.0014,0.0047,0.0019,0.0003,0.0046,0.0038,0.0002,0.0104,0.0010
ac_0dB,1-35687-A-38.wav,0.0030,0.0018,0.0084,0.0065,0.0023,0.0104,0.0034,0.0304,0.0232,0.0031
ac_0dB,1-36164-A-26.wav,0.0310,0.2588,0.0193,0.0773,0.0939,0.5035,0.0317,0.0294,0.0352,0.0084
ac_0dB,1-36164-B-26.wav,0.0171,0.0969,0.0305,0.1197,0.0692,0.8636,0.0113,0.0054,0.0370,0.0100
ac_0dB,1-36393-A-23.wav,0.3212,0.0077,0.0236,0.5121,0.0077,0.0136,0.0143,0.0124,0.0339,0.0013
ac_0dB,1-36397-A-23.wav,0.0461,0.0095,0.0031,0.0918,0.0098,0.0176,0.0176,0.0092,0.0310,0.0031
ac_0dB,1-36400-A-23.wav,0.0902,0.0144,0.0112,0.3747,0.0204,0.0360,0.0084,0.0068,0.0633,0.0042
ac_0dB,1-36402-A-23.wav,0.1181,0.0115,0.0056,0.6173,0.0297,0.0164,0.0167,0.0245,0.1536,0.0379
ac_0dB,1-36929-A-47.wav,0.0026,0.0025,0.1472,0.0107,0.0046,0.0112,0.0101,0.0030,0.1734,0.0015
ac_0dB,1-37226-A-29.wav,0.0463,0.2861,0.0098,0.1333,0.0450,0.0554,0.0134,0.0113,0.0676,0.0102
ac_0dB,1-38559-A-14.wav,0.0056,0.0031,0.0048,0.0117,0.0051,0.0087,0.0049,0.0080,0.0408,0.0107
ac_0dB,1-38560-A-14.wav,0.0086,0.0036,0.0089,0.0139,0.0038,0.0108,0.0051,0.0122,0.0473,0.0144
ac_0dB,1-39835-A-9.wav,0.0016,0.0188,0.0052,0.0030,0.0032,0.0113,0.0036,0.0020,0.0103,0.0005
ac_0dB,1-39835-B-9.wav,0.0028,0.0052,0.0041,0.0212,0.0018,0.0039,0.0035,0.0012,0.0617,0.0012
ac_0dB,1-39901-A-11.wav,0.0053,0.0101,0.0039,0.0031,0.0020,0.0073,0.0043,0.0018,0.0256,0.0015
ac_0dB,1-39901-B-11.wav,0.0047,0.0033,0.0069,0.0084,0.0010,0.0039,0.0039,0.0017,0.0102,0.0017
ac_0dB,1-39923-A-1.wav,0.0062,0.0042,0.0105,0.0060,0.0032,0.0227,0.0053,0.0052,0.0528,0.0019
ac_0dB,1-39937-A-28.wav,0.6968,0.0168,0.0080,0.6101,0.0214,0.0143,0.0152,0.0122,0.0329,0.0564
ac_0dB,1-40154-A-46.wav,0.0007,0.0003,0.0088,0.0009,0.0010,0.0049,0.0022,0.0018,0.0192,0.0004
ac_0dB,1-40621-A-28.wav,0.6882,0.0080,0.0115,0.7704,0.0047,0.0148,0.0059,0.0043,0.0923,0.0022
ac_0dB,1-40730-A-1.wav,0.0209,0.0020,0.0032,0.0352,0.0017,0.0029,0.0297,0.0043,0.0220,0.0022
ac_0dB,1-40967-A-28.wav,0.5207,0.1373,0.0085,0.7975,0.0187,0.0232,0.0043,0.0064,0.0769,0.0033
ac_0dB,1-41615-A-34.wav,0.0104,0.0144,0.0142,0.0140,0.0113,0.0317,0.0852,0.0106,0.0244,0.0073
ac_0dB,1-4211-A-12.wav,0.0057,0.0026,0.0128,0.0073,0.0023,0.0364,0.0376,0.0444,0.0723,0.0013
ac_0dB,1-42139-A-38.wav,0.0133,0.0087,0.0266,0.0216,0.0059,0.0203,0.0147,0.0176,0.0686,0.0027
ac_0dB,1-43382-A-1.wav,0.0086,0.0044,0.0054,0.0138,0.0033,0.0100,0.0123,0.0052,0.0185,0.0010
ac_0dB,1-43760-A-11.wav,0.0009,0.0026,0.0057,0.0025,0.0020,0.0179,0.0016,0.0019,0.0192,0.0003
ac_0dB,1-43764-A-34.wav,0.0104,0.0165,0.0090,0.0168,0.0161,0.0176,0.0296,0.0127,0.0826,0.0066
ac_0dB,1-43807-A-47.wav,0.0023,0.0039,0.0212,0.0092,0.0031,0.0207,0.0103,0.0023,0.0849,0.0007
ac_0dB,1-43807-B-47.wav,0.0092,0.0039,0.0084,0.0092,0.0023,0.0160,0.0057,0.0056,0.1096,0.0009
ac_0dB,1-43807-C-47.wav,0.0097,0.0038,0.0117,0.0266,0.0033,0.0102,0.0207,0.0186,0.0254,0.0070
ac_0dB,1-43807-D-47.wav,0.0061,0.0020,0.0132,0.0111,0.0020,0.0156,0.0032,0.0043,0.0738,0.0022
ac_0dB,1-44831-A-1.wav,0.0105,0.0080,0.0146,0.0192,0.0100,0.0145,0.0087,0.0048,0.0717,0.0031
ac_0dB,1-45641-A-27.wav,0.0037,0.0007,0.0095,0.0160,0.0013,0.0086,0.0048,0.0008,0.0666,0.0068
ac_0dB,1-45645-A-31.wav,0.0057,0.0039,0.0574,0.0106,0.0028,0.0176,0.0066,0.0044,0.0236,0.0016
ac_0dB,1-46040-A-14.wav,0.0100,0.0144,0.2682,0.0227,0.0117,0.1148,0.0142,0.0160,0.0310,0.0115
ac_0dB,1-46272-A-12.wav,0.0007,0.0014,0.0062,0.0025,0.0005,0.0106,0.0027,0.0022,0.0505,0.0003
ac_0dB,1-46274-A-18.wav,0.0064,0.0037,0.0099,0.0071,0.0018,0.0178,0.0065,0.0034,0.0174,0.0190
ac_0dB,1-46353-A-49.wav,0.0004,0.0039,0.0228,0.0051,0.0031,0.0183,0.0027,0.0001,0.0450,0.0001
ac_0dB,1-46744-A-36.wav,0.0055,0.0026,0.0048,0.0134,0.0018,0.0092,0.0055,0.0077,0.0236,0.0064
ac_0dB,1-46938-A-7.wav,0.0053,0.0025,0.0371,0.0102,0.0042,0.0084,0.0073,0.0049,0.2052,0.0045
ac_0dB,1-46938-B-7.wav,0.0064,0.0061,0.0181,0.0115,0.0036,0.0256,0.0067,0.0086,0.0421,0.0016
ac_0dB,1-47250-A-41.wav,0.0049,0.0016,0.0092,0.0056,0.0011,0.0017,0.0031,0.0012,0.0377,0.0007
ac_0dB,1-47250-B-41.wav,0.1281,0.0134,0.0265,0.2041,0.0123,0.0156,0.0088,0.0041,0.0631,0.0062
ac_0dB,1-47273-A-21.wav,0.0108,0.0161,0.1208,0.0181,0.5149,0.0392,0.0115,0.0224,0.0188,0.0026
ac_0dB,1-47274-A-21.wav,0.0083,0.0508,0.0635,0.0678,0.7821,0.0521,0.0194,0.0112,0.0228,0.0163
ac_0dB,1-47709-A-16.wav,0.0103,0.0050,0.0200,0.0110,0.0037,0.0224,0.0081,0.0068,0.0640,0.0027
ac_0dB,1-47714-A-16.wav,0.0094,0.0097,0.0065,0.0226,0.0093,0.0198,0.0209,0.0205,0.0477,0.0215
ac_0dB,1-47819-A-5.wav,0.0134,0.0079,0.0098,0.0166,0.0053,0.0180,0.0097,0.0111,0.1203,0.0021
ac_0dB,1-47819-B-5.wav,0.0087,0.0054,0.0254,0.0114,0.0134,0.0230,0.0139,0.0172,0.0806,0.0031
ac_0dB,1-47819-C-5.wav,0.0163,0.0019,0.0310,0.0237,0.0054,0.0080,0.0045,0.0076,0.0614,0.0035
ac_0dB,1-47923-A-28.wav,0.8849,0.0095,0.0455,0.8811,0.0136,0.0158,0.0285,0.0057,0.0719,0.0044
ac_0dB,1-48298-A-46.wav,0.0023,0.0053,0.0073,0.0053,0.0104,0.0144,0.0049,0.0168,0.0103,0.0021
ac_0dB,1-48413-A-38.wav,0.0015,0.0005,0.0067,0.0021,0.0011,0.0039,0.0029,0.0189,0.0455,0.0012
ac_0dB,1-49098-A-35.wav,0.0121,0.0021,0.0103,0.0123,0.0022,0.0089,0.0097,0.0203,0.0202,0.0026
ac_0dB,1-49409-A-8.wav,0.0247,0.0078,0.0591,0.0188,0.0097,0.0540,0.0055,0.0269,0.0450,0.0020
ac_0dB,1-49409-B-8.wav,0.0172,0.0024,0.1405,0.0236,0.0076,0.0395,0.0020,0.0099,0.0144,0.0033
ac_0dB,1-50060-A-10.wav,0.0042,0.0041,0.0080,0.0053,0.0042,0.0327,0.0045,0.0017,0.0363,0.0019
ac_0dB,1-50454-A-44.wav,0.0068,0.0028,0.0048,0.0080,0.0020,0.0153,0.0042,0.0041,0.0724,0.0019
ac_0dB,1-50455-A-44.wav,0.0054,0.0035,0.0084,0.0049,0.0017,0.0175,0.0057,0.0034,0.0686,0.0023
ac_0dB,1-50623-A-15.wav,0.0190,0.0286,0.0079,0.0262,0.0083,0.0227,0.0188,0.0335,0.0219,0.0037
ac_0dB,1-50625-A-17.wav,0.0094,0.0097,0.0189,0.0073,0.0111,0.0206,0.0054,0.0105,0.0303,0.0022
ac_0dB,1-50661-A-44.wav,0.0032,0.0027,0.0562,0.0089,0.0030,0.0138,0.0045,0.0038,0.0398,0.0021
ac_0dB,1-50688-A-17.wav,0.0075,0.0230,0.0031,0.0093,0.0053,0.0251,0.0067,0.0060,0.0428,0.0011
ac_0dB,1-51035-A-16.wav,0.0036,0.0017,0.0069,0.0067,0.0012,0.0063,0.0019,0.0042,0.0502,0.0007
ac_0dB,1-51036-A-16.wav,0.0057,0.0085,0.0071,0.0084,0.0035,0.0235,0.0096,0.0101,0.0394,0.0021
ac_0dB,1-51037-A-16.wav,0.0072,0.0047,0.0182,0.0094,0.0038,0.0324,0.0076,0.0060,0.1245,0.0016
ac_0dB,1-51147-A-25.wav,0.0027,0.0048,0.0354,0.0049,0.0025,0.0145,0.0038,0.0218,0.0187,0.0117
ac_0dB,1-51170-A-18.wav,0.0009,0.0015,0.0081,0.0024,0.0009,0.0068,0.0022,0.0020,0.0199,0.0020
ac_0dB,1-51433-A-17.wav,0.0049,0.0076,0.0046,0.0124,0.0008,0.0209,0.0049,0.0007,0.0336,0.0018
ac_0dB,1-51436-A-17.wav,0.0013,0.0021,0.0096,0.0055,0.0004,0.0026,0.0014,0.0004,0.0078,0.0004
ac_0dB,1-51805-A-33.wav,0.0173,0.0009,0.0310,0.0147,0.0017,0.0070,0.0038,0.0046,0.0394,0.0055
ac_0dB,1-51805-B-33.wav,0.0034,0.0058,0.0436,0.0118,0.0096,0.0241,0.0119,0.0263,0.0176,0.0071
ac_0dB,1-51805-C-33.wav,0.0094,0.0015,0.0152,0.0163,0.0058,0.0168,0.0121,0.0087,0.0818,0.0063
ac_0dB,1-51805-D-33.wav,0.0671,0.0017,0.0548,0.0775,0.0015,0.0103,0.0039,0.0092,0.0365,0.0027
ac_0dB,1-51805-E-33.wav,0.0130,0.0119,0.0319,0.0217,0.0075,0.0257,0.0271,0.0113,0.0412,0.0032
ac_0dB,1-51805-F-33.wav,0.1211,0.0074,0.0533,0.2347,0.0076,0.0203,0.0291,0.0068,0.1718,0.0034
ac_0dB,1-51805-G-33.wav,0.0454,0.0020,0.0145,0.0370,0.0037,0.0086,0.0079,0.0118,0.0196,0.0166
ac_0dB,1-51805-H-33.wav,0.0058,0.0060,0.0141,0.0072,0.0053,0.0123,0.0096,0.0077,0.1418,0.0010
ac_0dB,1-52266-A-24.wav,0.0079,0.9207,0.0192,0.0198,0.0682,0.0528,0.0310,0.0023,0.0853,0.0008
ac_0dB,1-52290-A-30.wav,0.0031,0.0036,0.0053,0.0167,0.0013,0.0059,0.0029,0.0115,0.0182,0.0036
ac_0dB,1-52323-A-24.wav,0.0952,0.1932,0.0673,0.0985,0.0759,0.0607,0.0169,0.0091,0.0474,0.0064
ac_0dB,1-53444-A-28.wav,0.7745,0.0229,0.0159,0.7071,0.0302,0.0165,0.0323,0.0104,0.0187,0.0043
ac_0dB,1-53467-A-47.wav,0.0108,0.0093,0.0188,0.0112,0.0177,0.0262,0.0186,0.0215,0.0577,0.0035
ac_0dB,1-53501-A-32.wav,0.0055,0.0024,0.0460,0.0053,0.0016,0.0086,0.0112,0.0234,0.1032,0.0008
ac_0dB,1-53663-A-24.wav,0.0182,0.9950,0.0278,0.0818,0.1645,0.0245,0.1050,0.0124,0.0153,0.0224
ac_0dB,1-53670-A-18.wav,0.0057,0.0120,0.0166,0.0083,0.0121,0.0109,0.0036,0.0038,0.0447,0.0033
ac_0dB,1-54065-A-45.wav,0.0061,0.0030,0.0099,0.0106,0.0016,0.0112,0.0066,0.0033,0.1032,0.0030
ac_0dB,1-54065-B-45.wav,0.0090,0.0034,0.0182,0.0090,0.0073,0.0159,0.0073,0.0343,0.0648,0.0012
ac_0dB,1-54084-A-42.wav,0.0009,0.0007,0.0079,0.0018,0.0007,0.0100,0.0047,0.0065,0.2919,0.0009
ac_0dB,1-54505-A-21.wav,0.0186,0.0448,0.0170,0.0906,0.1115,0.0497,0.0446,0.0304,0.0220,0.0172
ac_0dB,1-54747-A-46.wav,0.0060,0.0027,0.0136,0.0107,0.0036,0.0331,0.0078,0.0047,0.0701,0.0012
ac_0dB,1-54752-A-18.wav,0.0010,0.0011,0.0160,0.0021,0.0004,0.0042,0.0012,0.0019,0.0076,0.0004
ac_0dB,1-54918-A-14.wav,0.0024,0.0033,0.0030,0.0052,0.0028,0.0057,0.0292,0.0041,0.0918,0.0074
ac_0dB,1-54918-B-14.wav,0.0119,0.0079,0.0075,0.0134,0.0033,0.0269,0.0355,0.0178,0.0316,0.0013
ac_0dB,1-54958-A-10.wav,0.0045,0.0050,0.0053,0.0069,0.0039,0.0482,0.0055,0.0075,0.0409,0.0027
ac_0dB,1-56233-A-9.wav,0.0005,0.0023,0.0059,0.0008,0.0008,0.0028,0.0016,0.0005,0.0137,0.0006
ac_0dB,1-56234-A-9.wav,0.2117,0.0009,0.0037,0.2358,0.0011,0.0043,0.0051,0.0024,0.0155,0.0025
ac_0dB,1-56269-A-18.wav,0.0020,0.0013,0.0235,0.0068,0.0044,0.0090,0.0028,0.0053,0.0404,0.0039
ac_0dB,1-56270-A-29.wav,0.0062,0.1373,0.0159,0.0160,0.0692,0.0154,0.0205,0.0079,0.0849,0.0021
ac_0dB,1-56311-A-10.wav,0.0043,0.0049,0.0111,0.0066,0.0047,0.0272,0.0062,0.0024,0.0400,0.0010
ac_0dB,1-56380-A-5.wav,0.0037,0.0013,0.0677,0.0081,0.0019,0.0378,0.0020,0.0043,0.0334,0.0035
ac_0dB,1-56380-B-5.wav,0.0057,0.0061,0.2294,0.0153,0.0065,0.0289,0.0053,0.0773,0.0476,0.0039
ac_0dB,1-56907-A-46.wav,0.0026,0.0021,0.0070,0.0062,0.0034,0.0074,0.0063,0.0010,0.0340,0.0038
ac_0dB,1-57163-A-38.wav,0.0031,0.0011,0.0244,0.0038,0.0013,0.0152,0.0066,0.0041,0.0165,0.0048
ac_0dB,1-57316-A-13.wav,0.0068,0.0041,0.0022,0.0112,0.0049,0.0096,0.0061,0.0064,0.0484,0.0035
ac_0dB,1-57318-A-13.wav,0.0209,0.0029,0.0059,0.0206,0.0047,0.0099,0.0068,0.0058,0.0699,0.0023
ac_0dB,1-57795-A-8.wav,0.0169,0.0011,0.1245,0.0193,0.0065,0.0107,0.0007,0.0049,0.0139,0.0045
ac_0dB,1-58277-A-3.wav,0.0118,0.0175,0.1079,0.0310,0.0179,0.0220,0.0177,0.0140,0.1784,0.0035
ac_0dB,1-58792-A-24.wav,0.0119,0.0523,0.1796,0.1202,0.2575,0.0401,0.0159,0.0595,0.0427,0.0160
ac_0dB,1-58846-A-34.wav,0.0158,0.0071,0.0123,0.0324,0.0054,0.0127,0.0057,0.0074,0.0143,0.0062
ac_0dB,1-58923-A-27.wav,0.0026,0.0008,0.0122,0.0089,0.0009,0.0406,0.0014,0.0010,0.0307,0.0013
ac_0dB,1-58923-B-27.wav,0.0034,0.0005,0.0057,0.0262,0.0014,0.0152,0.0136,0.0033,0.0545,0.0053
ac_0dB,1-59102-A-13.wav,0.0014,0.0008,0.0093,0.0030,0.0029,0.0037,0.0098,0.0129,0.1568,0.0058
ac_0dB,1-59324-A-21.wav,0.0317,0.0656,0.0440,0.0982,0.2312,0.0269,0.0412,0.0087,0.0214,0.0017
ac_0dB,1-59513-A-0.wav,0.0020,0.0029,0.0030,0.0073,0.0022,0.0086,0.5966,0.0024,0.0387,0.0004
ac_0dB,1-5996-A-6.wav,0.0034,0.0025,0.0972,0.0077,0.0014,0.0097,0.0049,0.0028,0.0484,0.0039
ac_0dB,1-60460-A-36.wav,0.0018,0.0021,0.0114,0.0082,0.0020,0.0069,0.0030,0.0045,0.0175,0.0224
ac_0dB,1-60676-A-34.wav,0.0063,0.0026,0.0694,0.0107,0.0021,0.0270,0.0066,0.0095,0.1642,0.0007
ac_0dB,1-60997-A-20.wav,0.0052,0.0024,0.0494,0.0088,0.0027,0.1310,0.0018,0.0064,0.0317,0.0021
ac_0dB,1-60997-B-20.wav,0.0046,0.0047,0.0235,0.0096,0.0015,0.0459,0.0015,0.0051,0.0178,0.0003
ac_0dB,1-61212-A-32.wav,0.0040,0.0027,0.0104,0.0035,0.0012,0.0144,0.0047,0.0016,0.0333,0.0013
ac_0dB,1-61221-A-17.wav,0.0202,0.0087,0.0154,0.0293,0.0098,0.0084,0.0163,0.0100,0.0689,0.0033
ac_0dB,1-61252-A-11.wav,0.0022,0.0019,0.0246,0.0018,0.0019,0.0258,0.0079,0.0034,0.1694,0.0006
ac_0dB,1-61261-A-44.wav,0.0070,0.0029,0.0220,0.0061,0.0028,0.0113,0.0046,0.0045,0.1129,0.0005
ac_0dB,1-61534-A-27.wav,0.0304,0.0093,0.0108,0.0377,0.0124,0.0153,0.0145,0.0044,0.0327,0.0088
ac_0dB,1-62509-A-45.wav,0.0029,0.0014,0.0192,0.0047,0.0011,0.0099,0.0033,0.0041,0.0954,0.0161
ac_0dB,1-62565-A-44.wav,0.0123,0.0128,0.0117,0.0196,0.0134,0.0202,0.0198,0.0129,0.0794,0.0115
ac_0dB,1-62594-A-32.wav,0.0238,0.0102,0.0539,0.0278,0.0141,0.0154,0.0204,0.0324,0.0346,0.0049
ac_0dB,1-62849-A-38.wav,0.0042,0.0028,0.0082,0.0058,0.0089,0.0479,0.0049,0.0174,0.0353,0.0008
ac_0dB,1-62850-A-38.wav,0.0277,0.0452,0.0349,0.1380,0.0807,0.1255,0.0384,0.0053,0.1611,0.0025
ac_0dB,1-63679-A-24.wav,0.0181,0.3875,0.2573,0.0832,0.1309,0.3257,0.0120,0.0193,0.0536,0.0165
ac_0dB,1-63871-A-10.wav,0.0022,0.0036,0.0113,0.0035,0.0011,0.0224,0.0053,0.0067,0.0332,0.0009
ac_0dB,1-64398-A-41.wav,0.4984,0.0024,0.0481,0.2597,0.0048,0.0083,0.0084,0.0119,0.0594,0.0046
ac_0dB,1-64398-B-41.wav,0.0046,0.0019,0.0267,0.0083,0.0014,0.0091,0.0137,0.0036,0.0453,0.0018
ac_0dB,1-64473-A-45.wav,0.0059,0.0028,0.0092,0.0100,0.0030,0.0154,0.0055,0.0032,0.0775,0.0160
ac_0dB,1-65483-A-13.wav,0.0407,0.0045,0.2290,0.0620,0.0091,0.0148,0.0178,0.0139,0.0700,0.0013
ac_0dB,1-67033-A-37.wav,0.0022,0.0018,0.0123,0.0052,0.0024,0.0105,0.0079,0.0019,0.0445,0.0049
ac_0dB,1-67152-A-17.wav,0.0040,0.0024,0.0073,0.0056,0.0016,0.0053,0.0017,0.0020,0.0679,0.0005
ac_0dB,1-67230-A-29.wav,0.8511,0.0379,0.0076,0.8051,0.0775,0.0287,0.0119,0.0072,0.0297,0.0009
ac_0dB,1-67432-A-27.wav,0.0109,0.0004,0.0042,0.0201,0.0008,0.0028,0.0183,0.0017,0.0165,0.0023
ac_0dB,1-68628-A-27.wav,0.0149,0.0029,0.0178,0.0191,0.0021,0.0140,0.0064,0.0058,0.0395,0.0037
ac_0dB,1-68670-A-34.wav,0.0493,0.0233,0.0151,0.0787,0.0381,0.0157,0.0656,0.0459,0.0111,0.0016
ac_0dB,1-68734-A-34.wav,0.0063,0.0026,0.0263,0.0146,0.0081,0.0211,0.0120,0.0014,0.0247,0.0013
ac_0dB,1-69165-A-34.wav,0.0097,0.0024,0.0300,0.0176,0.0022,0.0115,0.0134,0.0135,0.0148,0.0008
ac_0dB,1-69422-A-3.wav,0.0094,0.0181,0.0176,0.0216,0.0156,0.0264,0.0520,0.0112,0.0299,0.0012
ac_0dB,1-69641-A-3.wav,0.0196,0.0110,0.0401,0.0338,0.0104,0.0270,0.0098,0.0107,0.0411,0.0084
ac_0dB,1-69760-A-16.wav,0.0157,0.0087,0.0074,0.0162,0.0098,0.0220,0.0149,0.0120,0.0280,0.0053
ac_0dB,1-70300-A-45.wav,0.0137,0.0039,0.0188,0.0213,0.0030,0.0154,0.0075,0.0137,0.1893,0.0018
ac_0dB,1-7057-A-12.wav,0.0014,0.0022,0.0026,0.0029,0.0004,0.0083,0.0032,0.0056,0.0333,0.0001
ac_0dB,1-71030-A-6.wav,0.0024,0.0041,0.0075,0.0049,0.0022,0.0277,0.0043,0.0046,0.0280,0.0007
ac_0dB,1-72195-A-37.wav,0.0007,0.0003,0.0032,0.0017,0.0001,0.0021,0.0011,0.0010,0.0468,0.0011
ac_0dB,1-72195-B-37.wav,0.0006,0.0013,0.0063,0.0012,0.0002,0.0056,0.0023,0.0049,0.0077,0.0016
ac_0dB,1-72229-A-6.wav,0.0141,0.0030,0.0154,0.0159,0.0031,0.0201,0.0125,0.0039,0.0787,0.0031
ac_0dB,1-72229-B-6.wav,0.0733,0.0057,0.0226,0.0985,0.0079,0.0225,0.0228,0.0062,0.0434,0.0029
ac_0dB,1-72695-A-26.wav,0.0121,0.0274,0.0295,0.0305,0.1532,0.6553,0.0177,0.0084,0.0267,0.0043
ac_0dB,1-73123-A-26.wav,0.0143,0.0096,0.0292,0.0181,0.0088,0.7578,0.0131,0.0034,0.0861,0.0018
ac_0dB,1-73585-A-7.wav,0.0037,0.0014,0.0088,0.0039,0.0018,0.0126,0.0033,0.0043,0.0085,0.0033
ac_0dB,1-74517-A-37.wav,0.0042,0.0021,0.0845,0.0050,0.0014,0.0067,0.0013,0.0013,0.0578,0.0016
ac_0dB,1-7456-A-13.wav,0.0202,0.0046,0.0042,0.0163,0.0068,0.0135,0.0059,0.0130,0.0697,0.0036
ac_0dB,1-75162-A-9.wav,0.0028,0.0056,0.0022,0.0063,0.0017,0.0014,0.0054,0.0041,0.0270,0.0009
ac_0dB,1-75189-A-7.wav,0.0054,0.0040,0.0399,0.0100,0.0030,0.0195,0.0070,0.0136,0.0715,0.0041
ac_0dB,1-75190-A-8.wav,0.0268,0.0023,0.0192,0.0500,0.0031,0.0060,0.0031,0.0197,0.0079,0.0002
ac_0dB,1-76831-A-42.wav,0.0014,0.0008,0.0060,0.0014,0.0005,0.0070,0.0025,0.0006,0.0579,0.0003
ac_0dB,1-76831-B-42.wav,0.0007,0.0002,0.0100,0.0005,0.0003,0.0040,0.0005,0.0005,0.1631,0.0002
ac_0dB,1-76831-C-42.wav,0.0024,0.0014,0.0052,0.0021,0.0004,0.0041,0.0005,0.0012,0.0436,0.0006
ac_0dB,1-76831-D-42.wav,0.0002,0.0005,0.0074,0.0004,0.0004,0.0038,0.0009,0.0005,0.0357,0.0001
ac_0dB,1-76831-E-42.wav,0.0003,0.0008,0.0089,0.0005,0.0005,0.0067,0.0007,0.0014,0.2432,0.0007
ac_0dB,1-77160-A-3.wav,0.0060,0.0038,0.1676,0.0079,0.0034,0.0062,0.0077,0.0063,0.0445,0.0029
ac_0dB,1-77241-A-3.wav,0.0008,0.0003,0.0082,0.0016,0.0002,0.0010,0.0012,0.0002,0.1127,0.0002
ac_0dB,1-79113-A-5.wav,0.0123,0.0111,0.0213,0.0241,0.0044,0.0285,0.0062,0.0113,0.0231,0.0265
ac_0dB,1-79146-A-29.wav,0.0192,0.0116,0.0094,0.0202,0.0040,0.0171,0.0087,0.0110,0.0521,0.0058
ac_0dB,1-79220-A-17.wav,0.0097,0.0045,0.0136,0.0118,0.0033,0.0058,0.0055,0.0075,0.0138,0.0060
ac_0dB,1-79236-A-36.wav,0.0007,0.0010,0.0037,0.0018,0.0008,0.0057,0.0023,0.0014,0.0393,0.0038
ac_0dB,1-79711-A-32.wav,0.0013,0.0027,0.0090,0.0018,0.0004,0.0120,0.0030,0.0006,0.0289,0.0010
ac_0dB,1-7973-A-7.wav,0.0058,0.0058,0.0117,0.0106,0.0022,0.0183,0.0111,0.0123,0.0630,0.0018
ac_0dB,1-7974-A-49.wav,0.0362,0.0212,0.0218,0.1436,0.0274,0.0286,0.0141,0.0082,0.0337,0.0079
ac_0dB,1-7974-B-49.wav,0.0258,0.0065,0.0181,0.2842,0.0089,0.0216,0.0432,0.0121,0.1711,0.0073
ac_0dB,1-80785-A-7.wav,0.0172,0.0073,0.0684,0.0203,0.0075,0.0168,0.0189,0.0233,0.0878,0.0029
ac_0dB,1-80840-A-13.wav,0.0181,0.0064,0.0062,0.0226,0.0031,0.0150,0.0143,0.0257,0.0328,0.0009
ac_0dB,1-80841-A-13.wav,0.0315,0.0078,0.0082,0.0469,0.0097,0.0121,0.0107,0.0046,0.0149,0.0012
ac_0dB,1-81001-A-30.wav,0.0074,0.0033,0.0045,0.0097,0.0026,0.0179,0.0027,0.0822,0.0214,0.0049
ac_0dB,1-81001-B-30.wav,0.0138,0.0095,0.0365,0.0224,0.0094,0.0266,0.0108,0.0819,0.0115,0.0023
ac_0dB,1-81269-A-3.wav,0.0099,0.0023,0.0359,0.0104,0.0058,0.0141,0.0198,0.0177,0.1119,0.0034
ac_0dB,1-81851-A-31.wav,0.0200,0.0081,0.0039,0.0408,0.0047,0.0058,0.0739,0.0034,0.0228,0.0012
ac_0dB,1-81883-A-21.wav,0.0252,0.6200,0.0426,0.0902,0.8186,0.0260,0.0095,0.0114,0.0293,0.0042
ac_0dB,1-82817-A-30.wav,0.0048,0.0042,0.0227,0.0098,0.0020,0.0164,0.0053,0.0054,0.0410,0.0046
ac_0dB,1-84393-A-32.wav,0.0178,0.0082,0.0073,0.0163,0.0045,0.0233,0.0125,0.0132,0.0298,0.0088
ac_0dB,1-84536-A-39.wav,0.0086,0.0054,0.0114,0.0111,0.0030,0.0187,0.0066,0.0076,0.0917,0.9997
ac_0dB,1-84704-A-39.wav,0.0034,0.0028,0.0070,0.0047,0.0013,0.0266,0.0051,0.0043,0.0560,0.9099
ac_0dB,1-84705-A-39.wav,0.0135,0.0057,0.0056,0.0274,0.0117,0.0108,0.0058,0.0059,0.0214,0.0049
ac_0dB,1-85123-A-31.wav,0.0044,0.0095,0.0120,0.0046,0.0037,0.0446,0.0091,0.0049,0.0628,0.0029
ac_0dB,1-85168-A-39.wav,0.0138,0.0059,0.0184,0.0312,0.0130,0.0110,0.0159,0.0490,0.0422,0.9393
ac_0dB,1-85184-A-39.wav,0.0116,0.0074,0.0171,0.0127,0.0064,0.0322,0.0145,0.0124,0.0606,0.9394
ac_0dB,1-85362-A-0.wav,0.0019,0.0015,0.0056,0.0038,0.0012,0.0023,0.6501,0.0009,0.0438,0.0001
ac_0dB,1-85909-A-29.wav,0.0169,0.0115,0.0033,0.0241,0.0075,0.0124,0.0093,0.0210,0.0391,0.0017
ac_0dB,1-87565-A-29.wav,0.0126,0.0146,0.0242,0.0160,0.0047,0.0125,0.0164,0.0153,0.0238,0.0025
ac_0dB,1-88409-A-45.wav,0.0052,0.0050,0.4072,0.0142,0.0091,0.0498,0.0078,0.0256,0.0702,0.0061
ac_0dB,1-88409-B-45.wav,0.0050,0.0026,0.0244,0.0066,0.0014,0.0079,0.0105,0.0060,0.0607,0.0004
ac_0dB,1-88574-A-8.wav,0.0147,0.0013,0.0139,0.0161,0.0041,0.0305,0.0049,0.0327,0.0144,0.0020
ac_0dB,1-88807-A-39.wav,0.0114,0.0082,0.0074,0.0185,0.0053,0.0184,0.0060,0.0046,0.0743,0.5973
ac_0dB,1-90797-A-15.wav,0.0144,0.0233,0.0125,0.0242,0.0095,0.0378,0.0128,0.0108,0.0416,0.0036
ac_0dB,1-91359-A-11.wav,0.0035,0.0048,0.0226,0.0037,0.0033,0.0219,0.0071,0.0040,0.1263,0.0009
ac_0dB,1-91359-B-11.wav,0.0074,0.0077,0.0119,0.0083,0.0067,0.0229,0.0149,0.0120,0.1553,0.0029
ac_0dB,1-94036-A-22.wav,0.0015,0.0008,0.0134,0.0025,0.0006,0.0192,0.0022,0.0023,0.1270,0.0016
ac_0dB,1-94231-A-32.wav,0.0121,0.0055,0.0032,0.0129,0.0055,0.0128,0.0076,0.0135,0.0204,0.0026
ac_0dB,1-94231-B-32.wav,0.0046,0.0062,0.0074,0.0068,0.0024,0.0158,0.0051,0.0020,0.0507,0.0041
ac_0dB,1-95563-A-31.wav,0.0095,0.0024,0.0010,0.0095,0.0010,0.0045,0.0031,0.0008,0.0142,0.0009
ac_0dB,1-96890-A-37.wav,0.0033,0.0023,0.0600,0.0150,0.0029,0.0053,0.0059,0.0021,0.0219,0.0009
ac_0dB,1-96950-A-9.wav,0.0070,0.0050,0.0077,0.0083,0.0028,0.0196,0.0047,0.0048,0.0561,0.0012
ac_0dB,1-96950-B-9.wav,0.0003,0.0009,0.0078,0.0012,0.0005,0.0011,0.0011,0.0007,0.0057,0.0002
ac_0dB,1-97392-A-0.wav,0.0083,0.0069,0.0177,0.0178,0.0087,0.0291,0.3609,0.0092,0.0820,0.0083
ac_0dB,1-977-A-39.wav,0.0217,0.0093,0.0099,0.0388,0.0062,0.0209,0.0241,0.0384,0.0319,0.1651
ac_0dB,1-97793-A-31.wav,0.0190,0.0030,0.0129,0.0129,0.0030,0.0100,0.0274,0.0088,0.0835,0.0017
ac_0dB,1-9841-A-13.wav,0.0291,0.0086,0.0337,0.0296,0.0094,0.0274,0.0160,0.0395,0.0631,0.0046
ac_0dB,1-9886-A-49.wav,0.0686,0.0246,0.0286,0.1741,0.0611,0.0266,0.0167,0.0024,0.0361,0.0411
ac_0dB,1-9887-A-49.wav,0.0020,0.0020,0.0428,0.0036,0.0044,0.0112,0.0088,0.0016,0.0294,0.0119
ac_0dB,1-9887-B-49.wav,0.0114,0.0068,0.0162,0.0334,0.0106,0.0332,0.0264,0.0197,0.0353,0.0295
ac_0dB,1-99958-A-31.wav,0.0176,0.0019,0.0023,0.0190,0.0022,0.0079,0.0054,0.0090,0.0377,0.0011
ac_0dB,2-100648-A-43.wav,0.0020,0.0014,0.0119,0.0030,0.0010,0.0178,0.0034,0.0038,0.9725,0.0024
ac_0dB,2-100786-A-1.wav,0.0032,0.0050,0.0091,0.0319,0.0021,0.0116,0.0031,0.0024,0.0143,0.0025
ac_0dB,2-101676-A-10.wav,0.0007,0.0014,0.0087,0.0018,0.0006,0.0139,0.0023,0.0022,0.0377,0.0008
ac_0dB,2-102414-A-17.wav,0.0136,0.0317,0.0309,0.0236,0.0489,0.0253,0.0137,0.0346,0.0188,0.0016
ac_0dB,2-102414-B-17.wav,0.0006,0.0014,0.0093,0.0039,0.0015,0.0085,0.0019,0.0009,0.0171,0.0114
ac_0dB,2-102414-C-17.wav,0.0070,0.0037,0.0703,0.0065,0.0012,0.0081,0.0030,0.0075,0.1216,0.0009
ac_0dB,2-102414-D-17.wav,0.0115,0.0109,0.0082,0.0194,0.0046,0.0131,0.0161,0.0105,0.0916,0.0026
ac_0dB,2-102414-E-17.wav,0.0292,0.0178,0.0083,0.0277,0.0040,0.0363,0.0110,0.0022,0.0612,0.0014
ac_0dB,2-102414-F-17.wav,0.0083,0.0072,0.0042,0.0146,0.0034,0.0132,0.0088,0.0020,0.0350,0.0086
ac_0dB,2-102414-G-17.wav,0.0061,0.0056,0.0156,0.0093,0.0035,0.0131,0.0081,0.0068,0.0830,0.0036
ac_0dB,2-102435-A-37.wav,0.0769,0.0033,0.0075,0.0517,0.0010,0.0116,0.0079,0.0038,0.0372,0.0022
ac_0dB,2-102567-A-35.wav,0.0116,0.0071,0.0063,0.0258,0.0087,0.0121,0.0074,0.0085,0.0211,0.0049
ac_0dB,2-102567-B-35.wav,0.0065,0.0035,0.0142,0.0071,0.0015,0.0113,0.0048,0.0179,0.0600,0.0060
ac_0dB,2-102567-C-35.wav,0.0117,0.0095,0.0071,0.0179,0.0094,0.0197,0.0255,0.0308,0.0743,0.0050
ac_0dB,2-102567-D-35.wav,0.0082,0.0038,0.0080,0.0098,0.0042,0.0194,0.0172,0.0081,0.1032,0.0025
ac_0dB,2-102568-A-35.wav,0.0020,0.0017,0.0171,0.0048,0.0026,0.0101,0.0062,0.0038,0.0539,0.0017
ac_0dB,2-102581-A-29.wav,0.0187,0.0459,0.0048,0.0220,0.0128,0.0195,0.0470,0.0122,0.0278,0.0016
ac_0dB,2-102581-B-29.wav,0.0089,0.0056,0.0192,0.0093,0.0029,0.0175,0.0058,0.0064,0.0532,0.0027
ac_0dB,2-102852-A-11.wav,0.0023,0.0027,0.0159,0.0033,0.0010,0.0122,0.0045,0.0025,0.0292,0.0036
ac_0dB,2-103423-A-3.wav,0.0117,0.0194,0.0645,0.0245,0.0156,0.0167,0.0358,0.0128,0.0445,0.0050
ac_0dB,2-103424-A-3.wav,0.0068,0.0028,0.0076,0.0092,0.0021,0.0151,0.0047,0.0044,0.0582,0.0011
ac_0dB,2-103426-A-3.wav,0.0054,0.0050,0.0148,0.0212,0.0031,0.0063,0.0046,0.0027,0.0252,0.0023
ac_0dB,2-103427-A-3.wav,0.0069,0.0028,0.0522,0.0081,0.0048,0.0187,0.0049,0.0100,0.1431,0.0026
ac_0dB,2-103428-A-3.wav,0.0184,0.0076,0.0512,0.0411,0.0056,0.0074,0.0908,0.0151,0.0778,0.0046
ac_0dB,2-104105-A-19.wav,0.0103,0.0024,0.0115,0.0173,0.0042,0.0235,0.0089,0.0127,0.0756,0.0021
ac_0dB,2-104105-B-19.wav,0.0022,0.0011,0.0050,0.0038,0.0007,0.0085,0.0018,0.0045,0.0202,0.0004
ac_0dB,2-104168-A-32.wav,0.0026,0.0040,0.0069,0.0046,0.0018,0.0111,0.0078,0.0050,0.0269,0.0010
ac_0dB,2-104475-A-37.wav,0.0008,0.0011,0.0060,0.0024,0.0003,0.0072,0.0017,0.0010,0.0344,0.0039
ac_0dB,2-104476-A-37.wav,0.0003,0.0015,0.0042,0.0025,0.0007,0.0053,0.0061,0.0001,0.0085,0.0007
ac_0dB,2-104877-A-3.wav,0.0061,0.0236,0.2106,0.0108,0.0171,0.0803,0.0457,0.0069,0.0555,0.0039
ac_0dB,2-104952-A-16.wav,0.0076,0.0036,0.0095,0.0076,0.0030,0.0227,0.0048,0.0093,0.0707,0.0018
ac_0dB,2-104952-B-16.wav,0.0090,0.0045,0.0058,0.0174,0.0045,0.0114,0.0065,0.0128,0.0389,0.0099
ac_0dB,2-105270-A-47.wav,0.0078,0.0034,0.0075,0.0122,0.0038,0.0148,0.0052,0.0098,0.0584,0.0043
ac_0dB,2-106014-A-44.wav,0.0082,0.0035,0.0086,0.0111,0.0023,0.0115,0.0046,0.0035,0.0730,0.0014
ac_0dB,2-106015-A-44.wav,0.0044,0.0039,0.0186,0.0047,0.0038,0.0110,0.0134,0.0066,0.0425,0.0020
ac_0dB,2-106015-B-44.wav,0.0008,0.0027,0.0188,0.0011,0.0011,0.0108,0.0017,0.0023,0.1181,0.0016
ac_0dB,2-106019-A-13.wav,0.0050,0.0010,0.0042,0.0053,0.0010,0.0059,0.0035,0.0077,0.0134,0.0004
ac_0dB,2-106072-A-36.wav,0.0019,0.0021,0.0087,0.0044,0.0017,0.0074,0.0030,0.0012,0.0304,0.0074
ac_0dB,2-106073-A-36.wav,0.0054,0.0028,0.0086,0.0089,0.0019,0.0146,0.0098,0.0040,0.0811,0.0103
ac_0dB,2-106486-A-44.wav,0.0026,0.0141,0.4181,0.0064,0.0133,0.0473,0.0886,0.0125,0.0801,0.0018
ac_0dB,2-106487-A-44.wav,0.0113,0.0032,0.0089,0.0100,0.0022,0.0174,0.0049,0.0053,0.0755,0.0026
ac_0dB,2-106849-A-47.wav,0.0237,0.0039,0.0143,0.0539,0.0035,0.0076,0.0581,0.0177,0.0245,0.0025
ac_0dB,2-106881-A-39.wav,0.0030,0.0034,0.0112,0.0050,0.0013,0.0128,0.0065,0.0036,0.0411,0.0018
ac_0dB,2-107228-A-44.wav,0.0025,0.0050,0.0027,0.0045,0.0008,0.0040,0.0092,0.0022,0.0048,0.0074
ac_0dB,2-107228-B-44.wav,0.0056,0.0027,0.0025,0.0082,0.0010,0.0104,0.0077,0.0018,0.0237,0.0036
ac_0dB,2-107351-A-20.wav,0.0218,0.0552,0.1562,0.0695,0.0256,0.4743,0.0088,0.0035,0.0302,0.0027
ac_0dB,2-107351-B-20.wav,0.0017,0.0020,0.1543,0.0023,0.0013,0.1370,0.0028,0.0122,0.0260,0.0016
ac_0dB,2-108017-A-24.wav,0.0061,0.0061,0.0237,0.0068,0.0041,0.0180,0.0063,0.0091,0.0511,0.0029
ac_0dB,2-108760-A-14.wav,0.0223,0.0072,0.0081,0.0244,0.0066,0.0113,0.0217,0.0130,0.0383,0.0093
ac_0dB,2-108760-B-14.wav,0.0193,0.0283,0.0191,0.0249,0.0096,0.0523,0.1032,0.0189,0.0799,0.0050
ac_0dB,2-108761-A-14.wav,0.0095,0.0118,0.0066,0.0143,0.0080,0.0099,0.0290,0.0035,0.1271,0.0036
ac_0dB,2-108763-A-9.wav,0.0051,0.0043,0.0229,0.0232,0.0027,0.0034,0.0037,0.0009,0.0337,0.0018
ac_0dB,2-108766-A-9.wav,0.0011,0.0011,0.0100,0.0038,0.0004,0.0011,0.0010,0.0004,0.0429,0.0002
ac_0dB,2-108767-A-9.wav,0.0085,0.0050,0.0056,0.0076,0.0059,0.0072,0.0095,0.0043,0.0360,0.0007
ac_0dB,2-108767-B-9.wav,0.0422,0.0183,0.0118,0.0398,0.0156,0.0293,0.0239,0.0142,0.1499,0.0047
ac_0dB,2-108767-C-9.wav,0.0024,0.0016,0.0026,0.0132,0.0007,0.0009,0.0021,0.0008,0.0201,0.0004
ac_0dB,2-109231-A-9.wav,0.0058,0.0091,0.0045,0.0091,0.0041,0.0308,0.0199,0.0043,0.0285,0.0006
ac_0dB,2-109231-B-9.wav,0.0019,0.0010,0.0178,0.0038,0.0014,0.0337,0.0021,0.0008,0.0338,0.0014
ac_0dB,2-109231-C-9.wav,0.0442,0.0204,0.0097,0.1007,0.0281,0.0449,0.0309,0.0140,0.0588,0.0061
ac_0dB,2-109316-A-32.wav,0.0112,0.0073,0.0023,0.0151,0.0035,0.0174,0.0041,0.0105,0.0210,0.0020
ac_0dB,2-109371-A-16.wav,0.0079,0.0053,0.0104,0.0112,0.0046,0.0192,0.0082,0.0087,0.1105,0.0022
ac_0dB,2-109371-B-16.wav,0.0126,0.0066,0.0082,0.0248,0.0081,0.0108,0.0138,0.0051,0.0404,0.0060
ac_0dB,2-109371-C-16.wav,0.0054,0.0048,0.0130,0.0108,0.0051,0.0155,0.0046,0.0128,0.0637,0.0050
ac_0dB,2-109371-D-16.wav,0.0142,0.0091,0.0703,0.0205,0.0090,0.0223,0.0187,0.0238,0.0325,0.0037
ac_0dB,2-109374-A-16.wav,0.0213,0.0081,0.0171,0.0248,0.0104,0.0221,0.0209,0.0223,0.0997,0.0055
ac_0dB,2-109505-A-21.wav,0.0191,0.0414,0.2994,0.0883,0.0707,0.0233,0.0086,0.0127,0.0342,0.0016
ac_0dB,2-109759-A-26.wav,0.0858,0.0329,0.0531,0.1929,0.0510,0.1518,0.0186,0.0071,0.0369,0.0109
ac_0dB,2-109759-B-26.wav,0.2109,0.0218,0.0240,0.1559,0.0075,0.7896,0.0090,0.0050,0.0377,0.0011
ac_0dB,2-110010-A-5.wav,0.0141,0.0103,0.0709,0.0383,0.0189,0.0253,0.0219,0.0193,0.0493,0.0088
ac_0dB,2-110011-A-5.wav,0.0102,0.0047,0.0325,0.0115,0.0047,0.0139,0.0137,0.0143,0.0668,0.0021
ac_0dB,2-110417-A-28.wav,0.5427,0.0051,0.0062,0.6151,0.0029,0.0223,0.0062,0.0081,0.0864,0.0027
ac_0dB,2-110417-B-28.wav,0.5891,0.0163,0.0086,0.5615,0.0105,0.0056,0.0036,0.0198,0.0225,0.0049
ac_0dB,2-110613-A-13.wav,0.0330,0.0013,0.0053,0.0388,0.0022,0.0064,0.0039,0.0010,0.0867,0.0055
ac_0dB,2-110614-A-8.wav,0.1271,0.0028,0.0279,0.0692,0.0024,0.0081,0.0049,0.0102,0.0281,0.0013
ac_0dB,2-110614-B-8.wav,0.0211,0.0010,0.0114,0.0164,0.0025,0.0128,0.0082,0.0032,0.1802,0.0005
ac_0dB,2-112213-A-39.wav,0.0023,0.0011,0.0696,0.0173,0.0051,0.0062,0.0013,0.0067,0.0474,1.0000
ac_0dB,2-112213-B-39.wav,0.0036,0.0039,0.0196,0.0406,0.0131,0.0041,0.0048,0.0052,0.0352,0.9998
ac_0dB,2-114254-A-30.wav,0.0067,0.0067,0.0202,0.0161,0.0070,0.0274,0.0116,0.0086,0.0435,0.0035
ac_0dB,2-114280-A-0.wav,0.0009,0.0009,0.0070,0.0019,0.0009,0.0021,0.6656,0.0022,0.0960,0.0005
ac_0dB,2-114587-A-0.wav,0.0006,0.0027,0.0113,0.0017,0.0042,0.0245,0.7931,0.0004,0.0236,0.0003
ac_0dB,2-114609-A-28.wav,0.0095,0.0036,0.0107,0.0085,0.0027,0.0174,0.0052,0.0091,0.0541,0.0021
ac_0dB,2-114609-B-28.wav,0.0109,0.0095,0.0060,0.0529,0.0050,0.0130,0.0070,0.0162,0.0153,0.0040
ac_0dB,2-116400-A-0.wav,0.0047,0.0196,0.0404,0.0098,0.0166,0.0578,0.3903,0.0144,0.0726,0.0027
ac_0dB,2-117116-A-37.wav,0.0034,0.0034,0.0460,0.0233,0.0020,0.0222,0.0773,0.0012,0.0126,0.0009
ac_0dB,2-117271-A-0.wav,0.0019,0.0013,0.0085,0.0042,0.0015,0.0040,0.4762,0.0010,0.0775,0.0003
ac_0dB,2-117330-A-28.wav,0.8708,0.0223,0.1398,0.8077,0.0590,0.0128,0.0111,0.0299,0.0120,0.0015
ac_0dB,2-117615-A-48.wav,0.0042,0.0023,0.0051,0.0059,0.0005,0.0081,0.0039,0.0320,0.0163,0.0008
ac_0dB,2-117615-B-48.wav,0.0056,0.0048,0.0120,0.0087,0.0012,0.0116,0.0058,0.0273,0.0399,0.0027
ac_0dB,2-117615-C-48.wav,0.0115,0.0072,0.0168,0.0155,0.0061,0.0361,0.0313,0.1934,0.0586,0.0064
ac_0dB,2-117615-D-48.wav,0.0162,0.0102,0.1220,0.0182,0.0046,0.0103,0.0063,0.1247,0.0510,0.0017
ac_0dB,2-117615-E-48.wav,0.0039,0.0028,0.0050,0.0062,0.0022,0.0254,0.0041,0.1462,0.0597,0.0008
ac_0dB,2-117616-A-48.wav,0.0215,0.0060,0.0041,0.0330,0.0065,0.0204,0.0068,0.0544,0.0212,0.0082
ac_0dB,2-117617-A-48.wav,0.0078,0.0043,0.0167,0.0112,0.0040,0.0198,0.0028,0.0402,0.0418,0.0194
ac_0dB,2-117625-A-10.wav,0.0027,0.0023,0.0053,0.0043,0.0023,0.0343,0.0029,0.0030,0.0241,0.0003
ac_0dB,2-117795-A-3.wav,0.0195,0.0020,0.0151,0.0192,0.0045,0.0093,0.0155,0.0128,0.0543,0.0027
ac_0dB,2-117795-B-3.wav,0.0082,0.0006,0.0599,0.0060,0.0015,0.0040,0.0050,0.0035,0.0583,0.0018
ac_0dB,2-118072-A-0.wav,0.0061,0.0132,0.0104,0.0179,0.0042,0.0388,0.1656,0.0082,0.0211,0.0016
ac_0dB,2-118104-A-21.wav,0.0125,0.5624,0.0152,0.0838,0.5043,0.0646,0.0113,0.0051,0.1411,0.0039
ac_0dB,2-118459-A-32.wav,0.0006,0.0021,0.0038,0.0016,0.0004,0.0141,0.0010,0.0017,0.0177,0.0011
ac_0dB,2-118459-B-32.wav,0.0010,0.0039,0.0053,0.0028,0.0011,0.0215,0.0055,0.0622,0.0369,0.0016
ac_0dB,2-118624-A-30.wav,0.0104,0.0041,0.0065,0.0150,0.0020,0.0183,0.0059,0.0061,0.0672,0.0015
ac_0dB,2-118625-A-30.wav,0.0057,0.0026,0.0046,0.0184,0.0022,0.0068,0.0033,0.0228,0.0239,0.0019
ac_0dB,2-118817-A-32.wav,0.0045,0.0019,0.0038,0.0109,0.0006,0.0073,0.0024,0.0017,0.0407,0.0032
ac_0dB,2-118964-A-0.wav,0.0529,0.0431,0.0113,0.0459,0.0113,0.0102,0.7368,0.0145,0.0208,0.0039
ac_0dB,2-119102-A-21.wav,0.0117,0.0520,0.0210,0.0416,0.9113,0.0266,0.0224,0.0160,0.0493,0.0031
ac_0dB,2-119139-A-31.wav,0.0067,0.0023,0.0070,0.0183,0.0038,0.0134,0.0056,0.0095,0.0179,0.0011
ac_0dB,2-119161-A-8.wav,0.0067,0.0012,0.0803,0.0084,0.0037,0.0120,0.0045,0.0032,0.0538,0.0009
ac_0dB,2-119161-B-8.wav,0.0064,0.0016,0.0079,0.0110,0.0016,0.0045,0.0071,0.0029,0.0154,0.0016
ac_0dB,2-119161-C-8.wav,0.0073,0.0070,0.0256,0.0227,0.0137,0.0113,0.0040,0.0458,0.0446,0.0123
ac_0dB,2-119748-A-38.wav,0.0099,0.0106,0.0048,0.0123,0.0066,0.0076,0.0207,0.0830,0.0621,0.0008
ac_0dB,2-120218-A-30.wav,0.0103,0.0058,0.0084,0.0125,0.0042,0.0173,0.0072,0.0181,0.0665,0.0021
ac_0dB,2-120218-B-30.wav,0.0144,0.0086,0.0053,0.0252,0.0060,0.0223,0.0070,0.0216,0.0141,0.0049
ac_0dB,2-120333-A-32.wav,0.0017,0.0027,0.0031,0.0045,0.0003,0.0074,0.0023,0.0006,0.0430,0.0013
ac_0dB,2-120586-A-6.wav,0.0032,0.0114,0.0138,0.0043,0.0035,0.0134,0.0098,0.0027,0.0531,0.0014
ac_0dB,2-120587-A-6.wav,0.0052,0.0026,0.0162,0.0054,0.0029,0.0096,0.0105,0.0154,0.0428,0.0035
ac_0dB,2-121909-A-35.wav,0.0040,0.0014,0.0291,0.0057,0.0017,0.0137,0.0041,0.0042,0.0215,0.0006
ac_0dB,2-121978-A-29.wav,0.0155,0.0074,0.0048,0.0189,0.0078,0.0114,0.0148,0.0125,0.0535,0.0017
ac_0dB,2-122066-A-45.wav,0.0032,0.0016,0.0464,0.0032,0.0017,0.0126,0.0027,0.0043,0.0820,0.0027
ac_0dB,2-122066-B-45.wav,0.0019,0.0007,0.0091,0.0026,0.0029,0.0110,0.0012,0.0009,0.0329,0.0058
ac_0dB,2-122067-A-45.wav,0.0034,0.0040,0.0149,0.0080,0.0041,0.0055,0.0033,0.0044,0.0462,0.0361
ac_0dB,2-122067-B-45.wav,0.0008,0.0010,0.0193,0.0016,0.0013,0.0053,0.0012,0.0007,0.0171,0.0223
ac_0dB,2-122104-A-0.wav,0.0067,0.0075,0.0060,0.0166,0.0038,0.0203,0.8001,0.0034,0.0339,0.0023
ac_0dB,2-122104-B-0.wav,0.0114,0.0079,0.0698,0.0201,0.0092,0.0511,0.4088,0.0074,0.0666,0.0038
ac_0dB,2-122616-A-14.wav,0.0053,0.0045,0.0035,0.0099,0.0021,0.0091,0.0124,0.0061,0.0206,0.0053
ac_0dB,2-122763-A-29.wav,0.0150,0.0082,0.0119,0.0128,0.0037,0.0183,0.0228,0.0117,0.0795,0.0025
ac_0dB,2-122763-B-29.wav,0.0226,0.0344,0.0851,0.0491,0.0202,0.0234,0.0653,0.0182,0.0300,0.0016
ac_0dB,2-122820-A-36.wav,0.0045,0.0043,0.0057,0.0101,0.0022,0.0091,0.0056,0.0053,0.0251,0.0296
ac_0dB,2-122820-B-36.wav,0.0048,0.0049,0.0080,0.0086,0.0023,0.0147,0.0050,0.0023,0.0453,0.0087
ac_0dB,2-123712-A-33.wav,0.0073,0.0036,0.0091,0.0204,0.0067,0.0091,0.0081,0.0585,0.0415,0.0090
ac_0dB,2-123896-A-24.wav,0.0116,0.9343,0.0761,0.0313,0.0341,0.0795,0.0865,0.0295,0.0427,0.0019
ac_0dB,2-124564-A-15.wav,0.0538,0.0258,0.0295,0.0433,0.0140,0.0229,0.0207,0.0189,0.0222,0.0029
ac_0dB,2-124662-A-11.wav,0.0088,0.0045,0.0114,0.0220,0.0037,0.0075,0.0070,0.0072,0.0346,0.0028
ac_0dB,2-125520-A-43.wav,0.0019,0.0004,0.0057,0.0038,0.0005,0.0017,0.0030,0.0017,0.9636,0.0004
ac_0dB,2-125821-A-13.wav,0.0130,0.0213,0.0089,0.0155,0.0120,0.0162,0.0059,0.0042,0.0691,0.0015
ac_0dB,2-125875-A-13.wav,0.0047,0.0033,0.0212,0.0046,0.0046,0.0102,0.0101,0.0067,0.0751,0.0030
ac_0dB,2-125966-A-11.wav,0.0042,0.0043,0.0029,0.0153,0.0014,0.0086,0.0023,0.0016,0.0282,0.0016
ac_0dB,2-126433-A-17.wav,0.0029,0.0085,0.0062,0.0072,0.0007,0.0040,0.0013,0.0004,0.0267,0.0047
ac_0dB,2-126756-A-29.wav,0.0653,0.0501,0.0239,0.1485,0.0466,0.0214,0.0108,0.0047,0.0314,0.0032
ac_0dB,2-127108-A-38.wav,0.0085,0.0044,0.0130,0.0200,0.0048,0.0107,0.0169,0.0144,0.0229,0.0155
ac_0dB,2-127109-A-6.wav,0.0008,0.0067,0.0056,0.0010,0.0005,0.0200,0.0022,0.0013,0.0146,0.0001
ac_0dB,2-128465-A-43.wav,0.0025,0.0022,0.0098,0.0044,0.0025,0.0100,0.0069,0.0018,0.8282,0.0019
ac_0dB,2-128465-B-43.wav,0.0034,0.0015,0.0078,0.0031,0.0010,0.0127,0.0086,0.0038,0.9030,0.0007
ac_0dB,2-128631-A-21.wav,0.0081,0.1837,0.0696,0.0972,0.7125,0.0908,0.0054,0.0191,0.0647,0.0078
ac_0dB,2-130245-A-34.wav,0.0120,0.0167,0.0369,0.0357,0.0235,0.0348,0.0267,0.0276,0.0159,0.0038
ac_0dB,2-130978-A-21.wav,0.0147,0.0117,0.6281,0.0472,0.6293,0.0223,0.0324,0.0100,0.0755,0.1218
ac_0dB,2-130979-A-21.wav,0.0107,0.0104,0.6658,0.0344,0.9071,0.0202,0.0132,0.0220,0.0418,0.0415
ac_0dB,2-131943-A-38.wav,0.0327,0.0023,0.0151,0.0238,0.0097,0.0171,0.0069,0.0030,0.0294,0.0039
ac_0dB,2-132157-A-11.wav,0.0033,0.0026,0.0127,0.0039,0.0014,0.0122,0.0049,0.0068,0.0549,0.0039
ac_0dB,2-132157-B-11.wav,0.0033,0.0027,0.0115,0.0076,0.0022,0.0109,0.0061,0.0081,0.0313,0.0037
ac_0dB,2-133863-A-11.wav,0.0037,0.0050,0.0046,0.0103,0.0015,0.0071,0.0054,0.0029,0.0143,0.0053
ac_0dB,2-133889-A-30.wav,0.0061,0.0038,0.0086,0.0069,0.0031,0.0241,0.0068,0.0103,0.0885,0.0017
ac_0dB,2-134049-A-6.wav,0.0046,0.0021,0.0050,0.0137,0.0012,0.0239,0.0024,0.0029,0.0226,0.0032
ac_0dB,2-134700-A-38.wav,0.0070,0.0025,0.0083,0.0065,0.0020,0.0098,0.0038,0.0061,0.1148,0.0600
ac_0dB,2-134915-A-30.wav,0.0265,0.0151,0.0361,0.0818,0.0186,0.0179,0.0259,0.0141,0.0298,0.0038
ac_0dB,2-135649-A-45.wav,0.0133,0.0045,0.0209,0.0161,0.0046,0.0177,0.0229,0.0184,0.0837,0.0132
ac_0dB,2-135649-B-45.wav,0.0011,0.0009,0.0267,0.0019,0.0008,0.0145,0.0014,0.0015,0.0397,0.0004
ac_0dB,2-135649-C-45.wav,0.0107,0.0047,0.0116,0.0197,0.0025,0.0105,0.0115,0.0126,0.0540,0.0045
ac_0dB,2-135728-A-38.wav,0.0171,0.0058,0.0121,0.0267,0.0051,0.0175,0.0086,0.0089,0.0170,0.0040
ac_0dB,2-135860-A-49.wav,0.0075,0.0046,0.0187,0.0432,0.0073,0.0163,0.0102,0.0044,0.0989,0.0030
ac_0dB,2-137162-A-11.wav,0.0083,0.0049,0.0129,0.0159,0.0058,0.0408,0.0124,0.0061,0.0475,0.0021
ac_0dB,2-138257-A-31.wav,0.0109,0.0026,0.0049,0.0095,0.0021,0.0103,0.0113,0.0036,0.0874,0.0019
ac_0dB,2-138465-A-43.wav,0.0101,0.0059,0.0063,0.0170,0.0050,0.0182,0.0105,0.0086,0.1413,0.0078
ac_0dB,2-139748-A-15.wav,0.0117,0.0056,0.0139,0.0215,0.0039,0.0149,0.0118,0.0079,0.0574,0.0216
ac_0dB,2-139748-B-15.wav,0.0079,0.0086,0.0880,0.0210,0.0108,0.0190,0.0081,0.0131,0.0252,0.0090
ac_0dB,2-139749-A-15.wav,0.0165,0.0114,0.0150,0.0155,0.0086,0.0068,0.0298,0.0133,0.0376,0.0046
ac_0dB,2-140147-A-38.wav,0.0038,0.0015,0.0488,0.0065,0.0014,0.0130,0.0107,0.0062,0.0227,0.0009
ac_0dB,2-140841-A-30.wav,0.0076,0.0087,0.0041,0.0147,0.0045,0.0217,0.0159,0.0113,0.0308,0.0026
ac_0dB,2-141563-A-39.wav,0.0048,0.0029,0.0188,0.0128,0.0024,0.0207,0.0056,0.0044,0.1082,0.9909
ac_0dB,2-141584-A-38.wav,0.0118,0.0072,0.0133,0.0099,0.0083,0.0157,0.0183,0.0211,0.0262,0.0018
ac_0dB,2-141681-A-36.wav,0.0051,0.0043,0.0121,0.0124,0.0040,0.0148,0.0081,0.0039,0.0313,0.0066
ac_0dB,2-141681-B-36.wav,0.0032,0.0044,0.0146,0.0067,0.0028,0.0224,0.0068,0.0024,0.0387,0.0056
ac_0dB,2-141682-A-36.wav,0.0127,0.0046,0.0094,0.0241,0.0081,0.0139,0.0107,0.0067,0.0534,0.0072
ac_0dB,2-141682-B-36.wav,0.0028,0.0024,0.0057,0.0076,0.0024,0.0137,0.0030,0.0031,0.0328,0.0051
ac_0dB,2-144031-A-34.wav,0.0136,0.0293,0.0443,0.0323,0.0259,0.0916,0.0175,0.0218,0.0321,0.0042
ac_0dB,2-144137-A-43.wav,0.0171,0.0029,0.0152,0.0121,0.0043,0.0101,0.0158,0.0064,0.7527,0.0029
ac_0dB,2-146877-A-31.wav,0.0077,0.0025,0.0077,0.0133,0.0051,0.0084,0.0150,0.0045,0.0346,0.0021
ac_0dB,2-146877-B-31.wav,0.0024,0.0007,0.0023,0.0033,0.0014,0.0026,0.0072,0.0003,0.0165,0.0022
ac_0dB,2-151079-A-20.wav,0.0545,0.0549,0.1816,0.1224,0.0038,0.2804,0.0072,0.0049,0.0292,0.0055
ac_0dB,2-152895-A-31.wav,0.0100,0.0101,0.0071,0.0275,0.0080,0.0195,0.0182,0.0271,0.0248,0.0190
ac_0dB,2-152964-A-31.wav,0.0213,0.0070,0.1634,0.0181,0.0049,0.0105,0.0211,0.0499,0.0548,0.0009
ac_0dB,2-153388-A-31.wav,0.0134,0.0072,0.0065,0.0157,0.0036,0.0176,0.0107,0.0153,0.1273,0.0043
ac_0dB,2-154688-A-31.wav,0.0252,0.0094,0.0038,0.0339,0.0040,0.0103,0.0059,0.0099,0.0199,0.0042
ac_0dB,2-155801-A-11.wav,0.0017,0.0015,0.0109,0.0021,0.0009,0.0195,0.0062,0.0032,0.1652,0.0012
ac_0dB,2-157488-A-6.wav,0.0088,0.0108,0.0045,0.0080,0.0053,0.0073,0.0092,0.0052,0.0255,0.0020
ac_0dB,2-158746-A-2.wav,0.0703,0.0039,0.0225,0.0295,0.0041,0.0075,0.0303,0.0081,0.0836,0.0083
ac_0dB,2-158746-B-2.wav,0.0070,0.0016,0.0187,0.0051,0.0006,0.0046,0.0214,0.0154,0.0270,0.0005
ac_0dB,2-158746-C-2.wav,0.0498,0.0153,0.0099,0.0641,0.0696,0.0122,0.0150,0.0203,0.0290,0.0267
ac_0dB,2-158746-D-2.wav,0.0415,0.0522,0.0274,0.0545,0.0684,0.0272,0.0257,0.0190,0.0337,0.0120
ac_0dB,2-160128-A-7.wav,0.3894,0.0021,0.0255,0.4043,0.0024,0.0055,0.0075,0.0193,0.0180,0.0014
ac_0dB,2-160888-A-47.wav,0.0111,0.0056,0.0120,0.0210,0.0052,0.0151,0.0171,0.0119,0.0890,0.0028
ac_0dB,2-165801-A-48.wav,0.0130,0.0049,0.0050,0.0137,0.0017,0.0087,0.0057,0.0410,0.0401,0.0035
ac_0dB,2-166644-A-2.wav,0.0695,0.0114,0.0291,0.0737,0.0042,0.0145,0.0387,0.0053,0.0076,0.0006
ac_0dB,2-166644-B-2.wav,0.0110,0.0469,0.0256,0.0187,0.0049,0.0126,0.0090,0.0124,0.0236,0.0010
ac_0dB,2-166644-C-2.wav,0.0098,0.0216,0.0288,0.0142,0.0079,0.0380,0.0224,0.0112,0.0467,0.0040
ac_0dB,2-173559-A-39.wav,0.0099,0.0042,0.0194,0.0103,0.0072,0.0187,0.0154,0.0172,0.0644,0.2840
ac_0dB,2-173607-A-39.wav,0.0064,0.0018,0.0158,0.0091,0.0039,0.0168,0.0066,0.0119,0.0285,0.1880
ac_0dB,2-173618-A-39.wav,0.0054,0.0146,0.0066,0.0305,0.0081,0.0345,0.0076,0.0061,0.0339,0.9726
ac_0dB,2-182508-A-8.wav,0.0043,0.0003,0.0129,0.0036,0.0005,0.0021,0.0035,0.0066,0.0354,0.0007
ac_0dB,2-182508-B-8.wav,0.0122,0.0005,0.0143,0.0090,0.0032,0.0030,0.0110,0.0136,0.0557,0.0007
ac_0dB,2-184077-A-49.wav,0.1566,0.0077,0.0523,0.6051,0.0147,0.0139,0.0053,0.0010,0.0169,0.0006
ac_0dB,2-18766-A-12.wav,0.0033,0.0027,0.0029,0.0052,0.0009,0.0060,0.0034,0.0022,0.0332,0.0003
ac_0dB,2-18766-B-12.wav,0.0094,0.0044,0.0073,0.0181,0.0031,0.0080,0.0026,0.0037,0.0069,0.0017
ac_0dB,2-188822-A-40.wav,0.0080,0.0027,0.0124,0.0084,0.0024,0.0345,0.0089,0.0044,0.1316,0.0016
ac_0dB,2-188822-B-40.wav,0.0018,0.0042,0.0091,0.0028,0.0017,0.0123,0.0063,0.0040,0.1371,0.0098
ac_0dB,2-188822-C-40.wav,0.0124,0.0022,0.0079,0.0140,0.0030,0.0111,0.0096,0.0061,0.0840,0.0017
ac_0dB,2-188822-D-40.wav,0.0058,0.0026,0.0062,0.0079,0.0014,0.0074,0.0021,0.0033,0.0391,0.0061
ac_0dB,2-196688-A-8.wav,0.0184,0.0013,0.0517,0.0124,0.0022,0.0076,0.0072,0.0067,0.0745,0.0034
ac_0dB,2-205966-A-16.wav,0.0088,0.0042,0.0242,0.0119,0.0026,0.0164,0.0124,0.0075,0.0945,0.0016
ac_0dB,2-209471-A-25.wav,0.0087,0.0038,0.0124,0.0155,0.0023,0.0154,0.0075,0.0447,0.0374,0.0042
ac_0dB,2-209472-A-25.wav,0.0041,0.0021,0.2798,0.0073,0.0018,0.0199,0.0072,0.1511,0.0517,0.0030
ac_0dB,2-209473-A-25.wav,0.0052,0.0033,0.0077,0.0123,0.0052,0.0150,0.0041,0.0646,0.0946,0.0085
ac_0dB,2-209474-A-25.wav,0.0058,0.0022,0.0067,0.0158,0.0025,0.0123,0.0060,0.0624,0.0328,0.0047
ac_0dB,2-209475-A-25.wav,0.0048,0.0024,0.0084,0.0134,0.0031,0.0118,0.0055,0.0724,0.0251,0.0018
ac_0dB,2-209476-A-25.wav,0.0075,0.0027,0.0152,0.0159,0.0020,0.0114,0.0030,0.0414,0.0357,0.0036
ac_0dB,2-209477-A-25.wav,0.0055,0.0026,0.0117,0.0109,0.0016,0.0089,0.0026,0.1353,0.0336,0.0079
ac_0dB,2-209478-A-25.wav,0.0014,0.0005,0.0033,0.0012,0.0002,0.0032,0.0034,0.0110,0.0138,0.0002
ac_0dB,2-250710-A-39.wav,0.0081,0.0096,0.0087,0.0182,0.0033,0.0213,0.0091,0.0072,0.0335,0.0590
ac_0dB,2-25292-A-22.wav,0.0015,0.0007,0.1690,0.0015,0.0005,0.0179,0.0018,0.0059,0.0078,0.0014
ac_0dB,2-25293-A-22.wav,0.0094,0.0073,0.2758,0.0142,0.0044,0.0206,0.0101,0.0090,0.0364,0.0035
ac_0dB,2-262579-A-45.wav,0.0031,0.0034,0.0959,0.0032,0.0027,0.0095,0.0046,0.0054,0.0932,0.0010
ac_0dB,2-28314-A-12.wav,0.0080,0.0045,0.0023,0.0079,0.0021,0.0108,0.0108,0.0056,0.0788,0.0004
ac_0dB,2-28314-B-12.wav,0.0097,0.0043,0.0051,0.0123,0.0026,0.0133,0.0033,0.0042,0.0200,0.0025
ac_0dB,2-30322-A-12.wav,0.0056,0.0027,0.0058,0.0062,0.0008,0.0098,0.0046,0.0038,0.0361,0.0010
ac_0dB,2-30322-B-12.wav,0.0051,0.0070,0.0085,0.0061,0.0065,0.0301,0.0213,0.0205,0.0255,0.0008
ac_0dB,2-32515-A-4.wav,0.0020,0.0003,0.0072,0.0027,0.0005,0.0042,0.0030,0.0003,0.0232,0.0010
ac_0dB,2-32515-B-4.wav,0.0001,0.0000,0.0102,0.0005,0.0003,0.0014,0.0008,0.0009,0.0046,0.0006
ac_0dB,2-32515-C-4.wav,0.0006,0.0002,0.0110,0.0015,0.0002,0.0016,0.0015,0.0004,0.0033,0.0006
ac_0dB,2-32515-D-4.wav,0.0002,0.0001,0.1282,0.0008,0.0001,0.0019,0.0009,0.0004,0.0037,0.0002
ac_0dB,2-32834-A-4.wav,0.0010,0.0002,0.0087,0.0011,0.0004,0.0033,0.0027,0.0002,0.0140,0.0010
ac_0dB,2-37806-A-40.wav,0.0025,0.0012,0.1223,0.0070,0.0004,0.0034,0.0029,0.0006,0.0670,0.0004
ac_0dB,2-37806-B-40.wav,0.0028,0.0027,0.0134,0.0042,0.0009,0.0147,0.0053,0.0038,0.0490,0.0006
ac_0dB,2-37806-C-40.wav,0.0125,0.0039,0.0118,0.0242,0.0035,0.0097,0.0084,0.0041,0.0457,0.0017
ac_0dB,2-37806-D-40.wav,0.0046,0.0029,0.0083,0.0056,0.0018,0.0103,0.0041,0.0056,0.0709,0.0018
ac_0dB,2-37870-A-2.wav,0.1450,0.0255,0.0131,0.1122,0.0025,0.0271,0.0059,0.0069,0.0224,0.0054
ac_0dB,2-39441-A-19.wav,0.0156,0.0093,0.0137,0.0191,0.0110,0.0274,0.0470,0.0236,0.0668,0.0069
ac_0dB,2-39443-A-19.wav,0.0015,0.0008,0.0638,0.0071,0.0020,0.0064,0.0059,0.0229,0.0308,0.0007
ac_0dB,2-39443-B-19.wav,0.0108,0.0067,0.0075,0.0084,0.0022,0.0080,0.0197,0.0331,0.0397,0.0027
ac_0dB,2-39945-A-19.wav,0.0034,0.0011,0.0156,0.0030,0.0024,0.0027,0.0030,0.0026,0.0176,0.0003
ac_0dB,2-39945-B-19.wav,0.0086,0.0074,0.0093,0.0118,0.0081,0.0169,0.0131,0.0202,0.0547,0.0075
ac_0dB,2-39945-C-19.wav,0.0054,0.0036,0.0190,0.0068,0.0026,0.0143,0.0068,0.0063,0.0781,0.0014
ac_0dB,2-42101-A-43.wav,0.0052,0.0031,0.0094,0.0050,0.0015,0.0169,0.0052,0.0063,0.6149,0.0016
ac_0dB,2-43802-A-42.wav,0.0029,0.0014,0.0183,0.0035,0.0021,0.0073,0.0037,0.0089,0.3625,0.0020
ac_0dB,2-43806-A-42.wav,0.0003,0.0002,0.0041,0.0006,0.0003,0.0111,0.0010,0.0004,0.0531,0.0002
ac_0dB,2-50665-A-20.wav,0.0269,0.0128,0.2529,0.0399,0.0323,0.0261,0.0436,0.0292,0.0255,0.0033
ac_0dB,2-50666-A-20.wav,0.0067,0.0024,0.1295,0.0079,0.0014,0.0249,0.0043,0.0084,0.0430,0.0026
ac_0dB,2-50667-A-41.wav,0.0162,0.0007,0.0114,0.0266,0.0006,0.0016,0.0019,0.0023,0.0124,0.0013
ac_0dB,2-50667-B-41.wav,0.0267,0.0065,0.0164,0.0357,0.0037,0.0168,0.0076,0.0062,0.0264,0.0046
ac_0dB,2-50668-A-41.wav,0.0368,0.0022,0.0065,0.0531,0.0041,0.0114,0.0051,0.0119,0.0402,0.0063
ac_0dB,2-50668-B-41.wav,0.0028,0.0009,0.0085,0.0075,0.0009,0.0053,0.0086,0.0047,0.0188,0.0027
ac_0dB,2-50774-A-23.wav,0.0139,0.0204,0.0699,0.0383,0.0254,0.0237,0.0212,0.0107,0.1003,0.0017
ac_0dB,2-51173-A-35.wav,0.0051,0.0063,0.0063,0.0041,0.0014,0.0106,0.0036,0.0046,0.1058,0.0026
ac_0dB,2-51630-A-49.wav,0.0012,0.0010,0.0074,0.0100,0.0006,0.0044,0.0022,0.0023,0.0532,0.0011
ac_0dB,2-51630-B-49.wav,0.0015,0.0005,0.0186,0.0051,0.0008,0.0100,0.0012,0.0014,0.0323,0.0029
ac_0dB,2-52001-A-28.wav,0.0748,0.0133,0.0122,0.1007,0.0162,0.0170,0.0181,0.0151,0.0187,0.0060
ac_0dB,2-52001-B-28.wav,0.5885,0.0080,0.0124,0.5363,0.0046,0.0382,0.0115,0.0114,0.1084,0.0015
ac_0dB,2-52085-A-4.wav,0.0043,0.0008,0.0220,0.0071,0.0008,0.0108,0.0031,0.0009,0.0100,0.0008
ac_0dB,2-52085-B-4.wav,0.0038,0.0007,0.0148,0.0073,0.0013,0.0085,0.0022,0.0015,0.0058,0.0005
ac_0dB,2-52789-A-4.wav,0.0277,0.0056,0.1306,0.0477,0.0052,0.0165,0.0120,0.0069,0.0425,0.0020
ac_0dB,2-54086-A-43.wav,0.0079,0.0063,0.0366,0.0169,0.0078,0.0243,0.0155,0.0099,0.7463,0.0064
ac_0dB,2-54961-A-23.wav,0.1125,0.0211,0.1209,0.3245,0.0053,0.0083,0.0183,0.0233,0.0358,0.0010
ac_0dB,2-54962-A-23.wav,0.1913,0.0054,0.0030,0.6559,0.0040,0.0187,0.0104,0.0107,0.0952,0.0037
ac_0dB,2-56926-A-46.wav,0.0011,0.0008,0.0055,0.0039,0.0003,0.0033,0.0019,0.0016,0.0744,0.0010
ac_0dB,2-57191-A-46.wav,0.0008,0.0003,0.0095,0.0016,0.0008,0.0079,0.0028,0.0019,0.4031,0.0035
ac_0dB,2-57733-A-22.wav,0.0084,0.0058,0.0327,0.0105,0.0059,0.0358,0.0086,0.0110,0.0186,0.0018
ac_0dB,2-59241-A-35.wav,0.0072,0.0052,0.0058,0.0115,0.0043,0.0160,0.0048,0.0065,0.0495,0.0067
ac_0dB,2-59321-A-49.wav,0.1630,0.0009,0.0192,0.3793,0.0012,0.0045,0.0047,0.0038,0.0158,0.0037
ac_0dB,2-59565-A-46.wav,0.0188,0.0008,0.0046,0.0251,0.0008,0.0021,0.0022,0.0024,0.0194,0.0034
ac_0dB,2-59566-A-46.wav,0.0037,0.0011,0.0059,0.0109,0.0015,0.0036,0.0025,0.0011,0.0198,0.0019
ac_0dB,2-60180-A-49.wav,0.0015,0.0010,0.0083,0.0062,0.0004,0.0286,0.0039,0.0001,0.0394,0.0004
ac_0dB,2-60180-B-49.wav,0.0014,0.0006,0.0237,0.0476,0.0011,0.1175,0.0071,0.0002,0.0241,0.0027
ac_0dB,2-60791-A-26.wav,0.0018,0.0134,0.3040,0.0038,0.0100,0.7840,0.0218,0.0106,0.1044,0.0036
ac_0dB,2-60794-A-26.wav,0.0063,0.0106,0.0555,0.0170,0.0107,0.5560,0.0209,0.0118,0.0356,0.0021
ac_0dB,2-60795-A-26.wav,0.0055,0.0126,0.1182,0.0106,0.0107,0.1724,0.0113,0.0147,0.0765,0.0035
ac_0dB,2-60900-A-22.wav,0.0055,0.0029,0.0440,0.0093,0.0030,0.0224,0.0051,0.0134,0.0428,0.0012
ac_0dB,2-61311-A-12.wav,0.0067,0.0058,0.0103,0.0081,0.0033,0.0197,0.0087,0.0088,0.0467,0.0011
ac_0dB,2-61618-A-46.wav,0.0094,0.0015,0.0076,0.0079,0.0049,0.0134,0.0046,0.0031,0.0489,0.0031
ac_0dB,2-62226-A-26.wav,0.0095,0.0227,0.1384,0.0160,0.0058,0.5635,0.0142,0.0117,0.0269,0.0023
ac_0dB,2-64332-A-18.wav,0.0020,0.0026,0.0657,0.0040,0.0016,0.0060,0.0014,0.0021,0.0357,0.0023
ac_0dB,2-64962-A-15.wav,0.0019,0.0013,0.0108,0.0051,0.0021,0.0046,0.0052,0.0004,0.0240,0.0159
ac_0dB,2-64963-A-15.wav,0.0029,0.0016,0.0053,0.0056,0.0021,0.0089,0.0055,0.0006,0.0493,0.0063
ac_0dB,2-65484-A-18.wav,0.0011,0.0063,0.0039,0.0027,0.0024,0.0369,0.0040,0.0054,0.0332,0.0061
ac_0dB,2-65747-A-12.wav,0.0048,0.0026,0.0025,0.0141,0.0006,0.0130,0.0043,0.0042,0.0336,0.0008
ac_0dB,2-65750-A-1.wav,0.0061,0.0042,0.0103,0.0098,0.0045,0.0172,0.0048,0.0069,0.0408,0.0054
ac_0dB,2-66205-A-23.wav,0.1620,0.0176,0.0098,0.3599,0.0430,0.0386,0.0106,0.0187,0.0423,0.0045
ac_0dB,2-66637-A-20.wav,0.0104,0.3449,0.0548,0.0243,0.0204,0.3262,0.0040,0.0094,0.0663,0.0007
ac_0dB,2-66637-B-20.wav,0.0809,0.0329,0.5136,0.1462,0.0655,0.5483,0.2263,0.0085,0.0199,0.0011
ac_0dB,2-67422-A-18.wav,0.0020,0.0094,0.0106,0.0045,0.0045,0.0239,0.0024,0.0016,0.0297,0.0017
ac_0dB,2-68391-A-41.wav,0.0911,0.0072,0.0186,0.0804,0.0126,0.0138,0.0144,0.0037,0.0319,0.0022
ac_0dB,2-68391-B-41.wav,0.0039,0.0003,0.0055,0.0067,0.0004,0.0030,0.0029,0.0032,0.1343,0.0014
ac_0dB,2-68595-A-15.wav,0.0051,0.0241,0.3708,0.0071,0.0191,0.2678,0.0216,0.0030,0.0762,0.0031
ac_0dB,2-68595-B-15.wav,0.0027,0.0307,0.0116,0.0036,0.0041,0.0062,0.0186,0.0015,0.0402,0.0017
ac_0dB,2-69131-A-5.wav,0.0049,0.0035,0.0089,0.0187,0.0025,0.0068,0.0070,0.0025,0.0190,0.0022
ac_0dB,2-69131-B-5.wav,0.0235,0.0014,0.0400,0.0265,0.0013,0.0053,0.0029,0.0029,0.0542,0.0020
ac_0dB,2-70052-A-42.wav,0.0027,0.0012,0.0214,0.0072,0.0006,0.0146,0.0020,0.0011,0.0359,0.0005
ac_0dB,2-70052-B-42.wav,0.0041,0.0024,0.0164,0.0053,0.0022,0.0103,0.0134,0.0049,0.0957,0.0006
ac_0dB,2-70280-A-18.wav,0.0011,0.0008,0.0268,0.0052,0.0006,0.0068,0.0019,0.0004,0.0156,0.0032
ac_0dB,2-70344-A-33.wav,0.0078,0.0078,0.0049,0.0148,0.0046,0.0152,0.0114,0.0105,0.0310,0.0015
ac_0dB,2-70366-A-33.wav,0.0058,0.0032,0.0148,0.0083,0.0030,0.0174,0.0064,0.0033,0.0665,0.0033
ac_0dB,2-70367-A-33.wav,0.0083,0.0057,0.0119,0.0151,0.0041,0.0102,0.0140,0.0116,0.0403,0.0078
ac_0dB,2-70936-A-42.wav,0.0002,0.0008,0.0112,0.0009,0.0004,0.0115,0.0020,0.0045,0.0275,0.0004
ac_0dB,2-70938-A-42.wav,0.0061,0.0042,0.0120,0.0082,0.0024,0.0169,0.0047,0.0073,0.0867,0.0025
ac_0dB,2-70939-A-42.wav,0.0009,0.0007,0.0041,0.0018,0.0013,0.0041,0.0013,0.0005,0.0446,0.0003
ac_0dB,2-71162-A-1.wav,0.0034,0.0060,0.0271,0.0065,0.0018,0.0065,0.0183,0.0034,0.0431,0.0048
ac_0dB,2-72268-A-6.wav,0.0018,0.0021,0.0306,0.0014,0.0005,0.0118,0.0015,0.0048,0.0090,0.0015
ac_0dB,2-72547-A-14.wav,0.0023,0.0016,0.0050,0.0059,0.0024,0.0073,0.0055,0.0011,0.1060,0.0097
ac_0dB,2-72547-B-14.wav,0.0966,0.0103,0.0315,0.1112,0.0044,0.0326,0.0143,0.0065,0.1810,0.0010
ac_0dB,2-72547-C-14.wav,0.0341,0.0127,0.1270,0.0635,0.0072,0.0280,0.0149,0.0054,0.0740,0.0042
ac_0dB,2-72547-D-14.wav,0.0068,0.0083,0.0135,0.0082,0.0035,0.0159,0.0112,0.0086,0.0921,0.0028
ac_0dB,2-72677-A-18.wav,0.0113,0.0087,0.0065,0.0314,0.0048,0.0169,0.0113,0.0071,0.0223,0.0119
ac_0dB,2-72688-A-42.wav,0.0007,0.0006,0.0245,0.0025,0.0005,0.0078,0.0033,0.0035,0.1252,0.0009
ac_0dB,2-72970-A-10.wav,0.0040,0.0025,0.0121,0.0075,0.0024,0.0266,0.0077,0.0042,0.0299,0.0016
ac_0dB,2-73027-A-10.wav,0.0220,0.0179,0.0106,0.0295,0.0232,0.0331,0.0062,0.0079,0.0475,0.0021
ac_0dB,2-7321-A-33.wav,0.0148,0.0039,0.0061,0.0145,0.0031,0.0189,0.0079,0.0826,0.0446,0.0050
ac_0dB,2-73260-A-10.wav,0.0051,0.0044,0.0131,0.0049,0.0037,0.0210,0.0073,0.0083,0.0388,0.0007
ac_0dB,2-73544-A-27.wav,0.0061,0.0007,0.0085,0.0120,0.0009,0.0055,0.0040,0.0012,0.0559,0.0168
ac_0dB,2-74361-A-47.wav,0.0044,0.0013,0.0277,0.0093,0.0018,0.0112,0.0041,0.0098,0.0102,0.0011
ac_0dB,2-74977-A-18.wav,0.0075,0.0047,0.0255,0.0143,0.0037,0.0235,0.0045,0.0095,0.0458,0.0086
ac_0dB,2-75726-A-6.wav,0.0038,0.0013,0.0118,0.0077,0.0011,0.0098,0.0053,0.0021,0.0322,0.0015
ac_0dB,2-76408-A-22.wav,0.0035,0.0026,0.0186,0.0051,0.0014,0.0117,0.0051,0.0110,0.0323,0.0063
ac_0dB,2-76408-B-22.wav,0.0042,0.0024,0.1105,0.0052,0.0024,0.0208,0.0023,0.0082,0.0449,0.0016
ac_0dB,2-76408-C-22.wav,0.0021,0.0047,0.0058,0.0021,0.0009,0.0081,0.0015,0.0066,0.0424,0.0027
ac_0dB,2-76408-D-22.wav,0.0054,0.0045,0.0138,0.0105,0.0015,0.0122,0.0019,0.0233,0.0279,0.0040
ac_0dB,2-76868-A-6.wav,0.0054,0.1259,0.0068,0.0154,0.0062,0.0678,0.0051,0.0064,0.0176,0.0009
ac_0dB,2-77346-A-46.wav,0.0005,0.0008,0.0066,0.0011,0.0010,0.0076,0.0030,0.0022,0.0331,0.0007
ac_0dB,2-77347-A-46.wav,0.0035,0.0007,0.0042,0.0065,0.0005,0.0021,0.0037,0.0016,0.1218,0.0023
ac_0dB,2-77945-A-41.wav,0.0966,0.0012,0.0124,0.0763,0.0029,0.0118,0.0079,0.0145,0.0504,0.0062
ac_0dB,2-77945-B-41.wav,0.0457,0.0010,0.0099,0.0495,0.0017,0.0028,0.0019,0.0034,0.0224,0.0088
ac_0dB,2-78381-A-46.wav,0.0028,0.0018,0.0088,0.0067,0.0021,0.0071,0.0030,0.0028,0.0419,0.0034
ac_0dB,2-78562-A-37.wav,0.0006,0.0003,0.0049,0.0021,0.0004,0.0029,0.0030,0.0013,0.0597,0.0014
ac_0dB,2-78562-B-37.wav,0.0005,0.0007,0.0138,0.0017,0.0005,0.0041,0.0027,0.0031,0.0388,0.0005
ac_0dB,2-78651-A-44.wav,0.0036,0.0045,0.0039,0.0073,0.0013,0.0077,0.0049,0.0015,0.0236,0.0036
ac_0dB,2-78781-A-47.wav,0.0256,0.0028,0.3670,0.0237,0.0144,0.0189,0.0316,0.0867,0.1031,0.0057
ac_0dB,2-78799-A-47.wav,0.0065,0.0021,0.0156,0.0097,0.0065,0.0240,0.0113,0.0064,0.0851,0.0028
ac_0dB,2-79769-A-26.wav,0.0085,0.0499,0.2052,0.0260,0.0526,0.8103,0.0070,0.0394,0.0163,0.0820
ac_0dB,2-79775-A-26.wav,0.0077,0.0061,0.0110,0.0107,0.0085,0.2062,0.0316,0.0076,0.0953,0.0052
ac_0dB,2-80313-A-28.wav,0.9182,0.0031,0.0156,0.9151,0.0034,0.0154,0.0138,0.0129,0.0186,0.0008
ac_0dB,2-80482-A-20.wav,0.0128,0.0040,0.0243,0.0151,0.0019,0.0158,0.0034,0.0040,0.0274,0.0019
ac_0dB,2-80844-A-13.wav,0.0028,0.0011,0.0070,0.0037,0.0033,0.0095,0.0074,0.0071,0.0218,0.0014
ac_0dB,2-81112-A-34.wav,0.0273,0.0120,0.0054,0.0310,0.0081,0.0192,0.0209,0.0069,0.0440,0.0086
ac_0dB,2-81190-A-34.wav,0.0083,0.0068,0.0839,0.0171,0.0051,0.0232,0.0106,0.0254,0.0705,0.0048
ac_0dB,2-81270-A-1.wav,0.0051,0.0019,0.0073,0.0050,0.0010,0.0115,0.0044,0.0023,0.0480,0.0011
ac_0dB,2-81731-A-10.wav,0.0054,0.0051,0.0058,0.0106,0.0019,0.0125,0.0209,0.0178,0.0430,0.0008
ac_0dB,2-81970-A-7.wav,0.0036,0.0008,0.0162,0.0091,0.0031,0.0049,0.0048,0.0054,0.0274,0.0082
ac_0dB,2-81970-B-7.wav,0.0080,0.0049,0.0043,0.0134,0.0100,0.0110,0.0425,0.0267,0.0116,0.0050
ac_0dB,2-81970-C-7.wav,0.0144,0.0019,0.0137,0.0144,0.0043,0.0089,0.0109,0.0054,0.0977,0.0019
ac_0dB,2-82071-A-27.wav,0.0135,0.0038,0.0164,0.0208,0.0020,0.0097,0.0061,0.0064,0.0617,0.0027
ac_0dB,2-82077-A-7.wav,0.0464,0.0045,0.0051,0.0929,0.0031,0.0098,0.0159,0.0069,0.0970,0.0023
ac_0dB,2-82274-A-5.wav,0.0063,0.0016,0.0313,0.0091,0.0012,0.0151,0.0064,0.0019,0.0251,0.0011
ac_0dB,2-82274-B-5.wav,0.0170,0.0135,0.0180,0.0184,0.0083,0.0181,0.0554,0.0062,0.0677,0.0035
ac_0dB,2-82367-A-10.wav,0.0047,0.0029,0.0097,0.0035,0.0021,0.0391,0.0060,0.0042,0.0405,0.0013
ac_0dB,2-82455-A-23.wav,0.8755,0.0119,0.0044,0.9828,0.0062,0.0110,0.0011,0.0052,0.0206,0.0014
ac_0dB,2-82538-A-21.wav,0.0109,0.1029,0.0188,0.2813,0.9893,0.0340,0.0107,0.0082,0.0194,0.0082
ac_0dB,2-83270-A-13.wav,0.0010,0.0009,0.0044,0.0015,0.0004,0.0087,0.0026,0.0021,0.0634,0.0003
ac_0dB,2-83536-A-27.wav,0.0096,0.0005,0.0039,0.0313,0.0018,0.0079,0.0502,0.0001,0.0082,0.0024
ac_0dB,2-83667-A-34.wav,0.0126,0.0033,0.0248,0.0093,0.0030,0.0078,0.0117,0.0137,0.0870,0.0049
ac_0dB,2-83688-A-34.wav,0.0130,0.0017,0.0272,0.0182,0.0029,0.0075,0.0064,0.0079,0.0166,0.0010
ac_0dB,2-83934-A-5.wav,0.0059,0.0067,0.0060,0.0116,0.0026,0.0170,0.0091,0.0070,0.0291,0.0017
ac_0dB,2-83934-B-5.wav,0.0029,0.0021,0.0809,0.0061,0.0019,0.0106,0.0033,0.0032,0.0452,0.0042
ac_0dB,2-84693-A-49.wav,0.0146,0.0014,0.0160,0.0751,0.0029,0.0117,0.0043,0.0012,0.0337,0.0022
ac_0dB,2-84943-A-18.wav,0.0248,0.0082,0.0284,0.0347,0.0100,0.0192,0.0188,0.0256,0.0523,0.0103
ac_0dB,2-84965-A-23.wav,0.5912,0.0071,0.0054,0.5869,0.0121,0.0200,0.0149,0.0072,0.0397,0.0138
ac_0dB,2-85139-A-13.wav,0.0088,0.0049,0.0056,0.0188,0.0040,0.0092,0.0043,0.0054,0.0290,0.0051
ac_0dB,2-85292-A-24.wav,0.0094,0.0113,0.0383,0.0148,0.0071,0.0295,0.0142,0.0125,0.1176,0.0040
ac_0dB,2-85434-A-27.wav,0.0096,0.0010,0.0048,0.0217,0.0008,0.0074,0.0423,0.0093,0.0165,0.0093
ac_0dB,2-85471-A-34.wav,0.0095,0.0049,0.0176,0.0102,0.0117,0.0127,0.0229,0.0150,0.0588,0.0029
ac_0dB,2-85945-A-18.wav,0.0014,0.0008,0.1403,0.0028,0.0010,0.0079,0.0011,0.0018,0.0313,0.0039
ac_0dB,2-86160-A-27.wav,0.0618,0.0035,0.0052,0.0636,0.0028,0.0539,0.0069,0.0022,0.0277,0.0018
ac_0dB,2-87282-A-34.wav,0.0075,0.0068,0.0113,0.0090,0.0021,0.0205,0.0070,0.0089,0.0610,0.0026
ac_0dB,2-87412-A-24.wav,0.0201,0.9999,0.0194,0.0623,0.0402,0.0621,0.0157,0.0334,0.0437,0.0089
ac_0dB,2-87780-A-33.wav,0.0737,0.0022,0.0089,0.0748,0.0019,0.0127,0.0102,0.1230,0.0738,0.0020
ac_0dB,2-87781-A-10.wav,0.0040,0.0049,0.0178,0.0046,0.0030,0.0206,0.0121,0.0042,0.0308,0.0023
ac_0dB,2-87794-A-24.wav,0.0495,0.0421,0.0131,0.0961,0.0196,0.5499,0.0102,0.0184,0.0300,0.0046
ac_0dB,2-87795-A-24.wav,0.0126,0.0714,0.0150,0.0243,0.0122,0.0892,0.0181,0.0155,0.0579,0.0036
ac_0dB,2-87799-A-24.wav,0.0312,0.9152,0.2115,0.0484,0.0330,0.0652,0.0364,0.0707,0.0185,0.0127
ac_0dB,2-88724-A-38.wav,0.0057,0.0040,0.0070,0.0073,0.0048,0.0070,0.0174,0.0189,0.0689,0.0161
ac_0dB,2-89516-A-37.wav,0.0037,0.0007,0.0294,0.0045,0.0004,0.0270,0.0088,0.0022,0.0415,0.0017
ac_0dB,2-91912-A-33.wav,0.0108,0.0036,0.0075,0.0126,0.0018,0.0073,0.0057,0.0334,0.0182,0.0056
ac_0dB,2-91912-B-33.wav,0.0949,0.0039,0.0108,0.1199,0.0021,0.0214,0.0069,0.0055,0.0377,0.0031
ac_0dB,2-92627-A-27.wav,0.0437,0.0249,0.0141,0.0636,0.0254,0.0805,0.0661,0.0041,0.0110,0.0032
ac_0dB,2-92978-A-29.wav,0.1018,0.0229,0.4080,0.1121,0.0124,0.0138,0.0277,0.0216,0.0553,0.0025
ac_0dB,2-93030-A-21.wav,0.0297,0.0644,0.3922,0.0885,0.0938,0.1915,0.0246,0.0539,0.0618,0.0549
ac_0dB,2-94230-A-27.wav,0.0237,0.0027,0.0094,0.0288,0.0034,0.0052,0.0026,0.0027,0.0560,0.0073
ac_0dB,2-94807-A-29.wav,0.9564,0.0280,0.0764,0.9259,0.0138,0.0193,0.0055,0.0154,0.0361,0.0115
ac_0dB,2-95035-A-1.wav,0.0093,0.0124,0.0083,0.0150,0.0113,0.0251,0.0119,0.0192,0.0106,0.0032
ac_0dB,2-95258-A-1.wav,0.0100,0.0036,0.0167,0.0102,0.0029,0.0098,0.0283,0.0067,0.0857,0.0036
ac_0dB,2-95258-B-1.wav,0.0124,0.0027,0.0205,0.0329,0.0018,0.0164,0.0054,0.0150,0.0127,0.0008
ac_0dB,2-95567-A-23.wav,0.1144,0.0223,0.0039,0.9016,0.0252,0.0041,0.0013,0.0041,0.0160,0.0023
ac_0dB,2-96033-A-13.wav,0.0013,0.0008,0.0032,0.0016,0.0006,0.0085,0.0048,0.0018,0.0259,0.0003
ac_0dB,2-96063-A-37.wav,0.0048,0.0013,0.0077,0.0051,0.0009,0.0045,0.0027,0.0003,0.0084,0.0022
ac_0dB,2-96460-A-1.wav,0.0052,0.0071,0.2404,0.0098,0.0094,0.0310,0.0120,0.0228,0.0683,0.0035
ac_0dB,2-96654-A-47.wav,0.0201,0.0077,0.0034,0.0366,0.0102,0.0195,0.0073,0.0103,0.1110,0.0196
ac_0dB,2-96904-A-27.wav,0.0083,0.0011,0.0101,0.0193,0.0013,0.0066,0.0052,0.0024,0.0251,0.0037
ac_0dB,2-98392-A-23.wav,0.0925,0.0069,0.0061,0.1342,0.0074,0.0166,0.0054,0.0075,0.0500,0.0054
ac_0dB,2-98676-A-24.wav,0.0180,0.6922,0.0337,0.0289,0.0495,0.0321,0.0284,0.0332,0.0274,0.0073
ac_0dB,2-98866-A-47.wav,0.0060,0.0023,0.0125,0.0082,0.0022,0.0226,0.0109,0.0051,0.1690,0.0026
ac_0dB,2-99795-A-32.wav,0.0033,0.0017,0.0038,0.0047,0.0005,0.0080,0.0053,0.0003,0.0245,0.0007
ac_0dB,2-99796-A-32.wav,0.0046,0.0021,0.0029,0.0059,0.0012,0.0108,0.0047,0.0020,0.0668,0.0004
ac_0dB,2-99955-A-7.wav,0.0132,0.0063,0.0626,0.0158,0.0058,0.0190,0.0106,0.0355,0.0259,0.0012
ac_0dB,2-99955-B-7.wav,0.0095,0.0137,0.0118,0.0264,0.0226,0.0155,0.0198,0.0318,0.1238,0.0121
ac_0dB,2-99955-C-7.wav,0.2356,0.0244,0.0667,0.1486,0.0136,0.0163,0.0215,0.0167,0.1165,0.0019
ac_0dB,3-100018-A-18.wav,0.0027,0.0015,0.0094,0.0038,0.0013,0.0060,0.0035,0.0017,0.0392,0.0021
ac_0dB,3-100024-A-27.wav,0.0327,0.0051,0.0131,0.1466,0.0069,0.0685,0.0316,0.0006,0.0345,0.0029
ac_0dB,3-100024-B-27.wav,0.0100,0.0042,0.0211,0.0820,0.0030,0.0399,0.0065,0.0062,0.0520,0.0029
ac_0dB,3-101381-A-33.wav,0.2267,0.0057,0.0277,0.1544,0.0063,0.0178,0.0103,0.0245,0.0241,0.0018
ac_0dB,3-101381-B-33.wav,0.3192,0.0060,0.0154,0.2011,0.0070,0.0154,0.0126,0.0105,0.0922,0.0027
ac_0dB,3-102583-A-49.wav,0.0034,0.0043,0.0174,0.0079,0.0065,0.0060,0.0113,0.0624,0.0120,0.0205
ac_0dB,3-102583-B-49.wav,0.0074,0.0027,0.0232,0.0126,0.0087,0.0144,0.0132,0.0158,0.0327,0.0105
ac_0dB,3-102583-C-49.wav,0.0044,0.0022,0.0192,0.0088,0.0018,0.0176,0.0045,0.0116,0.1120,0.0116
ac_0dB,3-102908-A-4.wav,0.0056,0.0005,0.0083,0.0034,0.0005,0.0058,0.0006,0.0003,0.0065,0.0006
ac_0dB,3-103050-A-19.wav,0.0110,0.0043,0.0205,0.0139,0.0055,0.0154,0.0293,0.0145,0.1136,0.0025
ac_0dB,3-103051-A-19.wav,0.0041,0.0016,0.0048,0.0042,0.0018,0.0156,0.0042,0.0031,0.0637,0.0011
ac_0dB,3-103051-B-19.wav,0.0210,0.0073,0.0099,0.0332,0.0052,0.0113,0.0079,0.0063,0.0161,0.0048
ac_0dB,3-103051-C-19.wav,0.0060,0.0027,0.0108,0.0079,0.0038,0.0235,0.0062,0.0139,0.0569,0.0030
ac_0dB,3-103401-A-33.wav,0.0092,0.0013,0.0359,0.0083,0.0055,0.0060,0.0050,0.0396,0.1229,0.0309
ac_0dB,3-103401-B-33.wav,0.0070,0.0014,0.0090,0.0049,0.0012,0.0128,0.0056,0.0046,0.0668,0.0088
ac_0dB,3-103401-C-33.wav,0.0078,0.0034,0.0085,0.0127,0.0031,0.0227,0.0099,0.0067,0.0444,0.0021
ac_0dB,3-103401-D-33.wav,0.0037,0.0015,0.0058,0.0074,0.0018,0.0143,0.0060,0.0088,0.0289,0.0025
ac_0dB,3-103597-A-25.wav,0.0082,0.0043,0.0125,0.0137,0.0081,0.0333,0.0076,0.0065,0.0865,0.0063
ac_0dB,3-103598-A-25.wav,0.0142,0.0065,0.0049,0.0242,0.0050,0.0323,0.0105,0.0198,0.0328,0.0020
ac_0dB,3-103599-A-25.wav,0.0072,0.0038,0.0042,0.0135,0.0037,0.0152,0.0038,0.0131,0.0934,0.0042
ac_0dB,3-103599-B-25.wav,0.0045,0.0080,0.0038,0.0127,0.0062,0.0170,0.0124,0.0368,0.0796,0.0115
ac_0dB,3-104632-A-12.wav,0.0158,0.0021,0.2414,0.0234,0.0014,0.0119,0.0072,0.0127,0.0243,0.0007
ac_0dB,3-104761-A-7.wav,0.0043,0.0068,0.0105,0.0088,0.0073,0.0143,0.0123,0.0050,0.0282,0.0025
ac_0dB,3-104761-B-7.wav,0.0054,0.0011,0.0164,0.0079,0.0031,0.0055,0.0496,0.0153,0.0182,0.0005
ac_0dB,3-104958-A-12.wav,0.0062,0.0015,0.0035,0.0097,0.0022,0.0100,0.0169,0.0094,0.1404,0.0008
ac_0dB,3-105235-A-7.wav,0.0053,0.0020,0.1484,0.0099,0.0031,0.0272,0.0065,0.0108,0.0252,0.0059
ac_0dB,3-105236-A-7.wav,0.0165,0.0017,0.0086,0.0214,0.0022,0.0059,0.0044,0.0065,0.0377,0.0129
ac_0dB,3-107123-A-26.wav,0.0059,0.0123,0.1361,0.0386,0.0055,0.9328,0.0047,0.0079,0.0461,0.0034
ac_0dB,3-107219-A-1.wav,0.0089,0.0129,0.0330,0.0199,0.0125,0.0235,0.0175,0.0117,0.0780,0.0082
ac_0dB,3-108160-A-23.wav,0.0424,0.0226,0.1590,0.8201,0.1555,0.0174,0.0067,0.0051,0.0569,0.0015
ac_0dB,3-108451-A-17.wav,0.0016,0.0040,0.0047,0.0048,0.0012,0.0157,0.0043,0.0013,0.0195,0.0303
ac_0dB,3-108451-B-17.wav,0.0720,0.0072,0.0092,0.0556,0.0028,0.0172,0.0100,0.0055,0.0179,0.0011
ac_0dB,3-108677-A-18.wav,0.0197,0.0045,0.0165,0.0283,0.0047,0.0148,0.0052,0.0099,0.0355,0.0050
ac_0dB,3-108791-A-18.wav,0.0370,0.0087,0.0128,0.0281,0.0141,0.0083,0.0097,0.0062,0.0154,0.0059
ac_0dB,3-110536-A-26.wav,0.0161,0.0073,0.1467,0.0207,0.0125,0.5011,0.0370,0.0134,0.0961,0.0040
ac_0dB,3-110913-A-7.wav,0.0017,0.0012,0.0612,0.0025,0.0019,0.0071,0.0043,0.0099,0.1234,0.0015
ac_0dB,3-110913-B-7.wav,0.0138,0.0158,0.0414,0.0148,0.0400,0.0171,0.0080,0.0427,0.6079,0.0023
ac_0dB,3-110913-C-7.wav,0.0032,0.0034,0.1780,0.0070,0.0042,0.0184,0.0063,0.0109,0.6040,0.0031
ac_0dB,3-110913-D-7.wav,0.0010,0.0007,0.0420,0.0012,0.0017,0.0065,0.0052,0.0192,0.0402,0.0034
ac_0dB,3-111102-A-46.wav,0.0007,0.0008,0.0391,0.0013,0.0007,0.0020,0.0043,0.0025,0.4513,0.0005
ac_0dB,3-111102-B-46.wav,0.0013,0.0004,0.0048,0.0010,0.0007,0.0059,0.0078,0.0002,0.3479,0.0004
ac_0dB,3-112356-A-18.wav,0.0071,0.0020,0.0080,0.0088,0.0010,0.0127,0.0019,0.0011,0.0273,0.0016
ac_0dB,3-112397-A-9.wav,0.0097,0.0032,0.0114,0.0161,0.0026,0.0185,0.0084,0.0058,0.0635,0.0028
ac_0dB,3-112522-A-27.wav,0.0612,0.0011,0.0085,0.0987,0.0029,0.0098,0.0117,0.0017,0.0237,0.0049
ac_0dB,3-112557-A-23.wav,0.0448,0.0106,0.0281,0.7981,0.0835,0.0267,0.0058,0.0081,0.1001,0.0048
ac_0dB,3-112557-B-23.wav,0.0914,0.0118,0.0086,0.6696,0.0385,0.0167,0.0121,0.0097,0.0190,0.0016
ac_0dB,3-115382-A-44.wav,0.0117,0.0027,0.0049,0.0104,0.0024,0.0076,0.0064,0.0060,0.0289,0.0024
ac_0dB,3-115387-A-47.wav,0.0068,0.0034,0.0095,0.0137,0.0026,0.0102,0.0038,0.0046,0.0557,0.0024
ac_0dB,3-115387-B-47.wav,0.0026,0.0012,0.0077,0.0090,0.0007,0.0025,0.0043,0.0014,0.0382,0.0002
ac_0dB,3-115387-C-47.wav,0.0060,0.0017,0.0070,0.0137,0.0013,0.0044,0.0148,0.0029,0.0789,0.0008
ac_0dB,3-116135-A-1.wav,0.0049,0.0029,0.0071,0.0053,0.0021,0.0132,0.0062,0.0032,0.1139,0.0013
ac_0dB,3-117293-A-9.wav,0.0100,0.0065,0.0183,0.0160,0.0051,0.0414,0.0061,0.0030,0.0166,0.0031
ac_0dB,3-117504-A-16.wav,0.0104,0.0030,0.0111,0.0150,0.0042,0.0186,0.0079,0.0060,0.0616,0.0047
ac_0dB,3-117504-B-16.wav,0.0117,0.0202,0.0240,0.0184,0.0070,0.0265,0.0203,0.0243,0.0396,0.0043
ac_0dB,3-117793-A-37.wav,0.0275,0.0042,0.0174,0.0229,0.0053,0.0120,0.0212,0.0263,0.0516,0.0042
ac_0dB,3-117883-A-37.wav,0.0008,0.0007,0.0067,0.0011,0.0001,0.0039,0.0014,0.0000,0.0082,0.0004
ac_0dB,3-118059-A-18.wav,0.0081,0.0095,0.0090,0.0147,0.0060,0.0134,0.0257,0.0127,0.0252,0.0362
ac_0dB,3-118069-A-27.wav,0.0079,0.0009,0.0125,0.0102,0.0009,0.0082,0.0062,0.0010,0.0438,0.0012
ac_0dB,3-118069-B-27.wav,0.0088,0.0016,0.0097,0.0137,0.0012,0.0085,0.0084,0.0033,0.0294,0.0010
ac_0dB,3-118194-A-33.wav,0.0044,0.0029,0.2503,0.0057,0.0071,0.0592,0.0068,0.0404,0.0613,0.0036
ac_0dB,3-118487-A-26.wav,0.0444,0.0992,0.0164,0.3517,0.1005,0.8882,0.0180,0.0083,0.0599,0.0028
ac_0dB,3-118656-A-41.wav,0.0078,0.0021,0.0071,0.0148,0.0017,0.0106,0.0056,0.0039,0.0635,0.0044
ac_0dB,3-118657-A-41.wav,0.6110,0.0031,0.0097,0.3142,0.0048,0.0106,0.0048,0.0067,0.1132,0.0018
ac_0dB,3-118657-B-41.wav,0.0035,0.0012,0.0040,0.0100,0.0022,0.0043,0.0046,0.0017,0.0296,0.0031
ac_0dB,3-118658-A-41.wav,0.0249,0.0018,0.0176,0.0125,0.0012,0.0032,0.0254,0.0049,0.0654,0.0019
ac_0dB,3-118658-B-41.wav,0.0105,0.0028,0.0046,0.0175,0.0016,0.0076,0.0069,0.0023,0.0434,0.0026
ac_0dB,3-118972-A-41.wav,0.0028,0.0006,0.0067,0.0075,0.0006,0.0048,0.0030,0.0049,0.0476,0.0030
ac_0dB,3-118972-B-41.wav,0.0037,0.0022,0.1224,0.0078,0.0037,0.0181,0.0038,0.0076,0.0676,0.0096
ac_0dB,3-119120-A-48.wav,0.0128,0.0075,0.0045,0.0213,0.0055,0.0130,0.0151,0.0293,0.0450,0.0087
ac_0dB,3-119120-B-48.wav,0.0079,0.0078,0.0507,0.0130,0.0044,0.0236,0.0157,0.0190,0.1504,0.0016
ac_0dB,3-119120-C-48.wav,0.0071,0.0028,0.0023,0.0120,0.0007,0.0071,0.0046,0.0271,0.0269,0.0012
ac_0dB,3-119120-D-48.wav,0.0221,0.0097,0.0056,0.0319,0.0049,0.0127,0.0088,0.0159,0.0119,0.0052
ac_0dB,3-119120-E-48.wav,0.0169,0.0035,0.0068,0.0300,0.0016,0.0108,0.0056,0.0137,0.0252,0.0017
ac_0dB,3-119455-A-44.wav,0.0012,0.0007,0.0110,0.0031,0.0004,0.0022,0.0049,0.0010,0.0240,0.0011
ac_0dB,3-119459-A-26.wav,0.0030,0.0345,0.0689,0.0116,0.0147,0.9017,0.0084,0.0068,0.0644,0.0026
ac_0dB,3-120526-A-37.wav,0.0018,0.0004,0.0189,0.0073,0.0006,0.0021,0.0045,0.0016,0.0180,0.0011
ac_0dB,3-120526-B-37.wav,0.0015,0.0005,0.0042,0.0019,0.0001,0.0013,0.0013,0.0003,0.0146,0.0005
ac_0dB,3-120644-A-12.wav,0.0040,0.0024,0.0116,0.0059,0.0021,0.0206,0.0051,0.0043,0.0607,0.0032
ac_0dB,3-121348-A-9.wav,0.0989,0.0133,0.0137,0.1779,0.0129,0.0190,0.0201,0.0240,0.0570,0.0254
ac_0dB,3-122110-A-46.wav,0.0030,0.0025,0.0093,0.0049,0.0044,0.0147,0.0077,0.0045,0.0586,0.0009
ac_0dB,3-123086-A-28.wav,0.8570,0.0265,0.0141,0.8824,0.0221,0.0347,0.0074,0.0054,0.0888,0.0056
ac_0dB,3-123224-A-19.wav,0.0080,0.0037,0.0097,0.0215,0.0022,0.0070,0.0044,0.0070,0.0165,0.0017
ac_0dB,3-124376-A-3.wav,0.0123,0.0019,0.0259,0.0280,0.0021,0.0171,0.0086,0.0040,0.0840,0.0020
ac_0dB,3-124376-B-3.wav,0.0012,0.0013,0.0067,0.0025,0.0013,0.0071,0.0041,0.0003,0.0194,0.0008
ac_0dB,3-124600-A-19.wav,0.0131,0.0045,0.0095,0.0130,0.0082,0.0162,0.0291,0.0157,0.1112,0.0050
ac_0dB,3-124795-A-28.wav,0.6697,0.0014,0.0701,0.5155,0.0022,0.0083,0.0042,0.0124,0.1044,0.0006
ac_0dB,3-124925-A-9.wav,0.0100,0.0122,0.0040,0.0203,0.0052,0.0169,0.0114,0.0098,0.0339,0.0030
ac_0dB,3-124958-A-28.wav,0.0650,0.0076,0.0174,0.1101,0.0087,0.0214,0.0052,0.0070,0.0375,0.0097
ac_0dB,3-125418-A-24.wav,0.0210,0.2366,0.1091,0.0391,0.1014,0.3880,0.0476,0.0152,0.0282,0.0035
ac_0dB,3-125548-A-32.wav,0.0027,0.0330,0.0251,0.0068,0.0049,0.0477,0.0634,0.0007,0.0552,0.0004
ac_0dB,3-126113-A-26.wav,0.0077,0.0114,0.0234,0.0117,0.0053,0.6319,0.0114,0.0091,0.0635,0.0013
ac_0dB,3-126358-A-3.wav,0.0157,0.0006,0.0123,0.0138,0.0012,0.0015,0.0023,0.0004,0.0147,0.0004
ac_0dB,3-126358-B-3.wav,0.0077,0.0024,0.0168,0.0125,0.0025,0.0144,0.0097,0.0068,0.0703,0.0064
ac_0dB,3-126391-A-27.wav,0.0106,0.0006,0.0091,0.0595,0.0011,0.0131,0.0139,0.0007,0.0239,0.0018
ac_0dB,3-126391-B-27.wav,0.0107,0.0031,0.0076,0.1088,0.0039,0.0172,0.0052,0.0031,0.0414,0.0060
ac_0dB,3-127874-A-17.wav,0.0064,0.0014,0.0074,0.0108,0.0010,0.0045,0.0090,0.0054,0.0231,0.0008
ac_0dB,3-127890-A-9.wav,0.0003,0.0018,0.0015,0.0002,0.0002,0.0008,0.0039,0.0004,0.0164,0.0008
ac_0dB,3-127890-B-9.wav,0.0038,0.0017,0.0028,0.0072,0.0008,0.0017,0.0022,0.0005,0.0743,0.0005
ac_0dB,3-127890-C-9.wav,0.0037,0.0031,0.0027,0.0152,0.0009,0.0009,0.0012,0.0002,0.0369,0.0001
ac_0dB,3-128160-A-44.wav,0.0007,0.0009,0.0424,0.0028,0.0013,0.0193,0.0031,0.0037,0.0468,0.0012
ac_0dB,3-128512-A-47.wav,0.0318,0.0040,0.0090,0.0217,0.0035,0.0223,0.0090,0.0073,0.0826,0.0019
ac_0dB,3-128512-B-47.wav,0.0176,0.0085,0.0070,0.0322,0.0069,0.0167,0.0072,0.0100,0.0393,0.0054
ac_0dB,3-129264-A-9.wav,0.0021,0.0016,0.0091,0.0036,0.0015,0.0070,0.0041,0.0031,0.0524,0.0016
ac_0dB,3-129338-A-13.wav,0.0031,0.0008,0.0060,0.0041,0.0013,0.0045,0.0078,0.0058,0.0110,0.0003
ac_0dB,3-129678-A-13.wav,0.0045,0.0018,0.0108,0.0057,0.0034,0.0115,0.0079,0.0029,0.1120,0.0023
ac_0dB,3-130330-A-22.wav,0.0047,0.0026,0.0113,0.0045,0.0013,0.0262,0.0062,0.0064,0.0291,0.0035
ac_0dB,3-130998-A-28.wav,0.0138,0.0095,0.0049,0.0271,0.0040,0.0159,0.0119,0.0154,0.0360,0.0123
ac_0dB,3-130998-B-28.wav,0.0098,0.0036,0.0124,0.0137,0.0033,0.0147,0.0068,0.0046,0.1002,0.0029
ac_0dB,3-131943-A-37.wav,0.0001,0.0001,0.0161,0.0004,0.0001,0.0010,0.0003,0.0002,0.0163,0.0010
ac_0dB,3-132340-A-37.wav,0.0004,0.0002,0.0556,0.0014,0.0007,0.0050,0.0013,0.0015,0.0757,0.0005
ac_0dB,3-132601-A-24.wav,0.0112,0.7743,0.0121,0.0272,0.0546,0.0435,0.0117,0.0044,0.0715,0.0017
ac_0dB,3-132747-A-26.wav,0.0129,0.0089,0.0102,0.0385,0.0111,0.9511,0.0035,0.0088,0.0317,0.0042
ac_0dB,3-132830-A-32.wav,0.0020,0.0019,0.0075,0.0031,0.0004,0.0130,0.0023,0.0012,0.0263,0.0008
ac_0dB,3-132852-A-10.wav,0.0128,0.0053,0.0494,0.0222,0.0033,0.0116,0.1722,0.0117,0.0173,0.0050
ac_0dB,3-133977-A-29.wav,0.0136,0.0094,0.0158,0.0182,0.0128,0.0131,0.0322,0.0239,0.1671,0.0060
ac_0dB,3-134049-A-1.wav,0.0024,0.0011,0.0099,0.0068,0.0009,0.0040,0.0033,0.0120,0.0217,0.0004
ac_0dB,3-134699-A-16.wav,0.0113,0.0070,0.0065,0.0126,0.0028,0.0144,0.0089,0.0089,0.0516,0.0018
ac_0dB,3-134699-B-16.wav,0.0056,0.0025,0.0148,0.0083,0.0020,0.0161,0.0052,0.0037,0.0604,0.0025
ac_0dB,3-134699-C-16.wav,0.0150,0.0154,0.0330,0.0171,0.0068,0.0121,0.0313,0.0092,0.0547,0.0066
ac_0dB,3-134802-A-13.wav,0.0010,0.0025,0.0074,0.0026,0.0038,0.0093,0.0138,0.0130,0.0129,0.0015
ac_0dB,3-135469-A-35.wav,0.0067,0.0069,0.0076,0.0082,0.0039,0.0172,0.0080,0.0098,0.0327,0.0025
ac_0dB,3-135650-A-45.wav,0.0157,0.0041,0.0094,0.0276,0.0037,0.0129,0.0111,0.0194,0.0211,0.0058
ac_0dB,3-135650-B-45.wav,0.0700,0.0019,0.0373,0.0842,0.0017,0.0086,0.0043,0.0079,0.0456,0.0024
ac_0dB,3-136288-A-0.wav,0.0045,0.0021,0.0159,0.0078,0.0052,0.0118,0.7138,0.0225,0.0407,0.0017
ac_0dB,3-136451-A-45.wav,0.0118,0.0052,0.0462,0.0115,0.0048,0.0359,0.0108,0.0064,0.0904,0.0034
ac_0dB,3-136608-A-16.wav,0.0047,0.0027,0.0049,0.0076,0.0012,0.0117,0.0056,0.0030,0.1146,0.0009
ac_0dB,3-137152-A-1.wav,0.0055,0.0117,0.0038,0.0110,0.0054,0.0233,0.0123,0.0059,0.0266,0.0011
ac_0dB,3-138114-A-22.wav,0.0016,0.0008,0.0770,0.0043,0.0008,0.0282,0.0009,0.0103,0.0059,0.0016
ac_0dB,3-138212-A-45.wav,0.0054,0.0044,0.0134,0.0116,0.0032,0.0099,0.0076,0.0058,0.0380,0.0076
ac_0dB,3-139109-A-46.wav,0.0101,0.0020,0.0088,0.0091,0.0049,0.0065,0.0088,0.0051,0.0460,0.0007
ac_0dB,3-139331-A-27.wav,0.0097,0.0022,0.0125,0.0452,0.0060,0.0122,0.0139,0.0025,0.0421,0.0070
ac_0dB,3-139958-A-37.wav,0.0037,0.0025,0.0096,0.0158,0.0025,0.0111,0.0036,0.0020,0.0189,0.0049
ac_0dB,3-140199-A-8.wav,0.0086,0.0011,0.0454,0.0097,0.0028,0.0132,0.0052,0.0217,0.0435,0.0023
ac_0dB,3-140199-B-8.wav,0.0115,0.0051,0.0603,0.0128,0.0050,0.0269,0.0049,0.0116,0.1050,0.0013
ac_0dB,3-140199-C-8.wav,0.0036,0.0026,0.0256,0.0037,0.0039,0.0428,0.0064,0.0054,0.0690,0.0009
ac_0dB,3-140199-D-8.wav,0.0073,0.0017,0.0290,0.0091,0.0146,0.0134,0.0016,0.0092,0.0310,0.0049
ac_0dB,3-140323-A-29.wav,0.0161,0.0257,0.0098,0.0193,0.0185,0.0361,0.0408,0.0162,0.0324,0.0031
ac_0dB,3-140774-A-10.wav,0.0032,0.0017,0.0125,0.0059,0.0012,0.0072,0.0039,0.0028,0.0222,0.0012
ac_0dB,3-141240-A-44.wav,0.0113,0.0111,0.0121,0.0207,0.0105,0.0272,0.0171,0.0139,0.0581,0.0136
ac_0dB,3-141240-B-44.wav,0.0065,0.0043,0.0885,0.0080,0.0060,0.0122,0.0098,0.0103,0.1337,0.0053
ac_0dB,3-141559-A-45.wav,0.0103,0.0025,0.0118,0.0122,0.0048,0.0172,0.0100,0.0166,0.1773,0.0067
ac_0dB,3-141684-A-21.wav,0.0092,0.1373,0.1441,0.0521,0.8852,0.0358,0.0059,0.0114,0.0143,0.0170
ac_0dB,3-142005-A-10.wav,0.0061,0.0054,0.0094,0.0068,0.0026,0.0320,0.0043,0.0041,0.0654,0.0021
ac_0dB,3-142006-A-10.wav,0.0065,0.0074,0.0106,0.0085,0.0041,0.0272,0.0094,0.0096,0.0328,0.0028
ac_0dB,3-142349-A-17.wav,0.0019,0.0050,0.0065,0.0052,0.0014,0.0074,0.0027,0.0007,0.0285,0.0009
ac_0dB,3-142593-A-38.wav,0.0027,0.0007,0.0092,0.0020,0.0008,0.0180,0.0038,0.0006,0.0205,0.0014
ac_0dB,3-142601-A-21.wav,0.0166,0.0063,0.0292,0.0728,0.1558,0.0145,0.0095,0.0059,0.0252,0.0061
ac_0dB,3-142604-A-24.wav,0.0363,0.7072,0.0283,0.0608,0.7109,0.0962,0.0130,0.0049,0.0326,0.0152
ac_0dB,3-142605-A-21.wav,0.0452,0.0326,0.0417,0.1001,0.5166,0.0179,0.0138,0.0083,0.0369,0.0199
ac_0dB,3-143119-A-21.wav,0.0282,0.1318,0.5697,0.0518,0.9617,0.0504,0.0095,0.0354,0.0613,0.0016
ac_0dB,3-143560-A-47.wav,0.0120,0.0025,0.0100,0.0167,0.0018,0.0182,0.0092,0.0043,0.0668,0.0027
ac_0dB,3-143562-A-47.wav,0.1145,0.0037,0.0123,0.1673,0.0017,0.0070,0.0098,0.0063,0.0201,0.0014
ac_0dB,3-143929-A-10.wav,0.0096,0.0025,0.0084,0.0109,0.0034,0.0133,0.0051,0.0077,0.0413,0.0037
ac_0dB,3-143933-A-38.wav,0.0907,0.0138,0.0377,0.0737,0.0274,0.0188,0.0328,0.0085,0.0303,0.0048
ac_0dB,3-144028-A-0.wav,0.0017,0.0011,0.0174,0.0029,0.0009,0.0045,0.4288,0.0060,0.1507,0.0019
ac_0dB,3-144106-A-32.wav,0.0011,0.0009,0.0079,0.0020,0.0003,0.0043,0.0066,0.0044,0.0211,0.0009
ac_0dB,3-144120-A-32.wav,0.0106,0.0239,0.0062,0.0199,0.0160,0.0155,0.0071,0.0141,0.0169,0.0053
ac_0dB,3-144128-A-23.wav,0.6068,0.0204,0.0058,0.8089,0.0112,0.0179,0.0019,0.0030,0.0409,0.0017
ac_0dB,3-144128-B-23.wav,0.4657,0.0057,0.0210,0.7862,0.0236,0.0051,0.0014,0.0011,0.0329,0.0018
ac_0dB,3-144253-A-29.wav,0.0432,0.1267,0.0248,0.3221,0.0509,0.0677,0.0225,0.0104,0.0599,0.0026
ac_0dB,3-144259-A-29.wav,0.0196,0.0197,0.0095,0.0233,0.0164,0.0166,0.0160,0.0118,0.0766,0.0023
ac_0dB,3-144510-A-30.wav,0.0069,0.0073,0.0054,0.0173,0.0051,0.0113,0.0042,0.0150,0.0258,0.0042
ac_0dB,3-144692-A-21.wav,0.0067,0.0372,0.0469,0.0549,0.9881,0.0377,0.0073,0.0086,0.0866,0.0124
ac_0dB,3-144827-A-11.wav,0.0017,0.0027,0.0129,0.0033,0.0010,0.0288,0.0063,0.0020,0.1321,0.0008
ac_0dB,3-144827-B-11.wav,0.0090,0.0050,0.0131,0.0099,0.0044,0.0201,0.0269,0.0117,0.0996,0.0021
ac_0dB,3-144891-A-19.wav,0.0036,0.0007,0.0165,0.0069,0.0009,0.0071,0.0034,0.0072,0.0072,0.0005
ac_0dB,3-144891-B-19.wav,0.0068,0.0053,0.0026,0.0122,0.0025,0.0141,0.0109,0.0084,0.0169,0.0016
ac_0dB,3-145382-A-1.wav,0.0067,0.0043,0.0310,0.0077,0.0019,0.0282,0.0036,0.0020,0.0346,0.0008
ac_0dB,3-145387-A-29.wav,0.0117,0.0098,0.0202,0.0180,0.0058,0.0261,0.0122,0.0357,0.0613,0.0075
ac_0dB,3-145487-A-24.wav,0.0260,0.1830,0.4483,0.0470,0.0778,0.2312,0.0169,0.0254,0.0978,0.0059
ac_0dB,3-145577-A-43.wav,0.0086,0.0056,0.0065,0.0121,0.0031,0.0197,0.0038,0.0045,0.7689,0.0017
ac_0dB,3-145719-A-17.wav,0.0110,0.0078,0.0031,0.0189,0.0038,0.0051,0.0042,0.0015,0.0077,0.0010
ac_0dB,3-145774-A-12.wav,0.0048,0.0032,0.0102,0.0071,0.0013,0.0145,0.0058,0.0059,0.0357,0.0019
ac_0dB,3-146033-A-13.wav,0.0077,0.0011,0.0157,0.0065,0.0012,0.0045,0.0151,0.0202,0.0080,0.0022
ac_0dB,3-146186-A-44.wav,0.0033,0.0010,0.0146,0.0065,0.0014,0.0071,0.0138,0.0058,0.0758,0.0011
ac_0dB,3-146697-A-43.wav,0.0030,0.0028,0.0886,0.0054,0.0043,0.0093,0.0032,0.0091,0.1378,0.0006
ac_0dB,3-146873-A-24.wav,0.0088,0.9755,0.0122,0.0227,0.0636,0.0203,0.0180,0.0097,0.0226,0.0016
ac_0dB,3-146964-A-5.wav,0.0116,0.0052,0.0187,0.0120,0.0045,0.0130,0.0187,0.0051,0.0320,0.0025
ac_0dB,3-146965-A-5.wav,0.0406,0.0052,0.0085,0.0320,0.0027,0.0110,0.0777,0.0046,0.0311,0.0021
ac_0dB,3-146972-A-5.wav,0.0260,0.0200,0.4655,0.0467,0.0159,0.0641,0.0173,0.0117,0.0527,0.0041
ac_0dB,3-147342-A-34.wav,0.0069,0.0034,0.0094,0.0069,0.0026,0.0171,0.0070,0.0050,0.0529,0.0061
ac_0dB,3-147343-A-34.wav,0.0076,0.0083,0.0135,0.0454,0.0077,0.0248,0.0055,0.0038,0.0274,0.0053
ac_0dB,3-147965-A-12.wav,0.0039,0.0046,0.0047,0.0047,0.0025,0.0068,0.0042,0.0045,0.0233,0.0006
ac_0dB,3-148297-A-37.wav,0.0033,0.0042,0.0056,0.0079,0.0036,0.0056,0.0044,0.0258,0.0246,0.0030
ac_0dB,3-148330-A-21.wav,0.0121,0.2028,0.0157,0.0749,0.6696,0.0149,0.0146,0.0116,0.0464,0.0028
ac_0dB,3-148932-A-34.wav,0.0137,0.0027,0.0313,0.0194,0.0038,0.0155,0.0091,0.0175,0.0356,0.0018
ac_0dB,3-149042-A-24.wav,0.0616,0.1940,0.0408,0.2129,0.0249,0.0506,0.0102,0.0055,0.0331,0.0075
ac_0dB,3-149189-A-1.wav,0.0044,0.0015,0.0088,0.0087,0.0011,0.0061,0.0034,0.0025,0.0604,0.0026
ac_0dB,3-149448-A-17.wav,0.0029,0.0047,0.0101,0.0063,0.0005,0.0177,0.0026,0.0005,0.0110,0.0045
ac_0dB,3-149465-A-22.wav,0.0010,0.0016,0.0197,0.0023,0.0007,0.0117,0.0014,0.0030,0.0349,0.0010
ac_0dB,3-150231-A-21.wav,0.0056,0.0175,0.0177,0.0428,0.9993,0.0379,0.0140,0.0032,0.0592,0.0140
ac_0dB,3-150363-A-38.wav,0.0036,0.0013,0.0058,0.0118,0.0019,0.0075,0.0028,0.0068,0.1421,0.0067
ac_0dB,3-150979-A-40.wav,0.0051,0.0030,0.0092,0.0067,0.0018,0.0299,0.0048,0.0052,0.0834,0.0049
ac_0dB,3-150979-B-40.wav,0.0117,0.0043,0.0323,0.0257,0.0029,0.0125,0.1399,0.0082,0.0414,0.0032
ac_0dB,3-150979-C-40.wav,0.0172,0.0043,0.0149,0.0204,0.0067,0.0179,0.0181,0.0109,0.0448,0.0048
ac_0dB,3-151080-A-20.wav,0.2546,0.0060,0.0226,0.2022,0.0018,0.0254,0.0022,0.0057,0.0114,0.0040
ac_0dB,3-151081-A-20.wav,0.0124,0.0024,0.0340,0.0121,0.0105,0.0231,0.0046,0.0090,0.0299,0.0008
ac_0dB,3-151081-B-20.wav,0.0171,0.0037,0.0569,0.0595,0.0020,0.0209,0.0048,0.0046,0.0359,0.0026
ac_0dB,3-151089-A-30.wav,0.0201,0.0077,0.0066,0.0406,0.0091,0.0156,0.0151,0.0314,0.0585,0.0077
ac_0dB,3-151206-A-23.wav,0.0344,0.0215,0.4506,0.5518,0.1612,0.0208,0.0094,0.0027,0.0920,0.0027
ac_0dB,3-151212-A-24.wav,0.0074,0.9031,0.0462,0.0118,0.0134,0.0298,0.0178,0.0051,0.0543,0.0037
ac_0dB,3-151213-A-24.wav,0.0066,0.0901,0.4879,0.0228,0.0314,0.0228,0.0058,0.0056,0.0152,0.0083
ac_0dB,3-151255-A-28.wav,0.7621,0.0121,0.0094,0.8217,0.0121,0.0167,0.0045,0.0103,0.0401,0.0046
ac_0dB,3-151269-A-35.wav,0.0047,0.0025,0.0188,0.0087,0.0024,0.0139,0.0075,0.0067,0.0463,0.0024
ac_0dB,3-151273-A-35.wav,0.0102,0.0062,0.0178,0.0143,0.0045,0.0143,0.0089,0.0065,0.0686,0.0064
ac_0dB,3-151557-A-28.wav,0.8880,0.0027,0.0415,0.8275,0.0029,0.0108,0.0060,0.0067,0.0291,0.0017
ac_0dB,3-151557-B-28.wav,0.8798,0.0090,0.0095,0.8949,0.0042,0.0274,0.0171,0.0116,0.0313,0.0012
ac_0dB,3-152007-A-20.wav,0.0132,0.0692,0.1007,0.0276,0.0213,0.1161,0.0582,0.0021,0.0523,0.0015
ac_0dB,3-152007-B-20.wav,0.0104,0.0127,0.0818,0.1024,0.0125,0.0880,0.0020,0.0030,0.0219,0.0016
ac_0dB,3-152007-C-20.wav,0.0087,0.0247,0.1485,0.0334,0.0476,0.2502,0.0117,0.0044,0.2214,0.0012
ac_0dB,3-152007-D-20.wav,0.0112,0.0140,0.0771,0.0164,0.0098,0.2875,0.0019,0.0011,0.0778,0.0004
ac_0dB,3-152007-E-20.wav,0.0056,0.0027,0.0675,0.0286,0.0019,0.1368,0.0034,0.0018,0.0213,0.0005
ac_0dB,3-152020-A-36.wav,0.0029,0.0029,0.0082,0.0070,0.0026,0.0140,0.0045,0.0065,0.0554,0.0062
ac_0dB,3-152020-B-36.wav,0.0032,0.0026,0.0152,0.0094,0.0017,0.0101,0.0025,0.0010,0.0203,0.0074
ac_0dB,3-152020-C-36.wav,0.0173,0.0034,0.0183,0.0202,0.0048,0.0188,0.0220,0.0093,0.0769,0.0253
ac_0dB,3-152039-A-3.wav,0.0170,0.0041,0.3971,0.0172,0.0068,0.0157,0.0373,0.0086,0.0320,0.0018
ac_0dB,3-152039-B-3.wav,0.0059,0.0010,0.0132,0.0061,0.0022,0.0055,0.0177,0.0048,0.0632,0.0017
ac_0dB,3-152594-A-30.wav,0.0068,0.0040,0.0153,0.0130,0.0028,0.0172,0.0061,0.0057,0.0449,0.0023
ac_0dB,3-152912-A-26.wav,0.0094,0.0595,0.1125,0.0203,0.0588,0.6731,0.0224,0.0362,0.0471,0.0192
ac_0dB,3-152997-A-26.wav,0.0120,0.0528,0.7918,0.1425,0.1290,0.7775,0.0465,0.0131,0.2152,0.0461
ac_0dB,3-153057-A-43.wav,0.0068,0.0045,0.0101,0.0072,0.0038,0.0188,0.0053,0.0066,0.7031,0.0015
ac_0dB,3-153444-A-32.wav,0.0012,0.0027,0.0038,0.0020,0.0008,0.0062,0.0019,0.0012,0.0549,0.0010
ac_0dB,3-154378-A-30.wav,0.0046,0.0043,0.0093,0.0096,0.0026,0.0143,0.0052,0.0085,0.0706,0.0081
ac_0dB,3-154439-A-17.wav,0.0032,0.0100,0.0184,0.0038,0.0023,0.0359,0.0093,0.0043,0.0194,0.0097
ac_0dB,3-154758-A-44.wav,0.0016,0.0007,0.0122,0.0028,0.0005,0.0070,0.0022,0.0044,0.0806,0.0011
ac_0dB,3-154781-A-32.wav,0.0030,0.0016,0.0065,0.0035,0.0005,0.0089,0.0034,0.0006,0.0851,0.0011
ac_0dB,3-154926-A-40.wav,0.2373,0.0071,0.0045,0.3173,0.0063,0.0217,0.0120,0.0096,0.0619,0.0016
ac_0dB,3-154926-B-40.wav,0.1493,0.0018,0.0092,0.2079,0.0016,0.0087,0.0105,0.0027,0.0527,0.0008
ac_0dB,3-154957-A-1.wav,0.0179,0.0040,0.0034,0.0365,0.0062,0.0084,0.0116,0.0186,0.0467,0.0176
ac_0dB,3-155130-A-43.wav,0.0070,0.0105,0.1554,0.0124,0.0103,0.0335,0.0193,0.0124,0.9589,0.0021
ac_0dB,3-155234-A-43.wav,0.0064,0.0060,0.1980,0.0107,0.0044,0.0349,0.0063,0.0056,0.8871,0.0036
ac_0dB,3-155312-A-0.wav,0.0016,0.0041,0.0083,0.0060,0.0039,0.0052,0.7719,0.0028,0.7302,0.0007
ac_0dB,3-155556-A-31.wav,0.0084,0.0043,0.0092,0.0138,0.0056,0.0148,0.0061,0.0119,0.0485,0.0057
ac_0dB,3-155568-A-32.wav,0.0058,0.0026,0.0048,0.0078,0.0013,0.0117,0.0045,0.0070,0.0316,0.0016
ac_0dB,3-155570-A-32.wav,0.0096,0.0030,0.0065,0.0085,0.0036,0.0059,0.0086,0.0120,0.1494,0.0038
ac_0dB,3-155577-A-14.wav,0.0090,0.0108,0.0132,0.0129,0.0063,0.0295,0.0095,0.0039,0.0445,0.0040
ac_0dB,3-155578-A-14.wav,0.0070,0.0084,0.0278,0.0072,0.0024,0.0447,0.0081,0.0052,0.0216,0.0024
ac_0dB,3-155579-A-14.wav,0.0064,0.0065,0.0060,0.0076,0.0029,0.0132,0.0061,0.0032,0.0564,0.0014
ac_0dB,3-155583-A-14.wav,0.0041,0.0070,0.0125,0.0067,0.0049,0.0288,0.0104,0.0070,0.0631,0.0110
ac_0dB,3-155584-A-14.wav,0.0137,0.0098,0.0304,0.0154,0.0048,0.0140,0.0073,0.0075,0.0347,0.0026
ac_0dB,3-155642-A-11.wav,0.0033,0.0028,0.0082,0.0046,0.0032,0.0144,0.0071,0.0040,0.0257,0.0007
ac_0dB,3-155642-B-11.wav,0.0068,0.0027,0.0085,0.0095,0.0018,0.0140,0.0076,0.0118,0.0309,0.0028
ac_0dB,3-155659-A-34.wav,0.0044,0.0024,0.0096,0.0139,0.0053,0.0181,0.0045,0.0070,0.0493,0.0035
ac_0dB,3-155766-A-13.wav,0.0086,0.0029,0.0050,0.0100,0.0021,0.0147,0.0134,0.0396,0.0092,0.0005
ac_0dB,3-156391-A-35.wav,0.0122,0.0105,0.0072,0.0193,0.0061,0.0288,0.0177,0.0144,0.0535,0.0053
ac_0dB,3-156393-A-35.wav,0.0089,0.0017,0.0158,0.0088,0.0015,0.0115,0.0066,0.0101,0.0514,0.0010
ac_0dB,3-156558-A-21.wav,0.0479,0.1933,0.3023,0.0529,0.1205,0.0186,0.0186,0.0107,0.0389,0.0030
ac_0dB,3-156581-A-14.wav,0.0053,0.0045,0.0071,0.0071,0.0029,0.0095,0.0083,0.0062,0.0774,0.0050
ac_0dB,3-156581-B-14.wav,0.0026,0.0021,0.0035,0.0074,0.0061,0.0088,0.0050,0.0089,0.0361,0.0154
ac_0dB,3-156907-A-15.wav,0.0054,0.0214,0.5946,0.0066,0.0223,0.1467,0.0247,0.0695,0.0777,0.0024
ac_0dB,3-157149-A-10.wav,0.0169,0.0106,0.0048,0.0241,0.0092,0.0463,0.0150,0.0126,0.0488,0.0044
ac_0dB,3-157187-A-12.wav,0.0067,0.0041,0.0073,0.0108,0.0020,0.0076,0.0042,0.0073,0.0211,0.0037
ac_0dB,3-157487-A-10.wav,0.0057,0.0048,0.0109,0.0055,0.0032,0.0184,0.0058,0.0070,0.0408,0.0022
ac_0dB,3-157492-A-45.wav,0.0031,0.0075,0.0089,0.0040,0.0049,0.0141,0.0055,0.0039,0.0713,0.0018
ac_0dB,3-157615-A-10.wav,0.0072,0.0036,0.0074,0.0054,0.0029,0.0236,0.0089,0.0058,0.0524,0.0104
ac_0dB,3-157695-A-0.wav,0.0010,0.0053,0.0332,0.0022,0.0014,0.1108,0.4710,0.0007,0.0685,0.0003
ac_0dB,3-158056-A-31.wav,0.0109,0.0037,0.0032,0.0112,0.0020,0.0083,0.0064,0.0043,0.0266,0.0008
ac_0dB,3-158056-B-31.wav,0.0075,0.0026,0.0073,0.0088,0.0011,0.0107,0.0066,0.0051,0.0343,0.0010
ac_0dB,3-158476-A-12.wav,0.0203,0.0070,0.0040,0.0316,0.0035,0.0060,0.0063,0.0042,0.0225,0.0010
ac_0dB,3-159346-A-36.wav,0.0062,0.0052,0.0117,0.0115,0.0027,0.0223,0.0072,0.0066,0.0616,0.0036
ac_0dB,3-159346-B-36.wav,0.0083,0.0022,0.0199,0.0226,0.0045,0.0067,0.0039,0.0026,0.1025,0.0042
ac_0dB,3-159347-A-36.wav,0.0090,0.0014,0.0126,0.0265,0.0021,0.0068,0.0036,0.0015,0.0683,0.0101
ac_0dB,3-159347-B-36.wav,0.0116,0.0014,0.0085,0.0289,0.0017,0.0142,0.0044,0.0047,0.0739,0.0062
ac_0dB,3-159348-A-36.wav,0.0077,0.0015,0.0079,0.0166,0.0024,0.0097,0.0034,0.0037,0.0277,0.0045
ac_0dB,3-159445-A-45.wav,0.0135,0.0047,0.0158,0.0108,0.0039,0.0218,0.0185,0.0058,0.1273,0.0014
ac_0dB,3-159445-B-45.wav,0.0111,0.0033,0.0056,0.0154,0.0038,0.0080,0.0042,0.0033,0.0416,0.0009
ac_0dB,3-160119-A-15.wav,0.0154,0.0141,0.0038,0.0220,0.0065,0.0218,0.0172,0.0149,0.0251,0.0020
ac_0dB,3-160993-A-3.wav,0.0086,0.0012,0.0203,0.0083,0.0013,0.0056,0.0045,0.0018,0.0850,0.0017
ac_0dB,3-161010-A-43.wav,0.0398,0.0038,0.0067,0.0585,0.0054,0.0284,0.0090,0.0106,0.4548,0.0031
ac_0dB,3-161500-A-17.wav,0.0048,0.0075,0.0196,0.0048,0.0024,0.0276,0.0060,0.0027,0.0471,0.0014
ac_0dB,3-162786-A-13.wav,0.0009,0.0006,0.0101,0.0017,0.0006,0.0057,0.0069,0.0019,0.0195,0.0013
ac_0dB,3-163288-A-1.wav,0.0025,0.0021,0.0063,0.0106,0.0008,0.0067,0.0026,0.0019,0.0184,0.0023
ac_0dB,3-163459-A-0.wav,0.0146,0.0087,0.0146,0.0291,0.0115,0.0229,0.4595,0.0085,0.0826,0.0022
ac_0dB,3-163607-A-13.wav,0.0082,0.0180,0.0639,0.0171,0.0105,0.0326,0.0492,0.0133,0.0457,0.0057
ac_0dB,3-163607-B-13.wav,0.0191,0.0060,0.0160,0.0224,0.0066,0.0250,0.0170,0.0103,0.2222,0.0048
ac_0dB,3-163727-A-3.wav,0.0061,0.0012,0.0280,0.0082,0.0010,0.0071,0.0228,0.0057,0.0208,0.0003
ac_0dB,3-164120-A-11.wav,0.0069,0.0021,0.0065,0.0272,0.0012,0.0244,0.0045,0.0024,0.0374,0.0007
ac_0dB,3-164216-A-6.wav,0.0049,0.0061,0.0361,0.0089,0.0014,0.0199,0.0099,0.0030,0.2920,0.0018
ac_0dB,3-164216-B-6.wav,0.0029,0.0019,0.0128,0.0048,0.0017,0.0134,0.0102,0.0048,0.0174,0.0032
ac_0dB,3-164216-C-6.wav,0.0011,0.0049,0.4848,0.0034,0.0023,0.0202,0.0101,0.0060,0.0510,0.0004
ac_0dB,3-164592-A-15.wav,0.0057,0.0052,0.0100,0.0066,0.0031,0.0260,0.0061,0.0081,0.0587,0.0060
ac_0dB,3-164593-A-15.wav,0.0088,0.0053,0.0069,0.0279,0.0039,0.0100,0.0050,0.0074,0.0197,0.0048
ac_0dB,3-164594-A-15.wav,0.0087,0.0059,0.0079,0.0167,0.0057,0.0186,0.0166,0.0119,0.0571,0.0045
ac_0dB,3-164595-A-15.wav,0.0280,0.0610,0.0595,0.0653,0.1257,0.1173,0.0399,0.0192,0.0231,0.0058
ac_0dB,3-164630-A-11.wav,0.0012,0.0027,0.0040,0.0018,0.0012,0.0207,0.0035,0.0015,0.0652,0.0015
ac_0dB,3-164688-A-38.wav,0.0026,0.0016,0.0112,0.0032,0.0027,0.0048,0.0079,0.0241,0.0408,0.0040
ac_0dB,3-165856-A-41.wav,0.0856,0.0027,0.0296,0.0831,0.0044,0.0166,0.0046,0.0058,0.0770,0.0014
ac_0dB,3-166125-A-23.wav,0.1353,0.0214,0.0084,0.1540,0.0383,0.0342,0.0161,0.0084,0.0611,0.0044
ac_0dB,3-166125-B-23.wav,0.4469,0.0158,0.0209,0.7879,0.0201,0.0250,0.0117,0.0124,0.0915,0.0052
ac_0dB,3-166324-A-15.wav,0.0027,0.0020,0.0265,0.0037,0.0017,0.0118,0.0056,0.0322,0.0642,0.0019
ac_0dB,3-166326-A-15.wav,0.0015,0.0020,0.0141,0.0036,0.0019,0.0569,0.0080,0.0018,0.0636,0.0049
ac_0dB,3-166422-A-11.wav,0.0044,0.0030,0.0082,0.0112,0.0024,0.0235,0.0052,0.0103,0.0298,0.0021
ac_0dB,3-166546-A-34.wav,0.0088,0.0018,0.0075,0.0116,0.0182,0.0116,0.0037,0.0058,0.0438,0.0037
ac_0dB,3-166546-B-34.wav,0.0157,0.0087,0.0159,0.0498,0.0075,0.0156,0.0135,0.0339,0.0183,0.0053
ac_0dB,3-167096-A-31.wav,0.0360,0.0033,0.0194,0.0320,0.0082,0.0110,0.0204,0.0036,0.0433,0.0005
ac_0dB,3-169907-A-29.wav,0.0167,0.0022,0.0029,0.0238,0.0028,0.0042,0.0048,0.0005,0.0118,0.0004
ac_0dB,3-170002-A-34.wav,0.0077,0.0106,0.0052,0.0135,0.0043,0.0257,0.0207,0.0107,0.0285,0.0072
ac_0dB,3-170015-A-0.wav,0.0046,0.0028,0.0201,0.0070,0.0032,0.0188,0.5410,0.0045,0.0405,0.0017
ac_0dB,3-170312-A-31.wav,0.0304,0.0138,0.0028,0.0277,0.0118,0.0201,0.0150,0.0324,0.0771,0.0100
ac_0dB,3-170377-A-38.wav,0.0077,0.0101,0.3948,0.0137,0.0067,0.0141,0.0129,0.0360,0.0623,0.0050
ac_0dB,3-170383-A-38.wav,0.0048,0.0033,0.0143,0.0069,0.0067,0.0131,0.0074,0.0065,0.0777,0.0027
ac_0dB,3-170574-A-30.wav,0.0132,0.0066,0.0057,0.0234,0.0061,0.0126,0.0052,0.0140,0.0227,0.0089
ac_0dB,3-170851-A-31.wav,0.0076,0.0043,0.0089,0.0118,0.0029,0.0077,0.0099,0.0055,0.0339,0.0019
ac_0dB,3-171012-A-38.wav,0.0157,0.0136,0.0148,0.0321,0.0275,0.0310,0.0160,0.0401,0.0228,0.0039
ac_0dB,3-171041-A-38.wav,0.0035,0.0014,0.0124,0.0048,0.0032,0.0075,0.0078,0.0053,0.0264,0.0119
ac_0dB,3-171281-A-6.wav,0.0088,0.0037,0.0202,0.0398,0.0029,0.0613,0.0039,0.0021,0.0487,0.0003
ac_0dB,3-171937-A-34.wav,0.0087,0.0088,0.0038,0.0162,0.0042,0.0176,0.0125,0.0066,0.0261,0.0012
ac_0dB,3-172179-A-31.wav,0.0036,0.0040,0.0047,0.0081,0.0013,0.0120,0.0072,0.0024,0.0290,0.0013
ac_0dB,3-172881-A-48.wav,0.0060,0.0035,0.0035,0.0144,0.0025,0.0057,0.0051,0.0158,0.0411,0.0057
ac_0dB,3-172922-A-48.wav,0.0086,0.0086,0.0040,0.0098,0.0021,0.0078,0.0054,0.0093,0.0873,0.0018
ac_0dB,3-174840-A-43.wav,0.0056,0.0021,0.0058,0.0053,0.0012,0.0221,0.0065,0.0040,0.8457,0.0009
ac_0dB,3-174866-A-29.wav,0.0579,0.0181,0.0396,0.0548,0.0068,0.0120,0.0150,0.0146,0.0205,0.0024
ac_0dB,3-177082-A-22.wav,0.0020,0.0015,0.0192,0.0039,0.0011,0.0178,0.0036,0.0047,0.0192,0.0010
ac_0dB,3-177083-A-22.wav,0.0036,0.0017,0.0309,0.0136,0.0021,0.0340,0.0046,0.0703,0.0240,0.0017
ac_0dB,3-178096-A-6.wav,0.0424,0.0102,0.0482,0.1024,0.0253,0.0334,0.1409,0.0046,0.0261,0.0198
ac_0dB,3-180147-A-30.wav,0.0041,0.0020,0.1292,0.0056,0.0025,0.0075,0.0025,0.0613,0.0278,0.0036
ac_0dB,3-180256-A-0.wav,0.0025,0.0210,0.0105,0.0067,0.0055,0.0102,0.4450,0.0050,0.0212,0.0015
ac_0dB,3-180977-A-0.wav,0.0020,0.0084,0.0049,0.0052,0.0019,0.0021,0.5851,0.0025,0.0563,0.0024
ac_0dB,3-181132-A-14.wav,0.0195,0.0185,0.0116,0.0320,0.0186,0.0186,0.0160,0.0130,0.0407,0.0138
ac_0dB,3-181278-A-22.wav,0.0776,0.0041,0.0296,0.0504,0.0020,0.0204,0.0058,0.0146,0.0520,0.0034
ac_0dB,3-182023-A-30.wav,0.0061,0.0023,0.0060,0.0076,0.0016,0.0146,0.0043,0.0050,0.0961,0.0017
ac_0dB,3-182025-A-30.wav,0.0105,0.0038,0.0071,0.0199,0.0024,0.0097,0.0032,0.0486,0.0119,0.0054
ac_0dB,3-182710-A-35.wav,0.0093,0.0033,0.0075,0.0151,0.0046,0.0104,0.0063,0.0086,0.0732,0.0048
ac_0dB,3-182710-B-35.wav,0.0146,0.0220,0.0342,0.0248,0.0205,0.0648,0.0147,0.0915,0.0407,0.0047
ac_0dB,3-185313-A-31.wav,0.0150,0.0034,0.0112,0.0209,0.0026,0.0151,0.0075,0.0063,0.0987,0.0008
ac_0dB,3-185456-A-29.wav,0.0619,0.0208,0.0123,0.0459,0.0069,0.0065,0.0047,0.0056,0.0140,0.0002
ac_0dB,3-187549-A-6.wav,0.0019,0.0054,0.0036,0.0049,0.0013,0.0038,0.0077,0.0007,0.0399,0.0002
ac_0dB,3-187549-B-6.wav,0.0033,0.0101,0.0080,0.0045,0.0019,0.0200,0.0086,0.0038,0.0216,0.0015
ac_0dB,3-187710-A-11.wav,0.0098,0.0045,0.0129,0.0196,0.0045,0.0150,0.0146,0.0302,0.0353,0.0072
ac_0dB,3-188390-A-6.wav,0.0074,0.0079,0.0490,0.0079,0.0065,0.1155,0.0102,0.0152,0.0516,0.0014
ac_0dB,3-188726-A-35.wav,0.0034,0.0037,0.0064,0.0039,0.0026,0.0082,0.0073,0.0062,0.0755,0.0021
ac_0dB,3-193767-A-47.wav,0.0076,0.0041,0.0079,0.0192,0.0038,0.0088,0.0094,0.0055,0.0320,0.0015
ac_0dB,3-197408-A-8.wav,0.0052,0.0011,0.0226,0.0055,0.0021,0.0144,0.0114,0.0042,0.0381,0.0019
ac_0dB,3-197408-B-8.wav,0.0006,0.0005,0.0284,0.0005,0.0003,0.0073,0.0027,0.0040,0.0162,0.0002
ac_0dB,3-197408-C-8.wav,0.0239,0.0051,0.0151,0.0289,0.0073,0.0271,0.0051,0.0071,0.1545,0.0042
ac_0dB,3-197435-A-22.wav,0.0057,0.0049,0.0068,0.0075,0.0015,0.0094,0.0046,0.0104,0.0116,0.0013
ac_0dB,3-197435-B-22.wav,0.0055,0.0061,0.0056,0.0059,0.0040,0.0158,0.0090,0.0137,0.0307,0.0009
ac_0dB,3-203371-A-39.wav,0.0053,0.0016,0.0112,0.0170,0.0016,0.0150,0.0050,0.0066,0.0567,0.1491
ac_0dB,3-203373-A-39.wav,0.0270,0.0068,0.0039,0.0247,0.0068,0.0208,0.0122,0.0108,0.0521,0.9612
ac_0dB,3-203374-A-39.wav,0.0330,0.0086,0.5127,0.0730,0.0124,0.0309,0.0137,0.0148,0.0827,0.8629
ac_0dB,3-203375-A-39.wav,0.0064,0.0027,0.0065,0.0068,0.0022,0.0181,0.0048,0.0069,0.0409,0.9758
ac_0dB,3-203377-A-39.wav,0.0030,0.0039,0.0055,0.0155,0.0021,0.0053,0.0040,0.0041,0.0180,0.2028
ac_0dB,3-20861-A-8.wav,0.0147,0.0018,0.0146,0.0194,0.0028,0.0128,0.0085,0.0054,0.0846,0.0009
ac_0dB,3-208820-A-49.wav,0.0046,0.0021,0.0154,0.0123,0.0036,0.0170,0.0076,0.0027,0.0344,0.0039
ac_0dB,3-216280-A-39.wav,0.0130,0.0058,0.0216,0.0107,0.0070,0.0178,0.0333,0.0230,0.0867,0.4412
ac_0dB,3-216281-A-39.wav,0.0059,0.0014,0.0085,0.0077,0.0018,0.0076,0.0045,0.0072,0.0215,0.0238
ac_0dB,3-216284-A-39.wav,0.0164,0.0046,0.0049,0.0218,0.0030,0.0117,0.0127,0.0060,0.0427,0.0054
ac_0dB,3-233151-A-2.wav,0.0107,0.0213,0.0427,0.0212,0.0074,0.0400,0.0052,0.0037,0.0450,0.0369
ac_0dB,3-243726-A-43.wav,0.0055,0.0064,0.0168,0.0063,0.0028,0.0063,0.0075,0.0078,0.3551,0.0020
ac_0dB,3-246513-A-16.wav,0.0061,0.0040,0.0098,0.0071,0.0015,0.0075,0.0109,0.0072,0.0784,0.0011
ac_0dB,3-246513-B-16.wav,0.0062,0.0059,0.0052,0.0095,0.0047,0.0210,0.0077,0.0058,0.0636,0.0024
ac_0dB,3-249913-A-25.wav,0.0256,0.0158,0.0072,0.0278,0.0084,0.0109,0.0129,0.0145,0.0261,0.0024
ac_0dB,3-251617-A-48.wav,0.0095,0.0037,0.0066,0.0108,0.0036,0.0178,0.0048,0.0201,0.0455,0.0111
ac_0dB,3-253081-A-2.wav,0.0038,0.1572,0.0167,0.0043,0.0076,0.0899,0.1659,0.1509,0.0183,0.0011
ac_0dB,3-253084-A-2.wav,0.0163,0.0568,0.0211,0.0337,0.0683,0.0544,0.0120,0.0051,0.0694,0.0112
ac_0dB,3-253084-B-2.wav,0.0632,0.0087,0.1152,0.0360,0.0033,0.0322,0.0124,0.0018,0.0197,0.0009
ac_0dB,3-253084-C-2.wav,0.0250,0.0043,0.0468,0.0109,0.0009,0.0050,0.0231,0.0029,0.0188,0.0010
ac_0dB,3-253084-D-2.wav,0.0340,0.0059,0.0299,0.0799,0.0075,0.0412,0.0099,0.0072,0.0512,0.0040
ac_0dB,3-253084-E-2.wav,0.0735,0.0089,0.0297,0.0765,0.0150,0.0123,0.0298,0.0320,0.0318,0.0075
ac_0dB,3-257858-A-2.wav,0.0125,0.0016,0.0817,0.0081,0.0015,0.0028,0.0080,0.0012,0.0096,0.0015
ac_0dB,3-259622-A-44.wav,0.0014,0.0006,0.0099,0.0041,0.0012,0.0062,0.0026,0.0019,0.0325,0.0021
ac_0dB,3-51376-A-42.wav,0.0011,0.0004,0.0102,0.0029,0.0006,0.0089,0.0038,0.0040,0.1087,0.0006
ac_0dB,3-51731-A-42.wav,0.0096,0.0035,0.0077,0.0090,0.0039,0.0267,0.0072,0.0086,0.0617,0.0041
ac_0dB,3-51731-B-42.wav,0.0016,0.0006,0.0246,0.0010,0.0008,0.0024,0.0030,0.0047,0.3798,0.0005
ac_0dB,3-51909-A-42.wav,0.0046,0.0009,0.0145,0.0060,0.0014,0.0067,0.0074,0.0051,0.3895,0.0008
ac_0dB,3-51909-B-42.wav,0.0007,0.0003,0.0329,0.0027,0.0007,0.0023,0.0020,0.0039,0.0676,0.0022
ac_0dB,3-58772-A-42.wav,0.0014,0.0014,0.0125,0.0041,0.0014,0.0099,0.0041,0.0057,0.0613,0.0016
ac_0dB,3-62878-A-42.wav,0.0004,0.0005,0.0069,0.0007,0.0003,0.0074,0.0010,0.0012,0.0680,0.0002
ac_0dB,3-62878-B-42.wav,0.0063,0.0056,0.0195,0.0117,0.0067,0.0193,0.0138,0.0068,0.1065,0.0064
ac_0dB,3-65748-A-12.wav,0.0047,0.0037,0.0057,0.0085,0.0009,0.0130,0.0071,0.0080,0.0369,0.0008
ac_0dB,3-68630-A-40.wav,0.0035,0.0011,0.0086,0.0048,0.0014,0.0111,0.0042,0.0013,0.0681,0.0023
ac_0dB,3-68630-B-40.wav,0.0030,0.0013,0.0053,0.0053,0.0016,0.0144,0.0053,0.0022,0.0348,0.0023
ac_0dB,3-68630-C-40.wav,0.0032,0.0009,0.0090,0.0025,0.0016,0.0164,0.0053,0.0039,0.0931,0.0014
ac_0dB,3-70962-A-4.wav,0.0074,0.0025,0.0342,0.0077,0.0022,0.0119,0.0656,0.0026,0.0114,0.0061
ac_0dB,3-70962-B-4.wav,0.0041,0.0033,0.0244,0.0060,0.0060,0.0178,0.0053,0.0009,0.0289,0.0009
ac_0dB,3-70962-C-4.wav,0.0099,0.0008,0.0083,0.0100,0.0011,0.0055,0.0066,0.0035,0.0085,0.0009
ac_0dB,3-71964-A-4.wav,0.0039,0.0011,0.0056,0.0038,0.0014,0.0072,0.0049,0.0007,0.0123,0.0003
ac_0dB,3-71964-B-4.wav,0.0011,0.0002,0.1227,0.0031,0.0004,0.0022,0.0009,0.0007,0.0045,0.0007
ac_0dB,3-71964-C-4.wav,0.0002,0.0001,0.0191,0.0005,0.0001,0.0021,0.0012,0.0003,0.0105,0.0012
ac_0dB,3-83527-A-4.wav,0.0285,0.0041,0.2921,0.0247,0.0040,0.0210,0.0103,0.0179,0.0204,0.0017
ac_0dB,3-87936-A-46.wav,0.0022,0.0010,0.0105,0.0030,0.0016,0.0095,0.0048,0.0016,0.1382,0.0005
ac_0dB,3-87936-B-46.wav,0.0062,0.0049,0.0096,0.0081,0.0039,0.0262,0.0101,0.0077,0.1049,0.0058
ac_0dB,3-92637-A-18.wav,0.0055,0.0037,0.0202,0.0093,0.0047,0.0203,0.0124,0.0112,0.4066,0.0044
ac_0dB,3-93010-A-18.wav,0.0025,0.0082,0.0200,0.0115,0.0018,0.0102,0.0030,0.0036,0.0305,0.0196
ac_0dB,3-94342-A-25.wav,0.0166,0.0044,0.0083,0.0283,0.0024,0.0125,0.0099,0.0050,0.0594,0.0041
ac_0dB,3-94343-A-25.wav,0.0114,0.0035,0.0170,0.0129,0.0016,0.0110,0.0131,0.0144,0.0211,0.0003
ac_0dB,3-94344-A-25.wav,0.0033,0.0053,0.0047,0.0046,0.0028,0.0166,0.0136,0.0188,0.0167,0.0035
ac_0dB,3-94355-A-33.wav,0.0041,0.0031,0.0160,0.0092,0.0023,0.0450,0.0045,0.0052,0.0641,0.0052
ac_0dB,3-95694-A-5.wav,0.0060,0.0043,0.0113,0.0091,0.0018,0.0073,0.0044,0.0024,0.0282,0.0039
ac_0dB,3-95695-A-5.wav,0.0038,0.0078,0.6837,0.0076,0.0138,0.0554,0.0115,0.0424,0.0921,0.0028
ac_0dB,3-95695-B-5.wav,0.0047,0.0079,0.0109,0.0056,0.0038,0.0341,0.0986,0.0088,0.0459,0.0021
ac_0dB,3-95697-A-5.wav,0.0080,0.0058,0.0066,0.0181,0.0034,0.0070,0.0043,0.0078,0.0147,0.0051
ac_0dB,3-95698-A-5.wav,0.0068,0.0114,0.0112,0.0168,0.0060,0.0191,0.0141,0.0049,0.0492,0.0045
ac_0dB,3-96606-A-49.wav,0.0030,0.0013,0.0381,0.0122,0.0024,0.0158,0.0074,0.0012,0.0256,0.0033
ac_0dB,3-96606-B-49.wav,0.0010,0.0003,0.0079,0.0039,0.0006,0.0072,0.0030,0.0010,0.0924,0.0016
ac_0dB,3-97909-A-49.wav,0.0020,0.0001,0.0448,0.0301,0.0003,0.0033,0.0052,0.0015,0.0243,0.0039
ac_0dB,3-97909-B-49.wav,0.0031,0.0028,0.0480,0.0233,0.0044,0.0151,0.0105,0.0056,0.0059,0.0452
ac_0dB,3-98193-A-46.wav,0.0005,0.0002,0.0038,0.0013,0.0005,0.0017,0.0015,0.0007,0.0213,0.0009
ac_0dB,3-98771-A-18.wav,0.0057,0.0099,0.0262,0.0106,0.0052,0.0175,0.0034,0.0028,0.0242,0.0065
ac_0dB,3-98869-A-46.wav,0.0005,0.0003,0.0054,0.0007,0.0006,0.0038,0.0026,0.0007,0.0317,0.0004
ac_0dB,4-102844-A-49.wav,0.0064,0.0006,0.0092,0.0300,0.0005,0.0035,0.0005,0.0003,0.0089,0.0003
ac_0dB,4-102844-B-49.wav,0.0273,0.0007,0.0784,0.0494,0.0022,0.0140,0.0029,0.0035,0.0453,0.0029
ac_0dB,4-102844-C-49.wav,0.0122,0.0017,0.0180,0.0312,0.0015,0.0144,0.0019,0.0011,0.0208,0.0006
ac_0dB,4-102871-A-42.wav,0.0009,0.0002,0.0187,0.0008,0.0005,0.0064,0.0036,0.0013,0.2042,0.0004
ac_0dB,4-107117-A-33.wav,0.0038,0.0023,0.0084,0.0051,0.0018,0.0093,0.0068,0.0044,0.1425,0.0092
ac_0dB,4-107120-A-33.wav,0.0127,0.0021,0.0487,0.0204,0.0065,0.0153,0.0063,0.0060,0.1809,0.0017
ac_0dB,4-107122-A-33.wav,0.0089,0.0014,0.0142,0.0199,0.0031,0.0493,0.0043,0.0047,0.0169,0.0032
ac_0dB,4-108352-A-33.wav,0.0040,0.0036,0.0096,0.0073,0.0020,0.0112,0.0046,0.0144,0.0700,0.0067
ac_0dB,4-111671-A-42.wav,0.0005,0.0005,0.0089,0.0014,0.0008,0.0096,0.0017,0.0004,0.0824,0.0008
ac_0dB,4-111671-B-42.wav,0.0006,0.0010,0.0057,0.0010,0.0006,0.0050,0.0017,0.0002,0.0313,0.0003
ac_0dB,4-117627-A-25.wav,0.0046,0.0075,0.0046,0.0075,0.0024,0.0136,0.0056,0.0124,0.0275,0.0066
ac_0dB,4-117630-A-25.wav,0.0156,0.0113,0.0084,0.0210,0.0033,0.0092,0.0058,0.0070,0.0105,0.0085
ac_0dB,4-119647-A-48.wav,0.0061,0.0040,0.0117,0.0085,0.0039,0.0175,0.0061,0.0110,0.0512,0.0069
ac_0dB,4-119647-B-48.wav,0.0342,0.0074,0.0228,0.0358,0.0103,0.0083,0.0136,0.0281,0.0350,0.0031
ac_0dB,4-119647-C-48.wav,0.0307,0.0076,0.0156,0.0314,0.0093,0.0192,0.0171,0.0208,0.0964,0.0035
ac_0dB,4-119647-D-48.wav,0.0167,0.0019,0.0062,0.0135,0.0015,0.0064,0.0082,0.0086,0.0208,0.0008
ac_0dB,4-119648-A-48.wav,0.0070,0.0057,0.0042,0.0092,0.0015,0.0128,0.0092,0.0237,0.0229,0.0038
ac_0dB,4-119648-B-48.wav,0.0094,0.0089,0.0083,0.0131,0.0021,0.0104,0.0127,0.0087,0.0363,0.0029
ac_0dB,4-119648-C-48.wav,0.0176,0.0109,0.0116,0.0208,0.0045,0.0087,0.0141,0.0210,0.0329,0.0020
ac_0dB,4-119648-D-48.wav,0.0086,0.0030,0.0030,0.0152,0.0024,0.0056,0.0086,0.0408,0.0417,0.0011
ac_0dB,4-119720-A-18.wav,0.0023,0.0011,0.0152,0.0025,0.0027,0.0123,0.0018,0.0020,0.0476,0.0019
ac_0dB,4-120160-A-5.wav,0.0057,0.0024,0.0056,0.0149,0.0034,0.0085,0.0043,0.0018,0.0289,0.0018
ac_0dB,4-121532-A-42.wav,0.0019,0.0005,0.0186,0.0033,0.0008,0.0051,0.0015,0.0034,0.3595,0.0006
ac_0dB,4-123680-A-18.wav,0.0024,0.0022,0.0202,0.0082,0.0012,0.3069,0.0026,0.0008,0.0257,0.0046
ac_0dB,4-125070-A-19.wav,0.0097,0.0053,0.0133,0.0146,0.0081,0.0167,0.0133,0.0182,0.0774,0.0033
ac_0dB,4-125071-A-19.wav,0.0033,0.0015,0.0186,0.0059,0.0017,0.0081,0.0061,0.0169,0.0323,0.0011
ac_0dB,4-125072-A-19.wav,0.0136,0.0064,0.0055,0.0168,0.0027,0.0103,0.0055,0.0542,0.0243,0.0024
ac_0dB,4-125072-B-19.wav,0.0058,0.0023,0.0099,0.0072,0.0014,0.0090,0.0040,0.0033,0.0239,0.0014
ac_0dB,4-125825-A-46.wav,0.0011,0.0018,0.0089,0.0026,0.0019,0.0065,0.0054,0.0017,0.0202,0.0013
ac_0dB,4-125825-B-46.wav,0.0024,0.0021,0.0678,0.0068,0.0037,0.0035,0.0042,0.0038,0.0467,0.0007
ac_0dB,4-125929-A-40.wav,0.0048,0.0021,0.0111,0.0068,0.0034,0.0052,0.0086,0.0064,0.0698,0.0015
ac_0dB,4-126046-A-18.wav,0.0126,0.0052,0.0078,0.0165,0.0021,0.0054,0.0033,0.0175,0.0305,0.0066
ac_0dB,4-126532-A-18.wav,0.0099,0.0018,0.0072,0.0084,0.0021,0.0094,0.0068,0.0111,0.0706,0.0037
ac_0dB,4-128659-A-33.wav,0.0074,0.0028,0.0060,0.0051,0.0048,0.0139,0.0062,0.0188,0.0129,0.0037
ac_0dB,4-130584-A-4.wav,0.0008,0.0003,0.1433,0.0009,0.0007,0.0034,0.0008,0.0028,0.0890,0.0031
ac_0dB,4-130891-A-7.wav,0.0151,0.0072,0.2583,0.0163,0.0118,0.0164,0.0217,0.0241,0.0114,0.0232
ac_0dB,4-132383-A-2.wav,0.0494,0.0285,0.0322,0.0999,0.0098,0.0394,0.0481,0.0039,0.0167,0.0027
ac_0dB,4-132383-B-2.wav,0.0382,0.1768,0.0182,0.0892,0.0303,0.0514,0.1607,0.0045,0.0218,0.0057
ac_0dB,4-132803-A-26.wav,0.0166,0.0121,0.2049,0.0347,0.0138,0.8963,0.0155,0.0201,0.0316,0.0184
ac_0dB,4-132810-A-26.wav,0.0039,0.0026,0.0137,0.0067,0.0015,0.9857,0.0040,0.0025,0.0826,0.0009
ac_0dB,4-132816-A-26.wav,0.0016,0.0019,0.1631,0.0060,0.0017,0.9367,0.0038,0.0017,0.0413,0.0002
ac_0dB,4-132839-A-33.wav,0.0585,0.0020,0.0230,0.0532,0.0022,0.0095,0.0053,0.0060,0.0600,0.0071
ac_0dB,4-133047-A-5.wav,0.0005,0.0003,0.0133,0.0014,0.0005,0.0014,0.0003,0.0022,0.0262,0.0012
ac_0dB,4-133047-B-5.wav,0.0097,0.0198,0.0639,0.0145,0.0101,0.0676,0.0588,0.0040,0.0057,0.0020
ac_0dB,4-133047-C-5.wav,0.0029,0.0018,0.0183,0.0043,0.0022,0.0070,0.0031,0.0025,0.0576,0.0021
ac_0dB,4-133674-A-26.wav,0.2441,0.0042,0.1010,0.1633,0.0026,0.7494,0.0172,0.0103,0.0372,0.0006
ac_0dB,4-133895-A-7.wav,0.0101,0.0112,0.2228,0.0179,0.0052,0.0148,0.0131,0.0152,0.0346,0.0021
ac_0dB,4-135439-A-18.wav,0.0016,0.0006,0.0081,0.0024,0.0006,0.0042,0.0011,0.0008,0.0068,0.0024
ac_0dB,4-136381-A-9.wav,0.0159,0.0189,0.0066,0.1140,0.0188,0.0173,0.0150,0.0141,0.0477,0.0526
ac_0dB,4-138344-A-9.wav,0.0177,0.0127,0.0106,0.0390,0.0082,0.0222,0.0123,0.0081,0.0962,0.0050
ac_0dB,4-140034-A-46.wav,0.0036,0.0006,0.0102,0.0067,0.0030,0.0069,0.0063,0.0012,0.0681,0.0017
ac_0dB,4-141365-A-18.wav,0.0007,0.0007,0.0076,0.0028,0.0013,0.0116,0.0042,0.0020,0.0098,0.0016
ac_0dB,4-143118-A-7.wav,0.0130,0.0056,0.0395,0.0130,0.0043,0.0164,0.0100,0.0146,0.0800,0.0033
ac_0dB,4-143118-B-7.wav,0.0093,0.0078,0.0307,0.0088,0.0092,0.0140,0.0131,0.0088,0.0225,0.0046
ac_0dB,4-144083-A-16.wav,0.0065,0.0086,0.0167,0.0093,0.0061,0.0508,0.0139,0.0107,0.1218,0.0030
ac_0dB,4-144083-B-16.wav,0.0056,0.0020,0.0117,0.0099,0.0020,0.0094,0.0050,0.0051,0.0373,0.0033
ac_0dB,4-144083-C-16.wav,0.0074,0.0018,0.0046,0.0135,0.0014,0.0045,0.0149,0.0047,0.0389,0.0012
ac_0dB,4-144085-A-16.wav,0.0043,0.0014,0.0109,0.0083,0.0021,0.0068,0.0031,0.0058,0.0225,0.0080
ac_0dB,4-144468-A-27.wav,0.0057,0.0020,0.0052,0.0389,0.0035,0.0124,0.0039,0.0021,0.0290,0.0022
ac_0dB,4-144468-B-27.wav,0.0149,0.0171,0.5589,0.0238,0.0183,0.0682,0.0162,0.0185,0.1677,0.0028
ac_0dB,4-145006-A-18.wav,0.0792,0.0131,0.0079,0.0821,0.0034,0.0353,0.0053,0.0074,0.0395,0.0146
ac_0dB,4-145081-A-9.wav,0.0047,0.0030,0.0043,0.0077,0.0024,0.0116,0.0053,0.0019,0.0464,0.0013
ac_0dB,4-146200-A-36.wav,0.0035,0.0029,0.0067,0.0049,0.0022,0.0202,0.0049,0.0028,0.0691,0.0047
ac_0dB,4-147240-A-2.wav,0.0082,0.0020,0.0250,0.0067,0.0044,0.0085,0.0036,0.0076,0.0134,0.0011
ac_0dB,4-147240-B-2.wav,0.0205,0.0107,0.0539,0.0189,0.0093,0.0279,0.0168,0.0174,0.0700,0.0099
ac_0dB,4-147657-A-46.wav,0.0027,0.0003,0.0100,0.0042,0.0027,0.0062,0.0044,0.0035,0.0561,0.0021
ac_0dB,4-147658-A-46.wav,0.0032,0.0012,0.0029,0.0039,0.0013,0.0101,0.0029,0.0026,0.0178,0.0005
ac_0dB,4-149294-A-41.wav,0.1223,0.0061,0.0170,0.1032,0.0094,0.0109,0.0072,0.0027,0.0864,0.0019
ac_0dB,4-149294-B-41.wav,0.0941,0.0023,0.0197,0.0875,0.0019,0.0107,0.0128,0.0060,0.0294,0.0079
ac_0dB,4-149940-A-5.wav,0.0077,0.0009,0.1594,0.0127,0.0006,0.0193,0.0523,0.0007,0.0064,0.0005
ac_0dB,4-149940-B-5.wav,0.0035,0.0032,0.0621,0.0047,0.0028,0.0225,0.0180,0.0061,0.1726,0.0020
ac_0dB,4-150364-A-46.wav,0.0017,0.0016,0.0041,0.0042,0.0009,0.0072,0.0022,0.0014,0.0110,0.0017
ac_0dB,4-150364-B-46.wav,0.0029,0.0009,0.0059,0.0048,0.0018,0.0114,0.0068,0.0023,0.0670,0.0013
ac_0dB,4-151242-A-37.wav,0.0014,0.0010,0.0064,0.0020,0.0007,0.0013,0.0006,0.0007,0.0101,0.0012
ac_0dB,4-152958-A-18.wav,0.0106,0.0134,0.0208,0.0143,0.0103,0.0255,0.0168,0.0238,0.0717,0.0077
ac_0dB,4-152995-A-24.wav,0.0128,0.1608,0.0971,0.0441,0.0509,0.0208,0.0437,0.0181,0.0151,0.0010
ac_0dB,4-154405-A-27.wav,0.0155,0.0032,0.0091,0.0190,0.0029,0.0094,0.0113,0.0132,0.0313,0.0017
ac_0dB,4-154405-B-27.wav,0.0042,0.0030,0.0194,0.0087,0.0023,0.0154,0.0053,0.0031,0.0447,0.0017
ac_0dB,4-154443-A-24.wav,0.0342,0.1398,0.0503,0.1298,0.0272,0.1399,0.0177,0.0154,0.0529,0.0148
ac_0dB,4-154793-A-4.wav,0.0034,0.0005,0.4970,0.0066,0.0007,0.0043,0.0040,0.0020,0.0361,0.0004
ac_0dB,4-155650-A-24.wav,0.0484,0.9994,0.0207,0.0708,0.0252,0.0247,0.0213,0.0130,0.0771,0.0039
ac_0dB,4-155650-B-24.wav,0.0142,0.9730,0.0133,0.2929,0.2499,0.0195,0.0061,0.0086,0.0170,0.1435
ac_0dB,4-155670-A-26.wav,0.0019,0.0057,0.3015,0.0043,0.0033,0.2774,0.0093,0.0062,0.0792,0.0024
ac_0dB,4-156227-A-9.wav,0.0040,0.0125,0.0106,0.0073,0.0048,0.0316,0.0075,0.0032,0.0462,0.0005
ac_0dB,4-156827-A-46.wav,0.0022,0.0005,0.0043,0.0028,0.0007,0.0028,0.0015,0.0014,0.0284,0.0013
ac_0dB,4-156843-A-21.wav,0.0094,0.0272,0.0283,0.1133,0.4454,0.0092,0.0043,0.0171,0.0217,0.0012
ac_0dB,4-156844-A-21.wav,0.0111,0.6259,0.0287,0.0764,0.9555,0.0718,0.0189,0.0077,0.0207,0.0014
ac_0dB,4-156993-A-19.wav,0.0055,0.0024,0.0145,0.0065,0.0022,0.0132,0.0047,0.0080,0.0361,0.0046
ac_0dB,4-157296-A-24.wav,0.0181,0.9096,0.1035,0.1022,0.3286,0.4424,0.0045,0.0051,0.0210,0.0142
ac_0dB,4-157297-A-21.wav,0.0187,0.1176,0.3660,0.0631,0.9827,0.0474,0.0180,0.0349,0.0727,0.0051
ac_0dB,4-157611-A-41.wav,0.0107,0.0006,0.0139,0.0129,0.0004,0.0026,0.0043,0.0040,0.0609,0.0028
ac_0dB,4-157611-B-41.wav,0.0067,0.0012,0.0101,0.0127,0.0005,0.0033,0.0024,0.0010,0.0451,0.0004
ac_0dB,4-158653-A-32.wav,0.0076,0.0021,0.0070,0.0102,0.0020,0.0135,0.0050,0.0086,0.0795,0.0006
ac_0dB,4-159426-A-9.wav,0.0125,0.0094,0.0112,0.0217,0.0104,0.0097,0.0179,0.0063,0.0463,0.0030
ac_0dB,4-159609-A-14.wav,0.0097,0.0052,0.0184,0.0103,0.0062,0.0247,0.0165,0.0094,0.0771,0.0046
ac_0dB,4-159609-B-14.wav,0.0077,0.0055,0.0105,0.0182,0.0076,0.0107,0.0055,0.0067,0.0198,0.0021
ac_0dB,4-160036-A-33.wav,0.0045,0.0039,0.0029,0.0050,0.0015,0.0163,0.0094,0.0166,0.0243,0.0026
ac_0dB,4-160036-B-33.wav,0.0915,0.0069,0.1367,0.0492,0.0036,0.0212,0.0076,0.0046,0.0290,0.0021
ac_0dB,4-160999-A-10.wav,0.0064,0.0024,0.0134,0.0079,0.0030,0.0142,0.0078,0.0027,0.0336,0.0094
ac_0dB,4-161099-A-47.wav,0.0123,0.0025,0.0153,0.0141,0.0028,0.0094,0.0272,0.0057,0.0792,0.0021
ac_0dB,4-161099-B-47.wav,0.0135,0.0009,0.0144,0.0162,0.0028,0.0024,0.0069,0.0057,0.0220,0.0042
ac_0dB,4-161100-A-47.wav,0.0046,0.0019,0.0141,0.0125,0.0013,0.0056,0.0038,0.0043,0.0201,0.0023
ac_0dB,4-161103-A-47.wav,0.0053,0.0021,0.0092,0.0068,0.0015,0.0091,0.0061,0.0025,0.0706,0.0035
ac_0dB,4-161105-A-47.wav,0.0244,0.0041,0.0235,0.0411,0.0070,0.0049,0.0157,0.0199,0.0405,0.0030
ac_0dB,4-161105-B-47.wav,0.0125,0.0053,0.0200,0.0131,0.0076,0.0191,0.0117,0.0076,0.0814,0.0020
ac_0dB,4-161127-A-10.wav,0.0090,0.0070,0.0054,0.0162,0.0045,0.0183,0.0077,0.0094,0.0623,0.0052
ac_0dB,4-161303-A-5.wav,0.0008,0.0012,0.0104,0.0023,0.0003,0.0059,0.0042,0.0010,0.3010,0.0008
ac_0dB,4-161303-B-5.wav,0.0047,0.0027,0.0100,0.0084,0.0022,0.0168,0.0061,0.0035,0.0427,0.0031
ac_0dB,4-161519-A-19.wav,0.0112,0.0088,0.0083,0.0422,0.0088,0.0222,0.0117,0.0082,0.0754,0.0104
ac_0dB,4-161579-A-40.wav,0.0216,0.0159,0.0922,0.0577,0.0113,0.0354,0.0148,0.0207,0.0927,0.0082
ac_0dB,4-161579-B-40.wav,0.0028,0.0006,0.0143,0.0044,0.0004,0.0074,0.0027,0.0015,0.0805,0.0005
ac_0dB,4-163264-A-10.wav,0.0256,0.0152,0.0057,0.0423,0.0121,0.0516,0.0099,0.0164,0.0455,0.0033
ac_0dB,4-163606-A-16.wav,0.0076,0.0051,0.0101,0.0127,0.0041,0.0114,0.0049,0.0075,0.0219,0.0083
ac_0dB,4-163608-B-16.wav,0.0100,0.0090,0.0179,0.0169,0.0108,0.0309,0.0314,0.0260,0.0430,0.0102
ac_0dB,4-163609-A-16.wav,0.0119,0.0094,0.0163,0.0145,0.0111,0.0380,0.0195,0.0141,0.0500,0.0053
ac_0dB,4-163609-B-16.wav,0.0017,0.0011,0.0321,0.0025,0.0014,0.0058,0.0040,0.0126,0.0234,0.0009
ac_0dB,4-163697-A-13.wav,0.0043,0.0024,0.0040,0.0079,0.0011,0.0130,0.0060,0.0008,0.0327,0.0008
ac_0dB,4-164021-A-1.wav,0.0033,0.0019,0.0165,0.0043,0.0008,0.0086,0.0037,0.0020,0.0248,0.0014
ac_0dB,4-164064-A-1.wav,0.0148,0.0096,0.0073,0.0315,0.0087,0.0178,0.0087,0.0085,0.0374,0.0059
ac_0dB,4-164064-B-1.wav,0.0050,0.0043,0.0086,0.0061,0.0022,0.0100,0.0054,0.0043,0.0650,0.0016
ac_0dB,4-164064-C-1.wav,0.0063,0.0041,0.0052,0.0081,0.0020,0.0193,0.0304,0.0081,0.0405,0.0014
ac_0dB,4-164206-A-10.wav,0.0096,0.0056,0.0082,0.0175,0.0068,0.0362,0.0050,0.0094,0.0574,0.0013
ac_0dB,4-164243-A-26.wav,0.0077,0.0056,0.0369,0.0224,0.0127,0.9594,0.0644,0.0017,0.0190,0.0001
ac_0dB,4-164661-A-12.wav,0.0038,0.0040,0.0050,0.0043,0.0023,0.0106,0.0086,0.0054,0.0155,0.0006
ac_0dB,4-164661-B-12.wav,0.0071,0.0042,0.0072,0.0102,0.0055,0.0111,0.0104,0.0556,0.0903,0.0077
ac_0dB,4-164859-A-1.wav,0.0029,0.0007,0.0148,0.0037,0.0006,0.0064,0.0024,0.0098,0.0119,0.0006
ac_0dB,4-165606-A-45.wav,0.0144,0.0085,0.0275,0.0205,0.0060,0.0237,0.0121,0.0225,0.0279,0.0040
ac_0dB,4-165791-A-45.wav,0.0284,0.0038,0.0240,0.0254,0.0021,0.0130,0.0125,0.0082,0.0383,0.0049
ac_0dB,4-165791-B-45.wav,0.0044,0.0034,0.0071,0.0062,0.0025,0.0113,0.0043,0.0099,0.0867,0.0026
ac_0dB,4-165813-A-19.wav,0.0035,0.0023,0.0044,0.0051,0.0011,0.0083,0.0054,0.0030,0.0773,0.0007
ac_0dB,4-165813-B-19.wav,0.0055,0.0051,0.0078,0.0079,0.0027,0.0218,0.0048,0.0054,0.0559,0.0020
ac_0dB,4-165823-A-41.wav,0.0007,0.0002,0.0248,0.0014,0.0002,0.0016,0.0016,0.0060,0.0111,0.0007
ac_0dB,4-165823-B-41.wav,0.0144,0.0008,0.0141,0.0171,0.0020,0.0029,0.0037,0.0012,0.0578,0.0025
ac_0dB,4-165845-A-45.wav,0.0055,0.0060,0.0176,0.0087,0.0035,0.0318,0.0554,0.0210,0.0867,0.0021
ac_0dB,4-165845-B-45.wav,0.0041,0.0014,0.0096,0.0038,0.0026,0.0061,0.0107,0.0708,0.0689,0.0037
ac_0dB,4-165933-A-45.wav,0.0034,0.0013,0.0179,0.0031,0.0011,0.0054,0.0059,0.0156,0.0644,0.0011
ac_0dB,4-166661-A-10.wav,0.0027,0.0037,0.0064,0.0041,0.0019,0.0417,0.0054,0.0104,0.0210,0.0007
ac_0dB,4-167063-A-11.wav,0.0032,0.0015,0.0105,0.0049,0.0013,0.0217,0.0043,0.0026,0.0283,0.0008
ac_0dB,4-167063-B-11.wav,0.0042,0.0068,0.0077,0.0114,0.0041,0.0207,0.0115,0.0139,0.0221,0.0029
ac_0dB,4-167063-C-11.wav,0.0026,0.0044,0.0074,0.0059,0.0021,0.0178,0.0129,0.0073,0.0247,0.0018
ac_0dB,4-167077-A-20.wav,0.0227,0.0684,0.0278,0.0317,0.0783,0.0738,0.0226,0.0107,0.0318,0.0037
ac_0dB,4-167077-B-20.wav,0.0711,0.0016,0.1093,0.0918,0.0039,0.1283,0.0015,0.0047,0.0606,0.0115
ac_0dB,4-167077-C-20.wav,0.0096,0.0069,0.4337,0.0284,0.0077,0.0554,0.0089,0.0154,0.0457,0.0089
ac_0dB,4-167155-A-32.wav,0.0020,0.0021,0.0066,0.0045,0.0030,0.0074,0.0344,0.0117,0.0136,0.0028
ac_0dB,4-167571-A-26.wav,0.0297,0.0032,0.0409,0.0182,0.0081,0.1575,0.0314,0.0184,0.0781,0.0035
ac_0dB,4-167642-A-21.wav,0.0031,0.0047,0.0349,0.0178,0.9240,0.0082,0.0066,0.0070,0.0223,0.0242
ac_0dB,4-168155-A-15.wav,0.0082,0.0178,0.0064,0.0166,0.0113,0.0324,0.0316,0.0068,0.0374,0.0051
ac_0dB,4-168446-A-45.wav,0.0064,0.0018,0.0140,0.0110,0.0015,0.0142,0.0063,0.0109,0.0574,0.0026
ac_0dB,4-168868-A-17.wav,0.0088,0.0016,0.0098,0.0376,0.0006,0.0031,0.0006,0.0003,0.0212,0.0086
ac_0dB,4-169127-A-41.wav,0.0100,0.0110,0.0645,0.0119,0.0048,0.0304,0.0125,0.0102,0.0603,0.0042
ac_0dB,4-169127-B-41.wav,0.0007,0.0006,0.0047,0.0015,0.0003,0.0022,0.0013,0.0049,0.0042,0.0047
ac_0dB,4-169508-A-37.wav,0.0004,0.0004,0.0038,0.0015,0.0002,0.0025,0.0009,0.0004,0.0557,0.0004
ac_0dB,4-169726-A-24.wav,0.0340,0.1514,0.0347,0.1026,0.1284,0.0316,0.0090,0.0073,0.0693,0.0091
ac_0dB,4-170078-A-1.wav,0.0070,0.0080,0.0095,0.0116,0.0079,0.0132,0.0386,0.0240,0.0475,0.0041
ac_0dB,4-170247-A-12.wav,0.0072,0.0022,0.0114,0.0060,0.0038,0.0130,0.0166,0.0146,0.0846,0.0012
ac_0dB,4-170247-B-12.wav,0.0064,0.0010,0.0315,0.0079,0.0013,0.0067,0.0068,0.0119,0.0263,0.0002
ac_0dB,4-171207-A-12.wav,0.0164,0.0061,0.0028,0.0186,0.0022,0.0084,0.0096,0.0065,0.0225,0.0012
ac_0dB,4-171396-A-24.wav,0.0326,0.8199,0.2081,0.1005,0.1090,0.0436,0.0090,0.0100,0.0373,0.0030
ac_0dB,4-171519-A-21.wav,0.0119,0.7814,0.0136,0.0442,0.8027,0.0378,0.0105,0.0083,0.0624,0.0060
ac_0dB,4-171652-A-44.wav,0.0018,0.0004,0.0027,0.0027,0.0002,0.0069,0.0021,0.0007,0.0038,0.0004
ac_0dB,4-171706-A-23.wav,0.0481,0.0033,0.0024,0.8831,0.0036,0.0062,0.0023,0.0009,0.0177,0.0016
ac_0dB,4-171823-A-13.wav,0.0019,0.0023,0.0048,0.0032,0.0027,0.0084,0.0059,0.0115,0.0283,0.0008
ac_0dB,4-172143-A-13.wav,0.0018,0.0006,0.0048,0.0019,0.0008,0.0084,0.0040,0.0047,0.0231,0.0015
ac_0dB,4-172180-A-32.wav,0.0132,0.0079,0.0172,0.0207,0.0080,0.0168,0.0217,0.0224,0.0182,0.0013
ac_0dB,4-172366-A-37.wav,0.0012,0.0007,0.0055,0.0025,0.0014,0.0026,0.0011,0.0004,0.0185,0.0045
ac_0dB,4-172377-A-17.wav,0.0178,0.0027,0.0526,0.0420,0.0012,0.0100,0.0033,0.0034,0.0311,0.0187
ac_0dB,4-172500-A-27.wav,0.0595,0.0042,0.0163,0.0447,0.0050,0.0141,0.0092,0.0160,0.0422,0.0029
ac_0dB,4-172500-B-27.wav,0.0201,0.0126,0.0209,0.0380,0.0060,0.0299,0.0193,0.0062,0.0569,0.0028
ac_0dB,4-172500-C-27.wav,0.0156,0.0008,0.0096,0.0704,0.0010,0.0091,0.0057,0.0008,0.0480,0.0055
ac_0dB,4-172500-D-27.wav,0.0431,0.0045,0.0978,0.0552,0.0050,0.0210,0.0404,0.0041,0.0711,0.0195
ac_0dB,4-172732-A-36.wav,0.0043,0.0030,0.0055,0.0113,0.0015,0.0094,0.0069,0.0032,0.0275,0.0071
ac_0dB,4-172733-A-36.wav,0.0038,0.0027,0.0090,0.0133,0.0026,0.0099,0.0040,0.0023,0.0248,0.0099
ac_0dB,4-172734-A-36.wav,0.0049,0.0023,0.0113,0.0066,0.0031,0.0265,0.0051,0.0044,0.0727,0.0037
ac_0dB,4-172736-A-36.wav,0.0011,0.0016,0.0186,0.0037,0.0004,0.0085,0.0028,0.0030,0.0575,0.0012
ac_0dB,4-172736-B-36.wav,0.0014,0.0021,0.0115,0.0021,0.0009,0.0096,0.0028,0.0006,0.0671,0.0021
ac_0dB,4-172742-A-32.wav,0.0062,0.0014,0.0170,0.0095,0.0013,0.0091,0.0080,0.0085,0.0591,0.0004
ac_0dB,4-173865-A-9.wav,0.0002,0.0013,0.0022,0.0002,0.0003,0.0017,0.0014,0.0001,0.0163,0.0002
ac_0dB,4-173865-B-9.wav,0.0030,0.0015,0.0077,0.0047,0.0015,0.0176,0.0046,0.0081,0.0401,0.0020
ac_0dB,4-174797-A-15.wav,0.0067,0.0046,0.0079,0.0073,0.0029,0.0140,0.0066,0.0400,0.0242,0.0067
ac_0dB,4-174860-A-3.wav,0.1879,0.0385,0.8018,0.1424,0.0117,0.0461,0.0678,0.0220,0.1075,0.0011
ac_0dB,4-174860-B-3.wav,0.0092,0.0040,0.0275,0.0102,0.0035,0.0292,0.0086,0.0042,0.0854,0.0052
ac_0dB,4-175000-A-40.wav,0.0066,0.0035,0.0066,0.0171,0.0014,0.0058,0.0068,0.0035,0.0188,0.0049
ac_0dB,4-175000-B-40.wav,0.0018,0.0013,0.0084,0.0023,0.0010,0.0129,0.0036,0.0022,0.0907,0.0021
ac_0dB,4-175000-C-40.wav,0.0235,0.0097,0.0111,0.0316,0.0117,0.0201,0.0131,0.0102,0.0599,0.0016
ac_0dB,4-175025-A-34.wav,0.0147,0.0050,0.0159,0.0172,0.0054,0.0138,0.0189,0.0135,0.0750,0.0032
ac_0dB,4-175845-A-43.wav,0.0032,0.0011,0.0401,0.0047,0.0019,0.0096,0.0050,0.0068,0.6441,0.0007
ac_0dB,4-175846-A-43.wav,0.0072,0.0071,0.0029,0.0122,0.0035,0.0210,0.0098,0.0099,0.9262,0.0018
ac_0dB,4-175855-A-43.wav,0.0054,0.0037,0.0195,0.0093,0.0030,0.0195,0.0059,0.0037,0.8908,0.0045
ac_0dB,4-175856-A-43.wav,0.0213,0.0062,0.0143,0.0357,0.0030,0.0116,0.0071,0.0037,0.9318,0.0042
ac_0dB,4-175945-A-38.wav,0.0081,0.0020,0.0050,0.0072,0.0025,0.5108,0.0032,0.0051,0.0859,0.0005
ac_0dB,4-176631-A-43.wav,0.0052,0.0033,0.0097,0.0067,0.0023,0.0187,0.0068,0.0066,0.9251,0.0020
ac_0dB,4-176638-A-43.wav,0.0060,0.0021,0.0042,0.0113,0.0011,0.0078,0.0024,0.0027,0.9534,0.0024
ac_0dB,4-176914-A-23.wav,0.0171,0.0192,0.0135,0.0553,0.0545,0.0198,0.0068,0.0176,0.0590,0.0141
ac_0dB,4-177243-A-32.wav,0.0032,0.0019,0.0028,0.0070,0.0022,0.0116,0.0043,0.0010,0.0132,0.0018
ac_0dB,4-177250-A-10.wav,0.0063,0.0059,0.0118,0.0080,0.0047,0.0277,0.0132,0.0072,0.0757,0.0143
ac_0dB,4-177835-A-24.wav,0.0131,0.8115,0.0352,0.0570,0.1722,0.0473,0.0072,0.0111,0.0203,0.0021
ac_0dB,4-178402-A-43.wav,0.0134,0.0053,0.0036,0.0196,0.0023,0.0120,0.0112,0.0035,0.8748,0.0009
ac_0dB,4-178881-A-45.wav,0.0029,0.0027,0.0263,0.0036,0.0018,0.0164,0.0063,0.0058,0.0727,0.0028
ac_0dB,4-179836-A-34.wav,0.0172,0.0087,0.0034,0.0268,0.0096,0.0200,0.0156,0.0131,0.0634,0.0071
ac_0dB,4-179984-A-38.wav,0.0112,0.0090,0.1199,0.0118,0.0081,0.0202,0.0150,0.0306,0.0587,0.0054
ac_0dB,4-180337-A-28.wav,0.8120,0.0058,0.0101,0.7746,0.0066,0.0189,0.0056,0.0055,0.0898,0.0019
ac_0dB,4-180380-A-10.wav,0.0030,0.0033,0.0062,0.0040,0.0028,0.0212,0.0032,0.0055,0.0307,0.0007
ac_0dB,4-180453-A-17.wav,0.0046,0.0029,0.0084,0.0051,0.0024,0.0101,0.0053,0.0135,0.0357,0.0022
ac_0dB,4-181035-A-38.wav,0.0066,0.0034,0.0065,0.0100,0.0047,0.0050,0.0175,0.0290,0.0108,0.0139
ac_0dB,4-181286-A-10.wav,0.0051,0.0054,0.0050,0.0051,0.0035,0.0419,0.0044,0.0047,0.0915,0.0022
ac_0dB,4-181362-A-13.wav,0.0812,0.0025,0.0065,0.0380,0.0036,0.0139,0.0090,0.0064,0.0369,0.0011
ac_0dB,4-181563-A-12.wav,0.0023,0.0018,0.0053,0.0031,0.0005,0.0076,0.0046,0.0032,0.0451,0.0001
ac_0dB,4-181599-A-26.wav,0.0102,0.0198,0.1112,0.0291,0.0125,0.4738,0.0814,0.0061,0.0477,0.0055
ac_0dB,4-181628-A-17.wav,0.0033,0.0065,0.0066,0.0089,0.0019,0.0121,0.0049,0.0009,0.0079,0.0252
ac_0dB,4-181707-A-32.wav,0.0024,0.0032,0.0255,0.0038,0.0030,0.0110,0.0022,0.0090,0.0273,0.0019
ac_0dB,4-181708-A-32.wav,0.0022,0.0035,0.0082,0.0031,0.0009,0.0192,0.0086,0.0031,0.0498,0.0028
ac_0dB,4-181865-A-38.wav,0.0099,0.0036,0.0050,0.0233,0.0023,0.0087,0.0046,0.0065,0.0359,0.0029
ac_0dB,4-181955-A-3.wav,0.0110,0.0040,0.0328,0.0132,0.0062,0.0151,0.0069,0.0105,0.0744,0.0077
ac_0dB,4-181955-B-3.wav,0.0038,0.0011,0.0747,0.0079,0.0032,0.0038,0.0019,0.0007,0.0154,0.0008
ac_0dB,4-181955-C-3.wav,0.0139,0.0041,0.0185,0.0213,0.0065,0.0095,0.0137,0.0195,0.1079,0.0057
ac_0dB,4-181999-A-36.wav,0.0026,0.0022,0.0099,0.0083,0.0015,0.0075,0.0057,0.0015,0.0259,0.0054
ac_0dB,4-182034-A-30.wav,0.0237,0.0191,0.0037,0.0369,0.0060,0.0480,0.0119,0.0281,0.0247,0.0035
ac_0dB,4-182039-A-30.wav,0.0065,0.0020,0.0173,0.0093,0.0016,0.0137,0.0053,0.0027,0.0445,0.0030
ac_0dB,4-182041-A-30.wav,0.0140,0.0128,0.0116,0.0415,0.0191,0.0271,0.0179,0.0312,0.0349,0.0148
ac_0dB,4-182314-A-7.wav,0.0286,0.0239,0.0104,0.0547,0.0203,0.0215,0.0161,0.0234,0.1082,0.0086
ac_0dB,4-182314-B-7.wav,0.0076,0.0074,0.0044,0.0087,0.0058,0.0157,0.0081,0.0050,0.0410,0.0019
ac_0dB,4-182368-A-12.wav,0.0762,0.0090,0.0074,0.0524,0.0078,0.0133,0.0091,0.0120,0.0313,0.0033
ac_0dB,4-182369-A-12.wav,0.0025,0.0024,0.0068,0.0032,0.0015,0.0052,0.0045,0.0037,0.0382,0.0017
ac_0dB,4-182395-A-0.wav,0.0123,0.0124,0.0219,0.0197,0.0109,0.0194,0.4964,0.0269,0.0288,0.0050
ac_0dB,4-182613-A-11.wav,0.0102,0.0053,0.0147,0.0115,0.0043,0.0485,0.0079,0.0062,0.0946,0.0056
ac_0dB,4-182613-B-11.wav,0.0057,0.0043,0.0031,0.0065,0.0024,0.0090,0.0080,0.0120,0.0495,0.0018
ac_0dB,4-182795-A-14.wav,0.0105,0.0037,0.0057,0.0230,0.0033,0.0096,0.0047,0.0056,0.0435,0.0027
ac_0dB,4-182839-A-17.wav,0.0026,0.0049,0.0042,0.0050,0.0017,0.0035,0.0034,0.0010,0.0115,0.0012
ac_0dB,4-183487-A-1.wav,0.0115,0.0158,0.0118,0.0245,0.0139,0.0245,0.0127,0.0120,0.0777,0.0036
ac_0dB,4-183882-A-28.wav,0.8480,0.0069,0.0069,0.8318,0.0024,0.0119,0.0168,0.0107,0.0451,0.0018
ac_0dB,4-183882-B-28.wav,0.8143,0.0968,0.0193,0.8301,0.0355,0.0518,0.0416,0.0113,0.1232,0.0077
ac_0dB,4-183992-A-0.wav,0.0080,0.0171,0.0131,0.0196,0.0104,0.0192,0.5642,0.0044,0.0317,0.0037
ac_0dB,4-184235-A-28.wav,0.3478,0.0074,0.0116,0.2871,0.0087,0.0382,0.0089,0.0126,0.0905,0.0038
ac_0dB,4-184237-A-28.wav,0.9207,0.0049,0.0119,0.8362,0.0219,0.0085,0.0239,0.0291,0.0287,0.0076
ac_0dB,4-184434-A-21.wav,0.0130,0.5251,0.0183,0.0433,0.2345,0.2481,0.0212,0.0173,0.0755,0.0030
ac_0dB,4-184575-A-0.wav,0.0019,0.0015,0.0139,0.0057,0.0007,0.0055,0.7273,0.0006,0.0165,0.0003
ac_0dB,4-185415-A-21.wav,0.0133,0.7057,0.0039,0.0969,0.1889,0.0149,0.0171,0.0058,0.0305,0.0028
ac_0dB,4-185575-A-20.wav,0.0343,0.0149,0.2972,0.0883,0.0190,0.1178,0.0290,0.0066,0.0254,0.0040
ac_0dB,4-185575-B-20.wav,0.0066,0.1279,0.1922,0.0082,0.0145,0.2364,0.0332,0.0251,0.0477,0.0023
ac_0dB,4-185575-C-20.wav,0.0107,0.1558,0.6880,0.0170,0.0352,0.4666,0.0480,0.0231,0.5864,0.0093
ac_0dB,4-185613-A-32.wav,0.0020,0.0039,0.0047,0.0032,0.0006,0.0073,0.0066,0.0004,0.0187,0.0006
ac_0dB,4-185619-A-21.wav,0.0151,0.2951,0.0392,0.1532,0.4851,0.0221,0.0122,0.0064,0.0158,0.0181
ac_0dB,4-186518-A-30.wav,0.0024,0.0018,0.0042,0.0041,0.0011,0.0110,0.0041,0.0158,0.0355,0.0013
ac_0dB,4-186693-A-17.wav,0.0075,0.0240,0.0033,0.0035,0.0013,0.0167,0.0037,0.0027,0.0044,0.0044
ac_0dB,4-186935-A-44.wav,0.0021,0.0009,0.0041,0.0012,0.0005,0.0067,0.0038,0.0024,0.0590,0.0018
ac_0dB,4-186936-A-44.wav,0.0017,0.0006,0.0044,0.0016,0.0003,0.0052,0.0025,0.0092,0.0231,0.0026
ac_0dB,4-186938-A-44.wav,0.0062,0.0051,0.0036,0.0102,0.0024,0.0121,0.0074,0.0087,0.0287,0.0039
ac_0dB,4-186940-A-44.wav,0.0044,0.0033,0.0070,0.0058,0.0023,0.0161,0.0061,0.0051,0.1082,0.0013
ac_0dB,4-186962-A-44.wav,0.0011,0.0024,0.0054,0.0025,0.0012,0.0084,0.0025,0.0047,0.0242,0.0168
ac_0dB,4-187284-A-30.wav,0.0035,0.0019,0.0097,0.0034,0.0009,0.0110,0.0042,0.0303,0.1019,0.0038
ac_0dB,4-187384-A-34.wav,0.0067,0.0032,0.0072,0.0092,0.0013,0.0168,0.0051,0.0056,0.0606,0.0014
ac_0dB,4-187504-A-17.wav,0.0045,0.0136,0.0125,0.0107,0.0037,0.0117,0.0035,0.0026,0.0136,0.0009
ac_0dB,4-187504-B-17.wav,0.1197,0.0051,0.0086,0.0580,0.0050,0.0162,0.0059,0.0084,0.0706,0.0124
ac_0dB,4-187769-A-14.wav,0.0109,0.0132,0.0193,0.0153,0.0148,0.0330,0.0231,0.0428,0.1065,0.0074
ac_0dB,4-187769-B-14.wav,0.0055,0.0061,0.0060,0.0107,0.0033,0.0095,0.0306,0.0035,0.1270,0.0054
ac_0dB,4-188003-A-34.wav,0.0065,0.0030,0.0291,0.0095,0.0026,0.0088,0.0064,0.0103,0.0181,0.0009
ac_0dB,4-188033-A-38.wav,0.0072,0.0028,0.0031,0.0088,0.0015,0.0075,0.0048,0.0206,0.0107,0.0014
ac_0dB,4-188191-A-29.wav,0.2883,0.0252,0.0095,0.1895,0.0070,0.0249,0.0103,0.0067,0.0576,0.0053
ac_0dB,4-188191-B-29.wav,0.0983,0.0180,0.0119,0.1230,0.0349,0.0271,0.0247,0.0199,0.0529,0.0486
ac_0dB,4-188191-C-29.wav,0.0175,0.0378,0.4868,0.0155,0.0094,0.0358,0.0106,0.0102,0.0601,0.0024
ac_0dB,4-188287-A-9.wav,0.0005,0.0034,0.0021,0.0006,0.0006,0.0021,0.0088,0.0006,0.0264,0.0005
ac_0dB,4-188293-A-15.wav,0.0132,0.0143,0.0047,0.0259,0.0141,0.0179,0.0103,0.0031,0.0382,0.0023
ac_0dB,4-188293-B-15.wav,0.0181,0.0059,0.0106,0.0272,0.0044,0.0173,0.0077,0.0079,0.0290,0.0069
ac_0dB,4-188595-A-29.wav,0.0239,0.1771,0.0647,0.1279,0.0479,0.0280,0.0842,0.0137,0.0300,0.0063
ac_0dB,4-188703-A-8.wav,0.0132,0.0073,0.0220,0.0138,0.0083,0.0277,0.0121,0.0194,0.0843,0.0040
ac_0dB,4-188703-B-8.wav,0.0093,0.0045,0.0122,0.0133,0.0063,0.0183,0.0108,0.0149,0.0429,0.0010
ac_0dB,4-188703-C-8.wav,0.0049,0.0033,0.0228,0.0081,0.0020,0.0074,0.0209,0.0045,0.1547,0.0011
ac_0dB,4-188703-D-8.wav,0.0053,0.0035,0.0622,0.0084,0.0029,0.0099,0.0081,0.0034,0.1310,0.0008
ac_0dB,4-188878-A-30.wav,0.0129,0.0082,0.0786,0.0245,0.0087,0.0266,0.0261,0.0688,0.0699,0.0070
ac_0dB,4-189332-A-37.wav,0.0003,0.0018,0.0286,0.0012,0.0014,0.0282,0.0029,0.0033,0.0136,0.0004
ac_0dB,4-189828-A-22.wav,0.0005,0.0006,0.0168,0.0011,0.0005,0.0202,0.0012,0.0056,0.0113,0.0016
ac_0dB,4-189830-A-22.wav,0.0016,0.0016,0.1991,0.0033,0.0006,0.0216,0.0028,0.0110,0.0243,0.0006
ac_0dB,4-189832-A-22.wav,0.0041,0.0016,0.0224,0.0050,0.0017,0.0218,0.0020,0.0039,0.0326,0.0015
ac_0dB,4-189832-B-22.wav,0.0013,0.0012,0.0186,0.0021,0.0007,0.0224,0.0019,0.0049,0.0219,0.0005
ac_0dB,4-189833-A-22.wav,0.0019,0.0013,0.0412,0.0046,0.0016,0.0228,0.0036,0.0026,0.0182,0.0013
ac_0dB,4-189836-A-22.wav,0.0011,0.0015,0.0164,0.0015,0.0005,0.0100,0.0020,0.0071,0.0194,0.0038
ac_0dB,4-189838-A-22.wav,0.0023,0.0019,0.0356,0.0045,0.0020,0.0291,0.0023,0.0083,0.0179,0.0029
ac_0dB,4-191015-A-43.wav,0.0063,0.0073,0.0185,0.0179,0.0067,0.0171,0.0112,0.0051,0.1637,0.0084
ac_0dB,4-191246-A-7.wav,0.0017,0.0014,0.0986,0.0031,0.0014,0.0171,0.0067,0.0091,0.0045,0.0103
ac_0dB,4-191246-B-7.wav,0.0070,0.0211,0.0121,0.0125,0.0074,0.0282,0.0075,0.0532,0.0366,0.0039
ac_0dB,4-191297-A-28.wav,0.8487,0.0029,0.0079,0.7850,0.0024,0.0175,0.0054,0.0050,0.0554,0.0021
ac_0dB,4-191327-A-38.wav,0.0281,0.0088,0.0153,0.0527,0.0152,0.0210,0.0059,0.0079,0.0098,0.0099
ac_0dB,4-191687-A-0.wav,0.0030,0.0091,0.0517,0.0111,0.0032,0.0254,0.3675,0.0031,0.1052,0.0006
ac_0dB,4-192068-A-31.wav,0.0064,0.0086,0.0397,0.0126,0.0197,0.0244,0.0191,0.0115,0.0126,0.0080
ac_0dB,4-192236-A-0.wav,0.0093,0.0224,0.0702,0.0137,0.0181,0.0444,0.4817,0.0142,0.0393,0.0036
ac_0dB,4-193480-A-40.wav,0.0022,0.0007,0.0027,0.0035,0.0004,0.0053,0.0023,0.0006,0.0624,0.0006
ac_0dB,4-193480-B-40.wav,0.0113,0.0041,0.0047,0.0169,0.0018,0.0106,0.0102,0.0064,0.0508,0.0023
ac_0dB,4-194246-A-13.wav,0.0088,0.0056,0.0184,0.0172,0.0044,0.0203,0.0052,0.0052,0.0467,0.0035
ac_0dB,4-194680-A-36.wav,0.0281,0.0051,0.0275,0.0494,0.0073,0.0275,0.0085,0.0373,0.0127,0.0162
ac_0dB,4-194711-A-38.wav,0.0024,0.0086,0.2732,0.0024,0.0069,0.0212,0.0289,0.0118,0.0257,0.0015
ac_0dB,4-194754-A-0.wav,0.0119,0.0081,0.0143,0.0186,0.0100,0.0138,0.6567,0.0099,0.0574,0.0008
ac_0dB,4-194808-A-29.wav,0.0814,0.0400,0.0106,0.2966,0.0431,0.0197,0.0047,0.0032,0.0197,0.0063
ac_0dB,4-194979-A-25.wav,0.0052,0.0099,0.0161,0.0106,0.0060,0.0187,0.0175,0.0094,0.0546,0.0053
ac_0dB,4-194981-A-25.wav,0.0104,0.0056,0.0170,0.0232,0.0044,0.0071,0.0089,0.0187,0.0257,0.0075
ac_0dB,4-195305-A-31.wav,0.0055,0.0009,0.0097,0.0077,0.0029,0.0049,0.0066,0.0021,0.0712,0.0014
ac_0dB,4-195451-A-44.wav,0.0007,0.0009,0.0136,0.0024,0.0010,0.0072,0.0030,0.0008,0.0374,0.0005
ac_0dB,4-195497-A-11.wav,0.0010,0.0010,0.0045,0.0017,0.0007,0.0080,0.0033,0.0038,0.0056,0.0012
ac_0dB,4-195497-B-11.wav,0.0036,0.0031,0.0144,0.0064,0.0019,0.0160,0.0043,0.0035,0.0333,0.0023
ac_0dB,4-195707-A-13.wav,0.0079,0.0042,0.0908,0.0168,0.0119,0.0186,0.0129,0.0110,0.0741,0.0197
ac_0dB,4-195805-A-13.wav,0.0106,0.0006,0.0038,0.0076,0.0011,0.0044,0.0048,0.0036,0.0730,0.0008
ac_0dB,4-196671-A-8.wav,0.0684,0.0001,0.0036,0.0277,0.0012,0.0018,0.0035,0.0032,0.0283,0.0002
ac_0dB,4-196671-B-8.wav,0.0006,0.0002,0.0098,0.0013,0.0002,0.0018,0.0007,0.0035,0.0117,0.0003
ac_0dB,4-196672-A-8.wav,0.0046,0.0015,0.0138,0.0066,0.0013,0.0070,0.0053,0.0032,0.0354,0.0025
ac_0dB,4-197103-A-6.wav,0.0069,0.0322,0.0286,0.0111,0.0048,0.0244,0.0245,0.0204,0.1187,0.0019
ac_0dB,4-197454-A-28.wav,0.7550,0.0063,0.0224,0.6830,0.0120,0.0185,0.0360,0.0208,0.0583,0.0066
ac_0dB,4-197454-B-28.wav,0.7834,0.0037,0.0872,0.7063,0.0023,0.0135,0.0073,0.0187,0.0212,0.0025
ac_0dB,4-197871-A-15.wav,0.0154,0.0119,0.0047,0.0240,0.0082,0.0189,0.0131,0.0079,0.0316,0.0042
ac_0dB,4-198025-A-23.wav,0.4211,0.0203,0.0106,0.8510,0.0565,0.0386,0.0041,0.0076,0.0655,0.0077
ac_0dB,4-198360-A-49.wav,0.0031,0.0001,0.0071,0.0306,0.0003,0.0028,0.0014,0.0006,0.0369,0.0024
ac_0dB,4-198360-B-49.wav,0.0057,0.0081,0.0151,0.0122,0.0044,0.0145,0.0143,0.0539,0.0439,0.0043
ac_0dB,4-198360-C-49.wav,0.0048,0.0086,0.0093,0.0052,0.0063,0.0145,0.0051,0.0863,0.0304,0.0040
ac_0dB,4-198841-A-37.wav,0.0046,0.0013,0.0230,0.0045,0.0015,0.0162,0.0026,0.0028,0.0509,0.0004
ac_0dB,4-198962-A-25.wav,0.0062,0.0056,0.0076,0.0083,0.0041,0.0126,0.0063,0.0505,0.0995,0.0153
ac_0dB,4-198962-B-25.wav,0.0189,0.0101,0.0924,0.0322,0.0093,0.0274,0.0117,0.1434,0.0094,0.0031
ac_0dB,4-198965-A-38.wav,0.0015,0.0012,0.0061,0.0019,0.0017,0.0139,0.0026,0.0131,0.0476,0.0072
ac_0dB,4-199261-A-0.wav,0.0040,0.0018,0.0091,0.0078,0.0017,0.0169,0.2259,0.0048,0.0363,0.0006
ac_0dB,4-200330-A-6.wav,0.0048,0.0034,0.0351,0.0056,0.0010,0.0280,0.0089,0.0033,0.0123,0.0023
ac_0dB,4-200330-B-6.wav,0.0038,0.0142,0.1202,0.0056,0.0029,0.0133,0.0019,0.0088,0.0131,0.0006
ac_0dB,4-201300-A-31.wav,0.0537,0.0105,0.0082,0.0501,0.0172,0.0331,0.0198,0.0251,0.1363,0.0155
ac_0dB,4-201800-A-31.wav,0.0151,0.0179,0.1017,0.0332,0.0190,0.0491,0.0239,0.0199,0.0684,0.0055
ac_0dB,4-201988-A-44.wav,0.0035,0.0024,0.0076,0.0038,0.0020,0.0042,0.0098,0.0035,0.0279,0.0014
ac_0dB,4-202298-A-31.wav,0.0142,0.0060,0.0049,0.0260,0.0021,0.0063,0.0048,0.0050,0.0132,0.0028
ac_0dB,4-202749-A-13.wav,0.0099,0.0026,0.0073,0.0116,0.0022,0.0115,0.0069,0.0116,0.0337,0.0022
ac_0dB,4-204115-A-39.wav,0.0141,0.0123,0.0088,0.0310,0.0358,0.0307,0.0108,0.0306,0.0527,0.2302
ac_0dB,4-204119-A-39.wav,0.0104,0.0103,0.0181,0.0158,0.0250,0.0381,0.0264,0.0173,0.0767,0.0124
ac_0dB,4-204121-A-39.wav,0.0155,0.0032,0.0268,0.0225,0.0099,0.0135,0.0082,0.0103,0.0182,0.0103
ac_0dB,4-204123-A-39.wav,0.0260,0.0061,0.0093,0.0350,0.0129,0.0144,0.0141,0.0334,0.0628,0.1054
ac_0dB,4-204202-A-29.wav,0.0363,0.0289,0.0175,0.4272,0.0386,0.0299,0.0071,0.0046,0.0256,0.0025
ac_0dB,4-204612-A-31.wav,0.0176,0.0121,0.0020,0.0201,0.0075,0.0332,0.0127,0.0093,0.0492,0.0065
ac_0dB,4-204618-A-11.wav,0.0040,0.0044,0.5780,0.0094,0.0028,0.0209,0.0088,0.0425,0.0481,0.0019
ac_0dB,4-204683-A-31.wav,0.0089,0.0070,0.0068,0.0135,0.0044,0.0079,0.0089,0.0034,0.0961,0.0013
ac_0dB,4-204684-A-37.wav,0.0008,0.0015,0.0053,0.0028,0.0017,0.0019,0.0025,0.0016,0.0315,0.0010
ac_0dB,4-204777-A-39.wav,0.0006,0.0002,0.0074,0.0059,0.0010,0.0011,0.0004,0.0003,0.0386,0.9999
ac_0dB,4-204777-B-39.wav,0.0200,0.0231,0.0222,0.0309,0.0248,0.0195,0.0102,0.0819,0.0147,0.9749
ac_0dB,4-204777-C-39.wav,0.0083,0.0016,0.0171,0.0074,0.0090,0.0058,0.0270,0.0078,0.2132,0.9999
ac_0dB,4-204830-A-6.wav,0.0030,0.0027,0.0148,0.0035,0.0026,0.0090,0.0277,0.0019,0.0278,0.0005
ac_0dB,4-205526-A-23.wav,0.2063,0.0195,0.0037,0.7452,0.0138,0.0109,0.0043,0.0137,0.0436,0.0018
ac_0dB,4-205526-B-23.wav,0.1226,0.0120,0.0039,0.7221,0.0072,0.0087,0.0047,0.0061,0.0272,0.0029
ac_0dB,4-205738-A-22.wav,0.0014,0.0006,0.0271,0.0026,0.0003,0.0192,0.0013,0.0010,0.0218,0.0016
ac_0dB,4-207116-A-23.wav,0.4474,0.0295,0.0101,0.7043,0.0240,0.0152,0.0174,0.0111,0.0332,0.0024
ac_0dB,4-207124-A-0.wav,0.0058,0.0058,0.0182,0.0094,0.0057,0.0132,0.5529,0.0056,0.0976,0.0010
ac_0dB,4-208021-A-1.wav,0.0148,0.0099,0.0107,0.0284,0.0090,0.0169,0.0236,0.0090,0.0175,0.0093
ac_0dB,4-209536-A-37.wav,0.0024,0.0009,0.0130,0.0037,0.0010,0.0137,0.0037,0.0021,0.0453,0.0018
ac_0dB,4-209698-A-37.wav,0.0268,0.0089,0.0162,0.0342,0.0091,0.0204,0.0117,0.0111,0.0148,0.0126
ac_0dB,4-210000-A-23.wav,0.3862,0.0036,0.0088,0.9288,0.0128,0.0242,0.0104,0.0051,0.1824,0.0101
ac_0dB,4-210000-B-23.wav,0.4563,0.0082,0.0564,0.8541,0.0099,0.0084,0.0020,0.0115,0.0191,0.0011
ac_0dB,4-210309-A-31.wav,0.0196,0.0159,0.0058,0.0219,0.0058,0.0175,0.0177,0.0091,0.0604,0.0021
ac_0dB,4-210593-A-29.wav,0.0510,0.0068,0.0107,0.0343,0.0027,0.0114,0.0094,0.0069,0.0332,0.0024
ac_0dB,4-211502-A-30.wav,0.0189,0.0128,0.0076,0.0334,0.0144,0.0253,0.0235,0.0073,0.0528,0.0073
ac_0dB,4-212604-A-15.wav,0.0098,0.0049,0.0034,0.0098,0.0026,0.0150,0.0049,0.0079,0.0406,0.0017
ac_0dB,4-212604-B-15.wav,0.0036,0.0054,0.0018,0.0035,0.0021,0.0064,0.0049,0.0013,0.0205,0.0026
ac_0dB,4-212604-C-15.wav,0.0155,0.0204,0.0069,0.0209,0.0081,0.0262,0.0130,0.0036,0.0129,0.0024
ac_0dB,4-212698-A-39.wav,0.0031,0.0029,0.0061,0.0033,0.0022,0.0241,0.0052,0.0107,0.0588,0.0034
ac_0dB,4-212728-A-34.wav,0.0248,0.0281,0.0172,0.0598,0.0405,0.0284,0.0162,0.0133,0.0182,0.0115
ac_0dB,4-213193-A-29.wav,0.0065,0.0064,0.0072,0.0038,0.0043,0.0067,0.0098,0.0142,0.0512,0.0020
ac_0dB,4-213915-A-3.wav,0.0060,0.0009,0.0117,0.0089,0.0018,0.0040,0.0132,0.0055,0.0233,0.0006
ac_0dB,4-213915-B-3.wav,0.0063,0.0025,0.0097,0.0075,0.0027,0.0087,0.0116,0.0025,0.0312,0.0006
ac_0dB,4-213915-C-3.wav,0.0015,0.0012,0.0201,0.0057,0.0007,0.0051,0.0028,0.0009,0.0274,0.0012
ac_0dB,4-215635-A-34.wav,0.0155,0.0132,0.0071,0.0183,0.0097,0.0167,0.0185,0.0113,0.0312,0.0139
ac_0dB,4-216211-A-14.wav,0.0062,0.0038,0.0182,0.0226,0.0028,0.0115,0.0157,0.0027,0.0678,0.0012
ac_0dB,4-216349-A-34.wav,0.0044,0.0029,0.0054,0.0046,0.0016,0.0222,0.0044,0.0038,0.0609,0.0007
ac_0dB,4-218199-A-35.wav,0.0226,0.0156,0.0244,0.0330,0.0112,0.0390,0.0170,0.0178,0.0442,0.0033
ac_0dB,4-218199-B-35.wav,0.0079,0.0036,0.0105,0.0088,0.0014,0.0126,0.0071,0.0295,0.0364,0.0088
ac_0dB,4-218199-C-35.wav,0.0039,0.0039,0.0375,0.0077,0.0028,0.0086,0.0032,0.0037,0.0493,0.0021
ac_0dB,4-218199-D-35.wav,0.0044,0.0030,0.0131,0.0060,0.0036,0.0184,0.0053,0.0023,0.0865,0.0029
ac_0dB,4-218199-E-35.wav,0.0377,0.0027,0.0157,0.0211,0.0030,0.0050,0.0014,0.0059,0.0489,0.0039
ac_0dB,4-218199-F-35.wav,0.0116,0.0305,0.0101,0.0141,0.0100,0.0226,0.0169,0.1033,0.0322,0.0112
ac_0dB,4-218199-G-35.wav,0.0083,0.0060,0.0360,0.0178,0.0059,0.0299,0.0061,0.0066,0.0749,0.0082
ac_0dB,4-218199-H-35.wav,0.0015,0.0006,0.0060,0.0018,0.0012,0.0013,0.0049,0.0596,0.0153,0.0015
ac_0dB,4-218304-A-25.wav,0.0116,0.0065,0.0051,0.0148,0.0048,0.0275,0.0114,0.0105,0.0294,0.0027
ac_0dB,4-218304-B-25.wav,0.0103,0.0049,0.0076,0.0144,0.0042,0.0147,0.0087,0.0067,0.0403,0.0013
ac_0dB,4-223125-A-14.wav,0.0103,0.0049,0.0082,0.0129,0.0032,0.0080,0.0068,0.0083,0.0465,0.0071
ac_0dB,4-223127-A-14.wav,0.0203,0.0063,0.0137,0.0417,0.0137,0.0151,0.0080,0.0267,0.0858,0.0072
ac_0dB,4-232495-A-6.wav,0.0035,0.0157,0.0830,0.0098,0.0059,0.3092,0.0634,0.0012,0.0245,0.0007
ac_0dB,4-234644-A-2.wav,0.0461,0.0204,0.0324,0.0360,0.0185,0.0557,0.0424,0.0058,0.0533,0.0018
ac_0dB,4-234879-A-6.wav,0.0137,0.0068,0.0114,0.0183,0.0023,0.0173,0.0247,0.0037,0.0321,0.0015
ac_0dB,4-244318-A-6.wav,0.0044,0.0094,0.0038,0.0091,0.0032,0.0139,0.0077,0.0079,0.0319,0.0014
ac_0dB,4-250864-A-8.wav,0.0015,0.0004,0.0192,0.0031,0.0004,0.0043,0.0010,0.0025,0.0173,0.0011
ac_0dB,4-250869-A-2.wav,0.3753,0.0242,0.0595,0.3959,0.0200,0.0484,0.0119,0.0155,0.0265,0.0029
ac_0dB,4-250869-B-2.wav,0.0239,0.0041,0.1555,0.2933,0.0091,0.0098,0.0084,0.0018,0.0135,0.0010
ac_0dB,4-250869-C-2.wav,0.0052,0.0048,0.0882,0.0125,0.0035,0.0185,0.0437,0.0083,0.0201,0.0099
ac_0dB,4-251645-A-49.wav,0.0045,0.0013,0.0112,0.0163,0.0032,0.0010,0.0018,0.0005,0.0187,0.0039
ac_0dB,4-251645-B-49.wav,0.0052,0.0022,0.0254,0.0091,0.0016,0.0022,0.0102,0.0012,0.0768,0.0014
ac_0dB,4-251959-A-47.wav,0.1353,0.0038,0.0320,0.0965,0.0025,0.0126,0.0256,0.0059,0.0825,0.0022
ac_0dB,4-253649-A-6.wav,0.0033,0.0008,0.0178,0.0039,0.0012,0.0036,0.0609,0.0100,0.0502,0.0018
ac_0dB,4-255371-A-47.wav,0.0060,0.0016,0.0121,0.0060,0.0020,0.0060,0.0150,0.0047,0.0300,0.0008
ac_0dB,4-261068-A-30.wav,0.0077,0.0052,0.0018,0.0127,0.0023,0.0173,0.0091,0.0091,0.0228,0.0011
ac_0dB,4-264453-A-34.wav,0.0048,0.0032,0.0118,0.0088,0.0021,0.0129,0.0045,0.0050,0.0528,0.0027
ac_0dB,4-59579-A-20.wav,0.0054,0.0030,0.0332,0.0085,0.0092,0.0944,0.0031,0.0014,0.0390,0.0032
ac_0dB,4-59579-B-20.wav,0.0032,0.0119,0.2638,0.0649,0.0278,0.3758,0.0083,0.0110,0.0869,0.0006
ac_0dB,4-67358-A-42.wav,0.0008,0.0004,0.0044,0.0017,0.0003,0.0049,0.0033,0.0012,0.0563,0.0005
ac_0dB,4-80761-A-42.wav,0.0097,0.0020,0.0069,0.0207,0.0034,0.0075,0.0052,0.0033,0.0643,0.0039
ac_0dB,4-90014-A-42.wav,0.0005,0.0001,0.0026,0.0006,0.0001,0.0015,0.0016,0.0009,0.2804,0.0004
ac_0dB,4-90014-B-42.wav,0.0007,0.0007,0.0117,0.0010,0.0012,0.0106,0.0013,0.0013,0.5377,0.0012
ac_0dB,4-99193-A-4.wav,0.0017,0.0004,0.0059,0.0021,0.0008,0.0033,0.0045,0.0023,0.1187,0.0012
ac_0dB,4-99193-B-4.wav,0.0046,0.0004,0.0262,0.0089,0.0004,0.0046,0.0040,0.0020,0.0134,0.0008
ac_0dB,4-99644-A-4.wav,0.0060,0.0052,0.0185,0.0121,0.0031,0.0060,0.0101,0.0049,0.0304,0.0004
ac_0dB,4-99644-B-4.wav,0.0007,0.0001,0.0083,0.0012,0.0001,0.0028,0.0016,0.0004,0.0052,0.0002
ac_0dB,4-99644-C-4.wav,0.0006,0.0001,0.0035,0.0014,0.0001,0.0034,0.0022,0.0004,0.0124,0.0005
ac_0dB,4-99644-D-4.wav,0.0097,0.0046,0.0104,0.0126,0.0039,0.0102,0.0065,0.0069,0.0726,0.0018
ac_0dB,5-103415-A-2.wav,0.0070,0.0015,0.0167,0.0090,0.0015,0.0014,0.0083,0.0011,0.0105,0.0006
ac_0dB,5-103416-A-2.wav,0.0045,0.0031,0.1141,0.0204,0.0017,0.0627,0.0042,0.0048,0.0785,0.0021
ac_0dB,5-103418-A-2.wav,0.0174,0.0108,0.0166,0.0345,0.0112,0.0207,0.0244,0.0138,0.0531,0.0043
ac_0dB,5-103420-A-2.wav,0.0153,0.0080,0.0123,0.0291,0.0115,0.0178,0.0173,0.0448,0.0373,0.0039
ac_0dB,5-103421-A-2.wav,0.0288,0.0024,0.0176,0.0212,0.0023,0.0217,0.0022,0.0032,0.1134,0.0031
ac_0dB,5-103422-A-2.wav,0.0247,0.0026,0.1167,0.0256,0.0027,0.0137,0.0063,0.0193,0.0145,0.0053
ac_0dB,5-117118-A-42.wav,0.0014,0.0001,0.0089,0.0010,0.0002,0.0049,0.0039,0.0019,0.1749,0.0003
ac_0dB,5-117120-A-42.wav,0.0009,0.0021,0.0122,0.0022,0.0009,0.0112,0.0044,0.0014,0.2351,0.0032
ac_0dB,5-117122-A-42.wav,0.0008,0.0002,0.0311,0.0016,0.0003,0.0036,0.0014,0.0025,0.0684,0.0002
ac_0dB,5-117250-A-2.wav,0.0130,0.0089,0.0127,0.0193,0.0039,0.0090,0.0082,0.0134,0.0691,0.0015
ac_0dB,5-117773-A-16.wav,0.0057,0.0024,0.0066,0.0076,0.0013,0.0208,0.0057,0.0051,0.0568,0.0014
ac_0dB,5-127990-A-2.wav,0.0812,0.1300,0.2074,0.1089,0.0358,0.1089,0.0207,0.0054,0.0332,0.0011
ac_0dB,5-133989-A-42.wav,0.0027,0.0012,0.0114,0.0062,0.0007,0.0066,0.0038,0.0017,0.0649,0.0042
ac_0dB,5-133989-B-42.wav,0.0012,0.0042,0.0209,0.0091,0.0071,0.0077,0.0061,0.0020,0.0834,0.0011
ac_0dB,5-141683-A-35.wav,0.0049,0.0023,0.0031,0.0072,0.0022,0.0120,0.0120,0.0064,0.0689,0.0044
ac_0dB,5-147297-A-27.wav,0.0063,0.0006,0.0028,0.0178,0.0006,0.0107,0.0028,0.0003,0.0190,0.0012
ac_0dB,5-150409-A-42.wav,0.0034,0.0018,0.0050,0.0088,0.0028,0.0107,0.0081,0.0043,0.1987,0.0033
ac_0dB,5-151085-A-20.wav,0.1580,0.0279,0.0689,0.2064,0.0040,0.0446,0.0019,0.0051,0.0158,0.0024
ac_0dB,5-156026-A-4.wav,0.0240,0.0047,0.0236,0.0560,0.0044,0.0299,0.0089,0.0106,0.0114,0.0069
ac_0dB,5-156026-B-4.wav,0.0097,0.0046,0.0090,0.0097,0.0026,0.0087,0.0738,0.0102,0.0782,0.0010
ac_0dB,5-156026-C-4.wav,0.0060,0.0036,0.0102,0.0116,0.0032,0.0213,0.0043,0.0055,0.0461,0.0014
ac_0dB,5-156026-D-4.wav,0.0184,0.0049,0.0110,0.0226,0.0063,0.0111,0.0065,0.0112,0.0140,0.0052
ac_0dB,5-156698-A-18.wav,0.0019,0.0029,0.0154,0.0041,0.0025,0.0212,0.0029,0.0048,0.0252,0.0028
ac_0dB,5-156999-A-19.wav,0.0038,0.0054,0.0093,0.0078,0.0053,0.0137,0.0086,0.0755,0.0136,0.0050
ac_0dB,5-156999-B-19.wav,0.0107,0.0046,0.0158,0.0118,0.0067,0.0183,0.0211,0.0180,0.0685,0.0053
ac_0dB,5-156999-C-19.wav,0.0047,0.0008,0.0199,0.0048,0.0011,0.0046,0.0049,0.0069,0.0472,0.0003
ac_0dB,5-156999-D-19.wav,0.0182,0.0056,0.0042,0.0285,0.0037,0.0102,0.0195,0.0073,0.0257,0.0016
ac_0dB,5-156999-E-19.wav,0.0072,0.0027,0.0124,0.0142,0.0018,0.0116,0.0052,0.0058,0.0285,0.0162
ac_0dB,5-157204-A-16.wav,0.0112,0.0036,0.0044,0.0138,0.0053,0.0105,0.0092,0.0060,0.0455,0.0123
ac_0dB,5-157204-B-16.wav,0.0091,0.0034,0.0072,0.0070,0.0025,0.0116,0.0047,0.0051,0.0619,0.0053
ac_0dB,5-160551-A-42.wav,0.0010,0.0010,0.0056,0.0012,0.0010,0.0130,0.0018,0.0014,0.0442,0.0003
ac_0dB,5-160614-A-48.wav,0.0165,0.0024,0.0040,0.0173,0.0012,0.0077,0.0089,0.0126,0.0235,0.0023
ac_0dB,5-160614-B-48.wav,0.0038,0.0024,0.0078,0.0053,0.0007,0.0290,0.0046,0.0045,0.0290,0.0016
ac_0dB,5-160614-C-48.wav,0.0130,0.0083,0.0126,0.0161,0.0104,0.0233,0.0361,0.0860,0.0274,0.0026
ac_0dB,5-160614-D-48.wav,0.0026,0.0011,0.0045,0.0032,0.0009,0.0067,0.0081,0.0046,0.0442,0.0005
ac_0dB,5-160614-E-48.wav,0.0525,0.0048,0.0072,0.0447,0.0027,0.0060,0.0113,0.0026,0.0202,0.0016
ac_0dB,5-160614-F-48.wav,0.0006,0.0002,0.0049,0.0011,0.0004,0.0046,0.0038,0.0041,0.0409,0.0005
ac_0dB,5-160614-G-48.wav,0.0111,0.0095,0.0171,0.0093,0.0030,0.0191,0.0103,0.0147,0.0409,0.0019
ac_0dB,5-160614-H-48.wav,0.0022,0.0016,0.0345,0.0034,0.0012,0.0083,0.0057,0.0040,0.0183,0.0014
ac_0dB,5-161270-A-33.wav,0.0265,0.0039,0.0323,0.0548,0.0092,0.0276,0.0138,0.0174,0.0594,0.0082
ac_0dB,5-161270-B-33.wav,0.3874,0.0029,0.0049,0.2666,0.0026,0.0149,0.0102,0.0068,0.0282,0.0093
ac_0dB,5-169983-A-5.wav,0.0049,0.0346,0.0518,0.0278,0.0858,0.0431,0.0776,0.0060,0.2153,0.0072
ac_0dB,5-170338-A-41.wav,0.1421,0.0048,0.0129,0.1777,0.0038,0.0118,0.0054,0.0067,0.1368,0.0061
ac_0dB,5-170338-B-41.wav,0.0037,0.0024,0.0109,0.0074,0.0013,0.0030,0.0056,0.0008,0.1062,0.0016
ac_0dB,5-171118-A-26.wav,0.0583,0.0366,0.0368,0.0991,0.0822,0.3606,0.0261,0.0267,0.0811,0.0068
ac_0dB,5-171653-A-41.wav,0.0588,0.0011,0.0030,0.0941,0.0020,0.0075,0.0032,0.0330,0.0187,0.0011
ac_0dB,5-172299-A-5.wav,0.0015,0.0013,0.0672,0.0015,0.0006,0.0057,0.0203,0.0013,0.0359,0.0006
ac_0dB,5-172639-A-5.wav,0.0097,0.0038,0.1403,0.0241,0.0024,0.0112,0.0072,0.0031,0.0218,0.0039
ac_0dB,5-173568-A-33.wav,0.0178,0.0133,0.0097,0.0334,0.0144,0.0118,0.0136,0.0158,0.2024,0.0135
ac_0dB,5-177034-A-18.wav,0.0204,0.0113,0.2955,0.0200,0.0119,0.0141,0.0210,0.0123,0.0819,0.0150
ac_0dB,5-177614-A-5.wav,0.0090,0.0130,0.0476,0.0155,0.0065,0.0630,0.0100,0.0071,0.0525,0.0044
ac_0dB,5-177779-A-33.wav,0.0227,0.0041,0.0046,0.0337,0.0033,0.0087,0.0046,0.0121,0.0159,0.0061
ac_0dB,5-177957-A-40.wav,0.0051,0.0032,0.0096,0.0061,0.0039,0.0205,0.0045,0.0077,0.0756,0.0040
ac_0dB,5-177957-B-40.wav,0.0306,0.0278,0.0193,0.0591,0.0201,0.0146,0.0737,0.0254,0.0283,0.0021
ac_0dB,5-177957-C-40.wav,0.0141,0.0073,0.0159,0.0199,0.0155,0.0203,0.0301,0.0217,0.0529,0.0036
ac_0dB,5-177957-D-40.wav,0.0049,0.0021,0.0381,0.0105,0.0015,0.0073,0.0042,0.0040,0.0320,0.0004
ac_0dB,5-177957-E-40.wav,0.0086,0.0106,0.0035,0.0183,0.0038,0.0160,0.0097,0.0073,0.0275,0.0013
ac_0dB,5-178997-A-24.wav,0.0188,0.5120,0.0177,0.0760,0.3492,0.0392,0.0140,0.0041,0.0304,0.0138
ac_0dB,5-179294-A-46.wav,0.0031,0.0015,0.0099,0.0056,0.0074,0.0093,0.0104,0.0022,0.0208,0.0037
ac_0dB,5-179496-A-16.wav,0.0104,0.0066,0.0667,0.0121,0.0048,0.0302,0.0113,0.0136,0.1869,0.0027
ac_0dB,5-179496-B-16.wav,0.0024,0.0015,0.0061,0.0042,0.0014,0.0069,0.0131,0.0044,0.0389,0.0049
ac_0dB,5-179860-A-43.wav,0.0074,0.0059,0.0066,0.0203,0.0055,0.0104,0.0057,0.0082,0.8963,0.0065
ac_0dB,5-179863-A-43.wav,0.0070,0.0042,0.0063,0.0121,0.0029,0.0124,0.0027,0.0052,0.9605,0.0094
ac_0dB,5-179865-A-43.wav,0.0142,0.0071,0.0240,0.0281,0.0057,0.0211,0.0140,0.0163,0.5704,0.0039
ac_0dB,5-179866-A-43.wav,0.0181,0.0106,0.0148,0.0210,0.0141,0.0275,0.0318,0.0246,0.6396,0.0068
ac_0dB,5-179868-A-43.wav,0.0229,0.0012,0.2316,0.0377,0.0043,0.0116,0.0078,0.0074,0.4289,0.0020
ac_0dB,5-180156-A-43.wav,0.0023,0.0014,0.0099,0.0040,0.0025,0.0187,0.0037,0.0025,0.8141,0.0011
ac_0dB,5-180156-B-43.wav,0.0033,0.0070,0.0185,0.0081,0.0025,0.0174,0.0028,0.0045,0.8924,0.0007
ac_0dB,5-180156-C-43.wav,0.0033,0.0023,0.0061,0.0032,0.0031,0.0077,0.0069,0.0069,0.8697,0.0028
ac_0dB,5-180229-A-27.wav,0.0055,0.0037,0.0133,0.0515,0.0031,0.5571,0.0165,0.0002,0.0278,0.0001
ac_0dB,5-181458-A-33.wav,0.0053,0.0046,0.0205,0.0057,0.0028,0.0503,0.0072,0.0070,0.2034,0.0021
ac_0dB,5-181766-A-10.wav,0.0097,0.0021,0.0070,0.0107,0.0023,0.0171,0.0102,0.0025,0.1163,0.0006
ac_0dB,5-181977-A-35.wav,0.0120,0.0050,0.0209,0.0146,0.0030,0.0124,0.0085,0.0062,0.0913,0.0033
ac_0dB,5-182007-A-36.wav,0.0047,0.0023,0.0084,0.0060,0.0014,0.0054,0.0075,0.0021,0.0212,0.0051
ac_0dB,5-182010-A-36.wav,0.0006,0.0013,0.0043,0.0015,0.0010,0.0077,0.0024,0.0005,0.0601,0.0052
ac_0dB,5-182012-A-36.wav,0.0022,0.0017,0.0056,0.0040,0.0015,0.0063,0.0043,0.0013,0.0406,0.0063
ac_0dB,5-182404-A-18.wav,0.0145,0.0276,0.0078,0.0156,0.0062,0.0082,0.0076,0.0102,0.0106,0.0039
ac_0dB,5-184323-A-42.wav,0.0011,0.0006,0.0139,0.0016,0.0006,0.0055,0.0032,0.0017,0.0618,0.0004
ac_0dB,5-184871-A-24.wav,0.0279,0.9856,0.0190,0.1631,0.1896,0.0741,0.0444,0.0102,0.0469,0.0145
ac_0dB,5-185516-A-27.wav,0.0014,0.0008,0.0044,0.0030,0.0004,0.0042,0.0046,0.0008,0.0299,0.0035
ac_0dB,5-185579-A-41.wav,0.0075,0.0015,0.0224,0.0233,0.0033,0.0066,0.0023,0.0064,0.0334,0.0125
ac_0dB,5-185579-B-41.wav,0.0021,0.0011,0.0119,0.0062,0.0006,0.0044,0.0030,0.0034,0.0596,0.0024
ac_0dB,5-185908-A-18.wav,0.0020,0.0030,0.0164,0.0045,0.0022,0.0263,0.0037,0.0022,0.0285,0.0027
ac_0dB,5-186924-A-12.wav,0.0144,0.0032,0.0286,0.0165,0.0043,0.0131,0.0147,0.0037,0.0357,0.0013
ac_0dB,5-187201-A-4.wav,0.0039,0.0008,0.0072,0.0044,0.0028,0.0076,0.0092,0.0009,0.0415,0.0036
ac_0dB,5-187201-B-4.wav,0.0032,0.0035,0.0357,0.0070,0.0066,0.0237,0.0062,0.0017,0.0273,0.0008
ac_0dB,5-187444-A-33.wav,0.0029,0.0007,0.0101,0.0077,0.0006,0.0047,0.0027,0.0066,0.1852,0.0041
ac_0dB,5-187979-A-21.wav,0.0354,0.4586,0.0235,0.0767,0.5721,0.0323,0.0102,0.0042,0.0566,0.0032
ac_0dB,5-188365-A-36.wav,0.0036,0.0028,0.0074,0.0098,0.0019,0.0126,0.0033,0.0018,0.0222,0.0119
ac_0dB,5-188495-A-19.wav,0.0092,0.0035,0.0076,0.0168,0.0027,0.0108,0.0094,0.0161,0.0472,0.0017
ac_0dB,5-188606-A-33.wav,0.0594,0.0030,0.0319,0.0806,0.0158,0.0481,0.0067,0.0081,0.0646,0.0109
ac_0dB,5-188655-A-10.wav,0.0090,0.0056,0.0064,0.0151,0.0029,0.0319,0.0066,0.0042,0.0429,0.0007
ac_0dB,5-188716-A-46.wav,0.0016,0.0008,0.0040,0.0022,0.0013,0.0114,0.0056,0.0011,0.1108,0.0024
ac_0dB,5-188796-A-45.wav,0.0030,0.0024,0.0105,0.0042,0.0017,0.0146,0.0095,0.0308,0.0269,0.0012
ac_0dB,5-188945-A-45.wav,0.0082,0.0026,0.0125,0.0098,0.0042,0.0131,0.0119,0.0087,0.2161,0.0030
ac_0dB,5-189212-A-12.wav,0.0057,0.0030,0.0715,0.0075,0.0020,0.0059,0.0061,0.0044,0.0430,0.0003
ac_0dB,5-189237-A-12.wav,0.0102,0.0081,0.0028,0.0091,0.0047,0.0138,0.0107,0.0063,0.0199,0.0004
ac_0dB,5-189795-A-4.wav,0.0008,0.0001,0.0053,0.0014,0.0002,0.0026,0.0009,0.0005,0.0247,0.0004
ac_0dB,5-191131-A-40.wav,0.0690,0.0066,0.0101,0.0732,0.0097,0.0119,0.0180,0.0542,0.0467,0.0096
ac_0dB,5-191497-A-33.wav,0.0864,0.0089,0.0645,0.1131,0.0110,0.1151,0.0058,0.0034,0.0602,0.0021
ac_0dB,5-192191-A-19.wav,0.0069,0.0035,0.0045,0.0084,0.0017,0.0132,0.0052,0.0064,0.0432,0.0014
ac_0dB,5-193339-A-10.wav,0.0039,0.0017,0.0053,0.0043,0.0019,0.0164,0.0033,0.0034,0.0618,0.0036
ac_0dB,5-193473-A-12.wav,0.0021,0.0007,0.0042,0.0060,0.0002,0.0059,0.0025,0.0023,0.0315,0.0005
ac_0dB,5-193473-B-12.wav,0.0101,0.0045,0.0050,0.0129,0.0015,0.0144,0.0734,0.0123,0.0105,0.0002
ac_0dB,5-194533-A-21.wav,0.0127,0.1199,0.0140,0.0301,0.8244,0.0264,0.0817,0.0162,0.0633,0.0135
ac_0dB,5-194892-A-10.wav,0.0035,0.0012,0.0334,0.0036,0.0012,0.0149,0.0025,0.0028,0.0369,0.0007
ac_0dB,5-194899-A-3.wav,0.0076,0.0039,0.0126,0.0101,0.0055,0.0133,0.0084,0.0043,0.0287,0.0019
ac_0dB,5-194899-B-3.wav,0.0034,0.0014,0.0355,0.0077,0.0013,0.0098,0.0048,0.0025,0.0422,0.0030
ac_0dB,5-194899-C-3.wav,0.1446,0.0093,0.0482,0.1602,0.0074,0.0371,0.0352,0.0087,0.0438,0.0059
ac_0dB,5-194899-D-3.wav,0.0333,0.0219,0.0313,0.0391,0.0085,0.0098,0.0137,0.0732,0.0455,0.0020
ac_0dB,5-194930-A-1.wav,0.0040,0.0026,0.0079,0.0063,0.0011,0.0136,0.0052,0.0026,0.0576,0.0012
ac_0dB,5-194930-B-1.wav,0.0061,0.0388,0.0186,0.0234,0.0114,0.0743,0.0189,0.0079,0.0157,0.0128
ac_0dB,5-194932-A-7.wav,0.0222,0.0018,0.0129,0.0309,0.0024,0.0065,0.0204,0.0032,0.0272,0.0066
ac_0dB,5-195517-A-7.wav,0.0084,0.0158,0.0293,0.0292,0.0062,0.0361,0.0055,0.0325,0.0224,0.0037
ac_0dB,5-195518-A-7.wav,0.0460,0.0091,0.0388,0.0467,0.0073,0.0216,0.0338,0.0062,0.0797,0.0735
ac_0dB,5-195557-A-19.wav,0.0036,0.0030,0.0160,0.0040,0.0013,0.0071,0.0046,0.0039,0.0156,0.0002
ac_0dB,5-195710-A-10.wav,0.0106,0.0229,0.0163,0.0172,0.0110,0.0323,0.0121,0.0135,0.0367,0.0054
ac_0dB,5-197118-A-45.wav,0.0068,0.0041,0.0210,0.0185,0.0064,0.0132,0.0042,0.0081,0.0784,0.0087
ac_0dB,5-197121-A-45.wav,0.0081,0.0031,0.0253,0.0133,0.0035,0.0266,0.0027,0.0091,0.0383,0.0042
ac_0dB,5-197121-B-45.wav,0.0025,0.0071,0.2645,0.0032,0.0022,0.0166,0.0023,0.0708,0.0642,0.0009
ac_0dB,5-197446-A-7.wav,0.0102,0.0113,0.0422,0.0100,0.0108,0.0263,0.0188,0.0290,0.0635,0.0045
ac_0dB,5-197913-A-18.wav,0.0153,0.0039,0.0043,0.0261,0.0024,0.0051,0.0063,0.0105,0.0203,0.0056
ac_0dB,5-197988-A-46.wav,0.0035,0.0006,0.0057,0.0055,0.0007,0.0042,0.0030,0.0112,0.0652,0.0013
ac_0dB,5-198278-A-7.wav,0.0035,0.0030,0.0204,0.0049,0.0028,0.0106,0.0107,0.0044,0.0144,0.0044
ac_0dB,5-198278-B-7.wav,0.0154,0.0049,0.0188,0.0189,0.0058,0.0099,0.0134,0.0088,0.0433,0.0032
ac_0dB,5-198278-C-7.wav,0.0015,0.0007,0.0289,0.0027,0.0010,0.0033,0.0143,0.0025,0.0079,0.0026
ac_0dB,5-198321-A-10.wav,0.0091,0.0087,0.0132,0.0102,0.0061,0.0344,0.0040,0.0070,0.0463,0.0028
ac_0dB,5-198373-A-46.wav,0.0022,0.0015,0.0083,0.0044,0.0022,0.0108,0.0038,0.0022,0.0402,0.0012
ac_0dB,5-198411-A-20.wav,0.0027,0.0031,0.0510,0.0058,0.0027,0.1302,0.0051,0.0151,0.0420,0.0014
ac_0dB,5-198411-B-20.wav,0.0065,0.0065,0.5266,0.0252,0.0115,0.7743,0.0050,0.0062,0.0187,0.0013
ac_0dB,5-198411-C-20.wav,0.0073,0.0079,0.3971,0.0216,0.0027,0.1261,0.0826,0.0105,0.1367,0.0034
ac_0dB,5-198411-D-20.wav,0.0024,0.0054,0.0473,0.0029,0.0010,0.0276,0.0010,0.0028,0.0102,0.0015
ac_0dB,5-198411-E-20.wav,0.0011,0.0022,0.0299,0.0025,0.0003,0.0218,0.0032,0.0015,0.0522,0.0010
ac_0dB,5-198411-F-20.wav,0.0170,0.0172,0.0972,0.0736,0.0283,0.0257,0.0098,0.0163,0.0158,0.0068
ac_0dB,5-198411-G-20.wav,0.0169,0.0303,0.0946,0.0233,0.0076,0.3604,0.0230,0.0111,0.0767,0.0057
ac_0dB,5-198600-A-45.wav,0.0017,0.0011,0.1272,0.0033,0.0012,0.0071,0.0021,0.0014,0.0319,0.0006
ac_0dB,5-198891-A-8.wav,0.0196,0.0275,0.0120,0.0470,0.0170,0.0672,0.0308,0.0103,0.0407,0.0039
ac_0dB,5-198891-B-8.wav,0.0284,0.0033,0.0164,0.0357,0.0038,0.0167,0.0118,0.0078,0.0441,0.0017
ac_0dB,5-198891-C-8.wav,0.0343,0.0023,0.0063,0.0266,0.0029,0.0030,0.0045,0.0011,0.0840,0.0047
ac_0dB,5-198891-D-8.wav,0.0375,0.0005,0.0140,0.0119,0.0013,0.0023,0.0027,0.0098,0.2590,0.0006
ac_0dB,5-199284-A-45.wav,0.0030,0.0018,0.0110,0.0051,0.0015,0.0107,0.0039,0.0113,0.0937,0.0027
ac_0dB,5-199284-B-45.wav,0.0025,0.0015,0.0122,0.0048,0.0011,0.0063,0.0029,0.0048,0.0880,0.0063
ac_0dB,5-200329-A-8.wav,0.0065,0.0058,0.0223,0.0069,0.0042,0.0292,0.0080,0.0081,0.0576,0.0025
ac_0dB,5-200329-B-8.wav,0.0107,0.0034,0.0177,0.0119,0.0111,0.0151,0.0041,0.0015,0.0092,0.0004
ac_0dB,5-200329-C-8.wav,0.0045,0.0017,0.0261,0.0049,0.0037,0.0140,0.0065,0.0162,0.2348,0.0014
ac_0dB,5-200334-A-1.wav,0.0045,0.0057,0.0159,0.0078,0.0012,0.0146,0.0190,0.0044,0.0161,0.0006
ac_0dB,5-200334-B-1.wav,0.0050,0.0035,0.0034,0.0091,0.0015,0.0128,0.0105,0.0039,0.0181,0.0011
ac_0dB,5-200339-A-1.wav,0.0068,0.0059,0.0242,0.0149,0.0027,0.0255,0.0116,0.0029,0.0516,0.0045
ac_0dB,5-200461-A-11.wav,0.0021,0.0024,0.0283,0.0060,0.0017,0.0176,0.0094,0.0116,0.0811,0.0089
ac_0dB,5-200461-B-11.wav,0.0065,0.0041,0.0852,0.0072,0.0029,0.0366,0.0098,0.0142,0.1909,0.0017
ac_0dB,5-201170-A-46.wav,0.0035,0.0013,0.0133,0.0050,0.0028,0.0208,0.0172,0.0010,0.2207,0.0010
ac_0dB,5-201172-A-46.wav,0.0338,0.0057,0.0074,0.0945,0.0208,0.0164,0.0072,0.0033,0.0148,0.0070
ac_0dB,5-201194-A-38.wav,0.0058,0.0088,0.0084,0.0107,0.0032,0.0319,0.0043,0.0060,0.0421,0.0019
ac_0dB,5-201274-A-21.wav,0.0190,0.0184,0.0237,0.0391,0.0188,0.0198,0.1409,0.1517,0.0184,0.0035
ac_0dB,5-201664-A-18.wav,0.0024,0.0026,0.0318,0.0058,0.0028,0.0120,0.0027,0.0028,0.0133,0.0079
ac_0dB,5-202020-A-18.wav,0.0055,0.0004,0.0179,0.0062,0.0003,0.0027,0.0062,0.0006,0.0064,0.0034
ac_0dB,5-202220-A-21.wav,0.0544,0.1912,0.1435,0.1413,0.1673,0.4392,0.0192,0.0074,0.0319,0.0018
ac_0dB,5-202540-A-18.wav,0.0020,0.0010,0.0077,0.0026,0.0007,0.0064,0.0017,0.0012,0.0057,0.0026
ac_0dB,5-202795-A-3.wav,0.0075,0.0017,0.0169,0.0183,0.0036,0.0021,0.0097,0.0057,0.0447,0.0029
ac_0dB,5-202898-A-10.wav,0.0053,0.0056,0.3381,0.0120,0.0035,0.0982,0.0069,0.0049,0.0298,0.0056
ac_0dB,5-203128-A-0.wav,0.0058,0.0021,0.0086,0.0058,0.0010,0.0103,0.6890,0.0038,0.2352,0.0007
ac_0dB,5-203128-B-0.wav,0.0009,0.0008,0.0029,0.0054,0.0007,0.0090,0.5169,0.0016,0.0327,0.0004
ac_0dB,5-203739-A-10.wav,0.0020,0.0034,0.0178,0.0028,0.0018,0.0344,0.0030,0.0049,0.0318,0.0009
ac_0dB,5-204114-A-29.wav,0.0044,0.0226,0.0291,0.0132,0.0124,0.0411,0.0185,0.0048,0.0130,0.0088
ac_0dB,5-204352-A-13.wav,0.0003,0.0003,0.0060,0.0004,0.0003,0.0027,0.0027,0.0031,0.0474,0.0007
ac_0dB,5-204352-B-13.wav,0.0010,0.0015,0.0450,0.0023,0.0011,0.0046,0.0090,0.0043,0.0144,0.0001
ac_0dB,5-204604-A-24.wav,0.0179,0.2722,0.0324,0.0873,0.0942,0.0617,0.0121,0.0053,0.0213,0.0037
ac_0dB,5-204741-A-46.wav,0.0012,0.0018,0.0069,0.0054,0.0015,0.0080,0.0028,0.0035,0.0212,0.0018
ac_0dB,5-205090-A-32.wav,0.0132,0.0060,0.0109,0.0302,0.0056,0.0110,0.0125,0.0190,0.0429,0.0230
ac_0dB,5-205589-A-17.wav,0.0024,0.0009,0.0318,0.0039,0.0006,0.0060,0.0008,0.0007,0.0102,0.0006
ac_0dB,5-205589-B-17.wav,0.0015,0.0013,0.0071,0.0038,0.0007,0.0094,0.0013,0.0003,0.0072,0.0007
ac_0dB,5-205898-A-40.wav,0.0094,0.0031,0.0111,0.0162,0.0025,0.0180,0.0070,0.0038,0.0435,0.0016
ac_0dB,5-207681-A-24.wav,0.0069,0.9957,0.0886,0.0391,0.2284,0.0194,0.0053,0.0085,0.0232,0.0045
ac_0dB,5-207781-A-17.wav,0.0100,0.0232,0.0093,0.0314,0.0100,0.0155,0.0443,0.0148,0.0198,0.0042
ac_0dB,5-207811-A-35.wav,0.0079,0.0074,0.0109,0.0111,0.0062,0.0224,0.0065,0.0122,0.0425,0.0045
ac_0dB,5-207811-B-35.wav,0.0058,0.0033,0.0117,0.0093,0.0038,0.0156,0.0067,0.0042,0.0287,0.0017
ac_0dB,5-207836-A-29.wav,0.0030,0.0101,0.0184,0.0051,0.0033,0.0304,0.0054,0.0101,0.0375,0.0093
ac_0dB,5-207836-B-29.wav,0.1184,0.0249,0.0329,0.1345,0.0361,0.0478,0.0135,0.0209,0.0292,0.0022
ac_0dB,5-207836-C-29.wav,0.1827,0.0173,0.0095,0.1307,0.0068,0.0116,0.0131,0.0123,0.0227,0.0061
ac_0dB,5-207836-D-29.wav,0.0068,0.0056,0.1919,0.0082,0.0122,0.0049,0.0079,0.0041,0.0346,0.0008
ac_0dB,5-208030-A-0.wav,0.0018,0.0052,0.0079,0.0032,0.0023,0.0040,0.7862,0.0009,0.0328,0.0004
ac_0dB,5-208624-A-38.wav,0.0046,0.0002,0.0105,0.0050,0.0004,0.0135,0.0013,0.0051,0.0088,0.0002
ac_0dB,5-208761-A-24.wav,0.0619,0.9677,0.1139,0.0972,0.0696,0.2688,0.0102,0.0416,0.0586,0.2470
ac_0dB,5-208810-A-11.wav,0.0009,0.0013,0.0119,0.0024,0.0012,0.0119,0.0050,0.0018,0.0103,0.0005
ac_0dB,5-208810-B-11.wav,0.0033,0.0023,0.0091,0.0069,0.0012,0.0132,0.0069,0.0047,0.0572,0.0009
ac_0dB,5-209698-A-38.wav,0.0041,0.0017,0.0863,0.0070,0.0089,0.0311,0.0117,0.0050,0.0867,0.0018
ac_0dB,5-209719-A-24.wav,0.0148,0.0902,0.0084,0.0188,0.0162,0.0182,0.0126,0.0085,0.0624,0.0030
ac_0dB,5-209833-A-38.wav,0.0062,0.0028,0.0116,0.0085,0.0029,0.0284,0.0066,0.0018,0.0446,0.0185
ac_0dB,5-209989-A-22.wav,0.0016,0.0010,0.0319,0.0019,0.0005,0.0152,0.0024,0.0143,0.0137,0.0040
ac_0dB,5-209992-A-44.wav,0.0018,0.0015,0.0148,0.0027,0.0011,0.0141,0.0053,0.0020,0.1208,0.0004
ac_0dB,5-209992-B-44.wav,0.0074,0.0045,0.0099,0.0114,0.0024,0.0151,0.0037,0.0031,0.0725,0.0012
ac_0dB,5-210540-A-13.wav,0.0018,0.0010,0.0108,0.0036,0.0018,0.0039,0.0023,0.0049,0.0143,0.0014
ac_0dB,5-210571-A-38.wav,0.0088,0.0130,0.0093,0.0090,0.0094,0.0213,0.0079,0.0149,0.0478,0.0034
ac_0dB,5-210612-A-37.wav,0.0017,0.0064,0.0163,0.0107,0.0106,0.0125,0.0081,0.0036,0.0196,0.0036
ac_0dB,5-211197-A-24.wav,0.0092,0.2648,0.0361,0.0240,0.0330,0.1407,0.0445,0.0140,0.0892,0.0082
ac_0dB,5-211408-A-37.wav,0.0029,0.0015,0.0259,0.0071,0.0012,0.0054,0.0059,0.0007,0.0321,0.0017
ac_0dB,5-212050-A-27.wav,0.0020,0.0007,0.0019,0.0155,0.0016,0.0044,0.0099,0.0001,0.0086,0.0007
ac_0dB,5-212054-A-36.wav,0.0008,0.0006,0.0129,0.0012,0.0003,0.0052,0.0018,0.0009,0.0418,0.0042
ac_0dB,5-212059-A-36.wav,0.0011,0.0004,0.0103,0.0022,0.0002,0.0031,0.0013,0.0004,0.0382,0.0046
ac_0dB,5-212181-A-38.wav,0.0052,0.0024,0.0157,0.0130,0.0037,0.0237,0.0111,0.0117,0.0497,0.0011
ac_0dB,5-212454-A-0.wav,0.0009,0.0024,0.0102,0.0033,0.0024,0.0804,0.6405,0.0013,0.0646,0.0030
ac_0dB,5-212730-A-17.wav,0.0026,0.0046,0.0097,0.0069,0.0014,0.0043,0.0023,0.0010,0.0062,0.0007
ac_0dB,5-212734-A-17.wav,0.0020,0.0025,0.0099,0.0037,0.0005,0.0027,0.0007,0.0006,0.0065,0.0037
ac_0dB,5-212736-A-17.wav,0.0002,0.0130,0.0085,0.0009,0.0006,0.0040,0.0021,0.0005,0.0017,0.0006
ac_0dB,5-213077-A-11.wav,0.0093,0.0060,0.0103,0.0102,0.0058,0.0241,0.0239,0.0068,0.1030,0.0027
ac_0dB,5-213293-A-23.wav,0.4895,0.0060,0.0103,0.8448,0.0265,0.0157,0.0045,0.0050,0.0129,0.0012
ac_0dB,5-213802-A-12.wav,0.0137,0.0071,0.0059,0.0132,0.0044,0.0160,0.0154,0.0116,0.0315,0.0014
ac_0dB,5-213836-A-9.wav,0.0036,0.0034,0.0174,0.0055,0.0018,0.0183,0.0079,0.0036,0.0854,0.0012
ac_0dB,5-213836-B-9.wav,0.0022,0.0041,0.0041,0.0038,0.0034,0.0060,0.0030,0.0026,0.0907,0.0031
ac_0dB,5-213836-C-9.wav,0.0017,0.0031,0.0060,0.0105,0.0010,0.0011,0.0026,0.0007,0.0465,0.0005
ac_0dB,5-213836-D-9.wav,0.0010,0.0005,0.0033,0.0033,0.0006,0.0012,0.0011,0.0002,0.0351,0.0005
ac_0dB,5-213855-A-0.wav,0.0036,0.0061,0.0033,0.0108,0.0062,0.0148,0.3201,0.0038,0.0205,0.0010
ac_0dB,5-214362-A-17.wav,0.0224,0.0022,0.0121,0.0209,0.0007,0.0149,0.0041,0.0010,0.0116,0.0008
ac_0dB,5-214759-A-5.wav,0.0284,0.0060,0.0175,0.0383,0.0112,0.0105,0.0267,0.0151,0.0505,0.0028
ac_0dB,5-214759-B-5.wav,0.0071,0.0027,0.0160,0.0073,0.0038,0.0106,0.0113,0.0072,0.1075,0.0032
ac_0dB,5-214869-A-9.wav,0.0010,0.0017,0.0012,0.0017,0.0006,0.0012,0.0059,0.0016,0.0215,0.0005
ac_0dB,5-215005-A-32.wav,0.0073,0.0049,0.0065,0.0068,0.0018,0.0075,0.0051,0.0081,0.0342,0.0011
ac_0dB,5-215172-A-13.wav,0.0062,0.0023,0.0111,0.0076,0.0039,0.0137,0.0092,0.0081,0.0469,0.0057
ac_0dB,5-215179-A-13.wav,0.0065,0.0036,0.0156,0.0141,0.0173,0.0102,0.0159,0.0198,0.0586,0.0059
ac_0dB,5-215445-A-47.wav,0.0073,0.0023,0.0194,0.0115,0.0029,0.0081,0.0093,0.0105,0.0349,0.0023
ac_0dB,5-215447-A-47.wav,0.0104,0.0039,0.0074,0.0102,0.0021,0.0176,0.0299,0.0059,0.0919,0.0015
ac_0dB,5-215449-A-47.wav,0.0137,0.0040,0.0041,0.0170,0.0037,0.0062,0.0140,0.0177,0.0271,0.0059
ac_0dB,5-215634-A-17.wav,0.0107,0.0041,0.0079,0.0156,0.0030,0.0142,0.0046,0.0080,0.0320,0.0048
ac_0dB,5-215658-A-12.wav,0.0101,0.0232,0.0290,0.0144,0.0232,0.0214,0.0183,0.0196,0.0185,0.0019
ac_0dB,5-215658-B-12.wav,0.0091,0.0067,0.0101,0.0080,0.0042,0.0256,0.0151,0.0126,0.0749,0.0043
ac_0dB,5-216131-A-32.wav,0.0043,0.0019,0.0108,0.0041,0.0010,0.0201,0.0129,0.0006,0.0566,0.0008
ac_0dB,5-216213-A-13.wav,0.0012,0.0008,0.0051,0.0013,0.0009,0.0048,0.0064,0.0010,0.0114,0.0005
ac_0dB,5-216214-A-13.wav,0.0031,0.0022,0.0109,0.0054,0.0031,0.0088,0.0087,0.0050,0.0249,0.0012
ac_0dB,5-216216-A-13.wav,0.0013,0.0010,0.0065,0.0024,0.0027,0.0111,0.0076,0.0084,0.0189,0.0013
ac_0dB,5-216368-A-28.wav,0.8773,0.0154,0.0162,0.9477,0.0068,0.0365,0.0212,0.0038,0.0155,0.0006
ac_0dB,5-216370-A-41.wav,0.0062,0.0007,0.0063,0.0111,0.0009,0.0063,0.0036,0.0047,0.0840,0.0007
ac_0dB,5-216370-B-41.wav,0.0015,0.0010,0.0044,0.0022,0.0003,0.0072,0.0022,0.0089,0.0390,0.0025
ac_0dB,5-217158-A-0.wav,0.0061,0.0024,0.0122,0.0120,0.0024,0.0132,0.2069,0.0055,0.0826,0.0032
ac_0dB,5-217186-A-16.wav,0.0112,0.0074,0.0241,0.0245,0.0069,0.0220,0.0105,0.0450,0.0957,0.0028
ac_0dB,5-217186-B-16.wav,0.0071,0.0031,0.0209,0.0087,0.0049,0.0141,0.0282,0.0303,0.0868,0.0023
ac_0dB,5-217186-C-16.wav,0.0020,0.0017,0.0202,0.0056,0.0052,0.0092,0.0119,0.0059,0.0304,0.0034
ac_0dB,5-218196-A-27.wav,0.0126,0.0012,0.0057,0.0611,0.0024,0.0105,0.0368,0.0006,0.0071,0.0054
ac_0dB,5-218196-B-27.wav,0.0110,0.0038,0.0125,0.0353,0.0040,0.0278,0.0321,0.0030,0.0463,0.0075
ac_0dB,5-218494-A-22.wav,0.0112,0.0096,0.0162,0.0185,0.0087,0.0185,0.0125,0.0175,0.0421,0.0076
ac_0dB,5-218980-A-30.wav,0.0060,0.0038,0.0120,0.0090,0.0028,0.0115,0.0048,0.0317,0.1080,0.0026
ac_0dB,5-218981-A-30.wav,0.0087,0.0050,0.0096,0.0143,0.0039,0.0259,0.0056,0.0095,0.0517,0.0026
ac_0dB,5-219044-A-46.wav,0.0042,0.0014,0.0030,0.0099,0.0015,0.0045,0.0040,0.0047,0.0273,0.0046
ac_0dB,5-219242-A-37.wav,0.0014,0.0009,0.0063,0.0050,0.0003,0.0022,0.0018,0.0006,0.0256,0.0061
ac_0dB,5-219242-B-37.wav,0.0118,0.0024,0.0090,0.0184,0.0023,0.0069,0.0027,0.0088,0.0107,0.0026
ac_0dB,5-219318-A-31.wav,0.0057,0.0019,0.0050,0.0116,0.0026,0.0062,0.0082,0.0037,0.0751,0.0010
ac_0dB,5-219342-A-38.wav,0.0097,0.0086,0.0364,0.0182,0.0081,0.0267,0.1538,0.0110,0.0374,0.0007
ac_0dB,5-219379-A-11.wav,0.0029,0.0020,0.0083,0.0099,0.0013,0.0260,0.0044,0.0067,0.0093,0.0019
ac_0dB,5-219379-B-11.wav,0.0008,0.0007,0.0172,0.0012,0.0005,0.0213,0.0029,0.0013,0.0440,0.0003
ac_0dB,5-219379-C-11.wav,0.0031,0.0018,0.0120,0.0040,0.0020,0.0178,0.0103,0.0132,0.1421,0.0031
ac_0dB,5-220026-A-21.wav,0.0099,0.0117,0.0556,0.0135,0.0176,0.0338,0.0081,0.0066,0.0937,0.0018
ac_0dB,5-220027-A-21.wav,0.0207,0.2449,0.0372,0.0847,0.3738,0.0525,0.0146,0.0040,0.0695,0.0031
ac_0dB,5-220939-A-27.wav,0.0238,0.0129,0.0128,0.0978,0.1128,0.0145,0.0072,0.0037,0.0155,0.0078
ac_0dB,5-220955-A-40.wav,0.0059,0.0026,0.0111,0.0092,0.0030,0.0141,0.0047,0.0087,0.0530,0.0036
ac_0dB,5-221518-A-21.wav,0.0769,0.4405,0.0979,0.1049,0.9720,0.0513,0.0223,0.0151,0.0196,0.0032
ac_0dB,5-221528-A-39.wav,0.0098,0.0073,0.0171,0.0125,0.0096,0.0281,0.0184,0.0178,0.0922,0.1108
ac_0dB,5-221529-A-39.wav,0.0070,0.0053,0.0480,0.0157,0.0127,0.0106,0.0150,0.0356,0.0202,0.0424
ac_0dB,5-221567-A-22.wav,0.0048,0.0031,0.1387,0.0076,0.0019,0.0184,0.0056,0.0086,0.0300,0.0055
ac_0dB,5-221568-A-22.wav,0.0043,0.0077,0.0295,0.0075,0.0039,0.0239,0.0109,0.0046,0.0373,0.0015
ac_0dB,5-221593-A-21.wav,0.0094,0.0342,0.0119,0.1403,0.0531,0.0564,0.0231,0.0068,0.0332,0.0040
ac_0dB,5-221878-A-34.wav,0.0069,0.0051,0.0103,0.0079,0.0026,0.0162,0.0075,0.0061,0.0946,0.0018
ac_0dB,5-221950-A-22.wav,0.0051,0.0077,0.0030,0.0058,0.0027,0.0238,0.0115,0.0068,0.0541,0.0016
ac_0dB,5-222041-A-9.wav,0.0168,0.0019,0.0068,0.0306,0.0011,0.0032,0.0049,0.0007,0.0208,0.0011
ac_0dB,5-222524-A-41.wav,0.0093,0.0036,0.0120,0.0123,0.0041,0.0224,0.0153,0.0050,0.1330,0.0042
ac_0dB,5-222894-A-32.wav,0.0117,0.0114,0.0254,0.0114,0.0017,0.0377,0.0083,0.0059,0.0195,0.0010
ac_0dB,5-223099-A-32.wav,0.0092,0.0021,0.0094,0.0092,0.0024,0.0076,0.0072,0.0319,0.0864,0.0018
ac_0dB,5-223099-B-32.wav,0.0013,0.0010,0.0072,0.0018,0.0005,0.0031,0.0044,0.0014,0.0808,0.0006
ac_0dB,5-223103-A-31.wav,0.0103,0.0039,0.0016,0.0100,0.0026,0.0078,0.0058,0.0080,0.0137,0.0014
ac_0dB,5-223176-A-37.wav,0.0027,0.0028,0.0047,0.0049,0.0008,0.0030,0.0028,0.0003,0.0298,0.0039
ac_0dB,5-223317-A-31.wav,0.0090,0.0033,0.0087,0.0110,0.0025,0.0072,0.0110,0.0014,0.0208,0.0022
ac_0dB,5-223810-A-35.wav,0.0045,0.0041,0.0324,0.0036,0.0026,0.0173,0.0063,0.0146,0.0826,0.0052
ac_0dB,5-231551-A-36.wav,0.0036,0.0041,0.0105,0.0055,0.0024,0.0099,0.0095,0.0042,0.0828,0.0030
ac_0dB,5-231762-A-0.wav,0.0051,0.0058,0.0062,0.0185,0.0030,0.0096,0.5312,0.0037,0.0101,0.0031
ac_0dB,5-232272-A-44.wav,0.0115,0.0065,0.0120,0.0147,0.0041,0.0222,0.0070,0.0111,0.0403,0.0068
ac_0dB,5-232802-A-31.wav,0.0468,0.0169,0.0303,0.0573,0.0116,0.0139,0.2242,0.0101,0.0354,0.0042
ac_0dB,5-232816-A-23.wav,0.0091,0.0080,0.0174,0.0115,0.0141,0.0207,0.0194,0.0205,0.1161,0.0043
ac_0dB,5-233019-A-31.wav,0.0184,0.0034,0.0241,0.0157,0.0073,0.0193,0.0081,0.0021,0.0223,0.0003
ac_0dB,5-233160-A-1.wav,0.0066,0.0053,0.0053,0.0126,0.0027,0.0122,0.0112,0.0067,0.0238,0.0012
ac_0dB,5-233260-A-23.wav,0.0112,0.0027,0.0186,0.0188,0.0038,0.0215,0.0062,0.0057,0.0739,0.0029
ac_0dB,5-233312-A-28.wav,0.9473,0.0059,0.0149,0.8629,0.0078,0.0185,0.0144,0.0101,0.1323,0.0092
ac_0dB,5-233605-A-39.wav,0.0137,0.0064,0.1727,0.0321,0.0144,0.0155,0.0126,0.0150,0.0814,0.0032
ac_0dB,5-233607-A-39.wav,0.0070,0.0050,0.0064,0.0099,0.0027,0.0195,0.0048,0.0056,0.0566,0.4237
ac_0dB,5-233645-A-37.wav,0.0009,0.0012,0.0036,0.0034,0.0009,0.0027,0.0012,0.0012,0.0318,0.0069
ac_0dB,5-233787-A-7.wav,0.1203,0.0038,0.0190,0.1165,0.0021,0.0277,0.0111,0.0052,0.0396,0.0043
ac_0dB,5-234145-A-28.wav,0.8331,0.0102,0.0105,0.7706,0.0086,0.0154,0.0184,0.0855,0.0145,0.0059
ac_0dB,5-234247-A-37.wav,0.0008,0.0004,0.0096,0.0008,0.0000,0.0025,0.0008,0.0001,0.0247,0.0042
ac_0dB,5-234263-A-25.wav,0.0079,0.0037,0.0283,0.0145,0.0058,0.0151,0.0058,0.0444,0.0248,0.0023
ac_0dB,5-234335-A-23.wav,0.0642,0.0438,0.0043,0.8061,0.4243,0.0106,0.0028,0.0019,0.0283,0.0010
ac_0dB,5-234855-A-25.wav,0.0220,0.0142,0.0078,0.0387,0.0096,0.0125,0.0087,0.0159,0.0233,0.0090
ac_0dB,5-234879-A-1.wav,0.0116,0.0044,0.0045,0.0161,0.0056,0.0147,0.0114,0.0082,0.0647,0.0036
ac_0dB,5-234879-B-1.wav,0.0040,0.0079,0.4440,0.0045,0.0021,0.0230,0.0081,0.0054,0.0744,0.0011
ac_0dB,5-234923-A-32.wav,0.0010,0.0021,0.0152,0.0023,0.0008,0.0166,0.0056,0.0015,0.0400,0.0007
ac_0dB,5-235507-A-44.wav,0.0020,0.0012,0.0055,0.0038,0.0009,0.0111,0.0018,0.0043,0.0413,0.0016
ac_0dB,5-235593-A-23.wav,0.2379,0.0352,0.0698,0.9341,0.0744,0.0610,0.0063,0.0321,0.0464,0.0039
ac_0dB,5-235644-A-30.wav,0.0161,0.0382,0.0088,0.0414,0.0144,0.0186,0.0677,0.1129,0.0180,0.0060
ac_0dB,5-235671-A-38.wav,0.0094,0.0048,0.0182,0.0120,0.0068,0.0150,0.0138,0.0369,0.0814,0.0058
ac_0dB,5-235874-A-28.wav,0.3874,0.0149,0.0166,0.3793,0.0051,0.0084,0.0109,0.0366,0.0240,0.0018
ac_0dB,5-235893-A-28.wav,0.5534,0.0101,0.0099,0.4373,0.0154,0.0115,0.0091,0.0086,0.0228,0.0033
ac_0dB,5-235956-A-47.wav,0.0083,0.0039,0.0091,0.0093,0.0023,0.0100,0.0057,0.0043,0.0405,0.0029
ac_0dB,5-236288-A-28.wav,0.8950,0.0168,0.0103,0.9171,0.0092,0.0161,0.0038,0.0037,0.0613,0.0029
ac_0dB,5-236299-A-34.wav,0.0071,0.0098,0.0807,0.0142,0.0094,0.0210,0.0108,0.0152,0.0957,0.0047
ac_0dB,5-237315-A-31.wav,0.0045,0.0019,0.0022,0.0188,0.0021,0.0138,0.0044,0.0027,0.0268,0.0011
ac_0dB,5-237499-A-4.wav,0.0273,0.0138,0.0240,0.0447,0.0176,0.0187,0.0141,0.0147,0.0178,0.0054
ac_0dB,5-237795-A-34.wav,0.0052,0.0063,0.0416,0.0185,0.0342,0.0219,0.0086,0.0067,0.0502,0.0046
ac_0dB,5-238021-A-35.wav,0.0054,0.0057,0.0049,0.0103,0.0021,0.0047,0.0074,0.0122,0.0236,0.0058
ac_0dB,5-238492-A-23.wav,0.1487,0.0112,0.0193,0.6162,0.0262,0.0133,0.0215,0.0156,0.1374,0.0053
ac_0dB,5-238926-A-31.wav,0.0040,0.0012,0.0044,0.0036,0.0003,0.0049,0.0034,0.0070,0.0338,0.0003
ac_0dB,5-238938-A-27.wav,0.0742,0.0102,0.0227,0.0609,0.0085,0.0368,0.0209,0.0071,0.0243,0.0030
ac_0dB,5-240671-A-44.wav,0.0087,0.0059,0.0157,0.0132,0.0051,0.0188,0.0095,0.0074,0.0568,0.0024
ac_0dB,5-241846-A-15.wav,0.0325,0.0082,0.0099,0.0394,0.0133,0.0127,0.0124,0.0033,0.0330,0.0088
ac_0dB,5-242490-A-14.wav,0.0087,0.0085,0.0084,0.0112,0.0010,0.0059,0.0343,0.0050,0.0479,0.0010
ac_0dB,5-242491-A-14.wav,0.0069,0.0085,0.0070,0.0125,0.0078,0.0137,0.0091,0.0082,0.2070,0.0045
ac_0dB,5-242492-A-3.wav,0.0087,0.0031,0.0080,0.0179,0.0034,0.0089,0.0069,0.0036,0.0112,0.0015
ac_0dB,5-242711-A-9.wav,0.0123,0.0084,0.0126,0.0131,0.0038,0.0132,0.0067,0.0218,0.0756,0.0089
ac_0dB,5-242932-A-26.wav,0.0060,0.0200,0.0364,0.0113,0.0152,0.7208,0.0061,0.0091,0.0380,0.0017
ac_0dB,5-242932-B-26.wav,0.0229,0.0504,0.0388,0.1230,0.0595,0.7637,0.0213,0.0043,0.0280,0.0057
ac_0dB,5-243025-A-25.wav,0.0048,0.0031,0.0092,0.0054,0.0012,0.0210,0.0041,0.0297,0.0342,0.0014
ac_0dB,5-243036-A-29.wav,0.0345,0.0142,0.0073,0.0401,0.0048,0.0146,0.0148,0.0137,0.0576,0.0020
ac_0dB,5-243448-A-14.wav,0.0217,0.0099,0.0078,0.0305,0.0067,0.0166,0.0132,0.0040,0.0378,0.0057
ac_0dB,5-243449-A-14.wav,0.0201,0.0039,0.0104,0.0297,0.0120,0.0139,0.0225,0.0415,0.0219,0.0336
ac_0dB,5-243450-A-14.wav,0.0249,0.0055,0.1253,0.0261,0.0041,0.0087,0.0139,0.0393,0.0645,0.0060
ac_0dB,5-243459-A-14.wav,0.0129,0.0191,0.0047,0.0138,0.0049,0.0237,0.0130,0.0053,0.0687,0.0039
ac_0dB,5-243459-B-14.wav,0.0104,0.0087,0.0067,0.0118,0.0030,0.0166,0.0041,0.0038,0.0174,0.0054
ac_0dB,5-243635-A-29.wav,0.0127,0.0121,0.0078,0.0142,0.0079,0.0195,0.0116,0.0183,0.0497,0.0067
ac_0dB,5-243773-A-44.wav,0.0030,0.0028,0.0104,0.0066,0.0027,0.0119,0.0061,0.0178,0.0207,0.0032
ac_0dB,5-243773-B-44.wav,0.0044,0.0017,0.0107,0.0056,0.0022,0.0096,0.0061,0.0029,0.0489,0.0015
ac_0dB,5-243783-A-44.wav,0.0016,0.0029,0.0113,0.0018,0.0016,0.0134,0.0032,0.0012,0.0690,0.0011
ac_0dB,5-244178-A-32.wav,0.0015,0.0017,0.0034,0.0031,0.0009,0.0085,0.0061,0.0006,0.0331,0.0010
ac_0dB,5-244310-A-25.wav,0.0147,0.0054,0.0106,0.0174,0.0059,0.0190,0.0098,0.0094,0.0327,0.0038
ac_0dB,5-244315-A-6.wav,0.0009,0.0231,0.0219,0.0016,0.0020,0.0031,0.0035,0.0017,0.0102,0.0018
ac_0dB,5-244315-B-6.wav,0.0015,0.0020,0.2065,0.0042,0.0007,0.0087,0.0193,0.0054,0.0178,0.0009
ac_0dB,5-244315-C-6.wav,0.0012,0.0086,0.0119,0.0015,0.0007,0.0647,0.0090,0.0094,0.0209,0.0006
ac_0dB,5-244327-A-34.wav,0.0085,0.0027,0.0020,0.0226,0.0013,0.0087,0.0032,0.0046,0.0121,0.0017
ac_0dB,5-244459-A-28.wav,0.6654,0.0095,0.0217,0.6643,0.0049,0.0142,0.0169,0.0115,0.0658,0.0044
ac_0dB,5-244526-A-26.wav,0.0172,0.0138,0.0149,0.0276,0.0246,0.8411,0.0135,0.0018,0.0262,0.0023
ac_0dB,5-244651-A-31.wav,0.0149,0.0068,0.0120,0.0166,0.0133,0.0190,0.0444,0.0151,0.1358,0.0040
ac_0dB,5-244933-A-34.wav,0.0063,0.0048,0.2025,0.0066,0.0042,0.0147,0.0092,0.0136,0.0185,0.0024
ac_0dB,5-245040-A-35.wav,0.2437,0.0068,0.0252,0.1670,0.0068,0.0187,0.0062,0.0268,0.0195,0.0016
ac_0dB,5-248341-A-6.wav,0.2030,0.0015,0.0122,0.1437,0.0013,0.0113,0.0064,0.0018,0.0320,0.0008
ac_0dB,5-248341-B-6.wav,0.0084,0.0023,0.0360,0.0113,0.0046,0.0119,0.0065,0.0025,0.0119,0.0023
ac_0dB,5-248341-C-6.wav,0.0018,0.0035,0.0138,0.0022,0.0006,0.4475,0.0022,0.0010,0.0113,0.0002
ac_0dB,5-249748-A-28.wav,0.8315,0.0326,0.0155,0.7930,0.0276,0.0209,0.0112,0.0061,0.2729,0.0014
ac_0dB,5-249937-A-22.wav,0.0046,0.0020,0.0167,0.0057,0.0012,0.0174,0.0039,0.0052,0.0154,0.0015
ac_0dB,5-250026-A-30.wav,0.0098,0.0031,0.0094,0.0168,0.0024,0.0173,0.0051,0.0239,0.0607,0.0093
ac_0dB,5-250026-B-30.wav,0.0039,0.0045,0.0132,0.0080,0.0014,0.0127,0.0047,0.0401,0.0146,0.0019
ac_0dB,5-250258-A-49.wav,0.0258,0.0092,0.0349,0.1962,0.0382,0.0328,0.0209,0.0183,0.0789,0.0303
ac_0dB,5-250629-A-37.wav,0.0063,0.0015,0.0074,0.0093,0.0008,0.0056,0.0033,0.0017,0.0313,0.0008
ac_0dB,5-250753-A-34.wav,0.0647,0.0085,0.0091,0.0665,0.0061,0.0205,0.0119,0.0125,0.0288,0.0119
ac_0dB,5-251426-A-30.wav,0.0075,0.0037,0.0074,0.0106,0.0018,0.0134,0.0050,0.0109,0.0171,0.0156
ac_0dB,5-251426-B-30.wav,0.0108,0.0086,0.0058,0.0284,0.0081,0.0180,0.0118,0.0607,0.0397,0.0090
ac_0dB,5-251489-A-24.wav,0.0237,0.8079,0.3797,0.0588,0.1611,0.0231,0.0172,0.0209,0.0737,0.0024
ac_0dB,5-251957-A-47.wav,0.0018,0.0012,0.0095,0.0033,0.0007,0.0213,0.0043,0.0045,0.0875,0.0012
ac_0dB,5-251962-A-47.wav,0.0102,0.0046,0.0075,0.0265,0.0040,0.0201,0.0083,0.0164,0.1319,0.0088
ac_0dB,5-251963-A-47.wav,0.0089,0.0028,0.0140,0.0143,0.0035,0.0209,0.0051,0.0093,0.1509,0.0090
ac_0dB,5-251971-A-47.wav,0.0206,0.0225,0.0154,0.0356,0.0067,0.0155,0.0121,0.0179,0.0800,0.0046
ac_0dB,5-252248-A-34.wav,0.0138,0.0050,0.0131,0.0139,0.0055,0.0203,0.0328,0.0116,0.0821,0.0033
ac_0dB,5-253085-A-3.wav,0.0309,0.0014,0.0184,0.0257,0.0024,0.0050,0.0102,0.0071,0.0249,0.0010
ac_0dB,5-253085-B-3.wav,0.0058,0.0050,0.0433,0.0102,0.0021,0.0076,0.0083,0.0063,0.1393,0.0015
ac_0dB,5-253094-A-49.wav,0.0073,0.0021,0.0208,0.0271,0.0023,0.0131,0.0021,0.0038,0.0120,0.0010
ac_0dB,5-253094-B-49.wav,0.0046,0.0024,0.0078,0.0131,0.0088,0.0030,0.0040,0.0109,0.0721,0.0283
ac_0dB,5-253094-C-49.wav,0.0018,0.0033,0.0048,0.0088,0.0039,0.0084,0.0011,0.0065,0.0209,0.0011
ac_0dB,5-253094-D-49.wav,0.0018,0.0020,0.0150,0.0079,0.0010,0.0069,0.0017,0.0040,0.0241,0.0030
ac_0dB,5-253101-A-49.wav,0.4072,0.0023,0.0268,0.6226,0.0025,0.0124,0.0046,0.0021,0.0768,0.0057
ac_0dB,5-253101-B-49.wav,0.0457,0.0036,0.0300,0.8594,0.0020,0.0031,0.0036,0.0022,0.0237,0.0046
ac_0dB,5-253101-C-49.wav,0.0043,0.0003,0.0141,0.0412,0.0008,0.0060,0.0003,0.0004,0.0074,0.0002
ac_0dB,5-253534-A-26.wav,0.0060,0.0231,0.0544,0.0063,0.0151,0.5415,0.0151,0.0077,0.0360,0.0036
ac_0dB,5-254160-A-22.wav,0.0013,0.0018,0.1477,0.0018,0.0006,0.0100,0.0048,0.0038,0.0772,0.0005
ac_0dB,5-254832-A-15.wav,0.0085,0.0018,0.0054,0.0141,0.0013,0.0065,0.0046,0.0021,0.0200,0.0018
ac_0dB,5-254832-B-15.wav,0.0107,0.0075,0.0129,0.0272,0.0034,0.0127,0.0041,0.0048,0.0240,0.0016
ac_0dB,5-256452-A-5.wav,0.0236,0.0112,0.0081,0.0265,0.0106,0.0202,0.0332,0.0335,0.0431,0.0092
ac_0dB,5-256512-A-30.wav,0.0098,0.0087,0.0101,0.0079,0.0030,0.0130,0.0110,0.0213,0.0651,0.0022
ac_0dB,5-257349-A-15.wav,0.0043,0.0019,0.0044,0.0041,0.0011,0.0038,0.0052,0.0012,0.0151,0.0008
ac_0dB,5-257642-A-39.wav,0.0115,0.0143,0.0041,0.0230,0.0210,0.0073,0.0109,0.0180,0.0250,0.9108
ac_0dB,5-257839-A-14.wav,0.0056,0.0055,0.0099,0.0069,0.0041,0.0082,0.0048,0.0044,0.0429,0.0088
ac_0dB,5-259169-A-5.wav,0.0118,0.0035,0.0142,0.0305,0.0083,0.0204,0.0140,0.0644,0.0202,0.0029
ac_0dB,5-259180-A-15.wav,0.0121,0.0076,0.0191,0.0118,0.0100,0.0235,0.0145,0.0179,0.0715,0.0063
ac_0dB,5-259514-A-26.wav,0.0786,0.0072,0.0915,0.0934,0.0108,0.2264,0.0209,0.0350,0.0236,0.0019
ac_0dB,5-259640-A-29.wav,0.1071,0.0614,0.0152,0.1562,0.0439,0.0152,0.0176,0.0091,0.0403,0.0041
ac_0dB,5-260011-A-34.wav,0.0059,0.0057,0.0181,0.0095,0.0026,0.0187,0.0054,0.0046,0.0441,0.0037
ac_0dB,5-260164-A-23.wav,0.1042,0.0076,0.0079,0.6350,0.0051,0.0238,0.0076,0.0053,0.0532,0.0026
ac_0dB,5-260432-A-39.wav,0.0210,0.0088,0.1007,0.0222,0.0075,0.0168,0.0146,0.0143,0.0689,0.0755
ac_0dB,5-260433-A-39.wav,0.0065,0.0048,0.0098,0.0087,0.0030,0.0207,0.0071,0.0073,0.0669,0.4198
ac_0dB,5-260434-A-39.wav,0.0146,0.0078,0.0087,0.0285,0.0060,0.0180,0.0052,0.0068,0.0247,0.9540
ac_0dB,5-260875-A-35.wav,0.0029,0.0030,0.0069,0.0056,0.0016,0.0108,0.0028,0.0037,0.0624,0.0019
ac_0dB,5-261325-A-9.wav,0.0011,0.0152,0.0160,0.0019,0.0019,0.0072,0.0100,0.0003,0.0068,0.0003
ac_0dB,5-261433-A-15.wav,0.0119,0.0050,0.0171,0.0144,0.0065,0.0181,0.0124,0.0147,0.0548,0.0051
ac_0dB,5-261439-A-15.wav,0.0117,0.0038,0.0168,0.0126,0.0027,0.0116,0.0110,0.0132,0.0324,0.0011
ac_0dB,5-261464-A-23.wav,0.2617,0.0122,0.0038,0.1905,0.0036,0.0130,0.0065,0.0024,0.0539,0.0008
ac_0dB,5-262641-A-15.wav,0.0119,0.0095,0.0064,0.0157,0.0049,0.0170,0.0070,0.0060,0.0415,0.0023
ac_0dB,5-262957-A-22.wav,0.0039,0.0021,0.0314,0.0075,0.0032,0.0287,0.0040,0.0028,0.0336,0.0036
ac_0dB,5-263490-A-25.wav,0.0093,0.0109,0.0941,0.0145,0.0089,0.0281,0.0103,0.0328,0.0585,0.0067
ac_0dB,5-263491-A-25.wav,0.0023,0.0037,0.0044,0.0048,0.0015,0.0084,0.0068,0.0111,0.0327,0.0020
ac_0dB,5-263501-A-25.wav,0.0114,0.0046,0.0076,0.0204,0.0037,0.0082,0.0120,0.0128,0.0322,0.0072
ac_0dB,5-263775-A-26.wav,0.0262,0.0889,0.0246,0.0619,0.1012,0.2323,0.1268,0.0095,0.0465,0.0047
ac_0dB,5-263775-B-26.wav,0.0297,0.0650,0.2680,0.0858,0.0880,0.0939,0.5404,0.0164,0.0143,0.0216
ac_0dB,5-263831-A-6.wav,0.0124,0.0042,0.0146,0.0143,0.0060,0.0161,0.0176,0.0114,0.0448,0.0019
ac_0dB,5-263831-B-6.wav,0.0002,0.0002,0.0032,0.0003,0.0001,0.0005,0.0009,0.0006,0.0105,0.0001
ac_0dB,5-263902-A-36.wav,0.0024,0.0037,0.0116,0.0053,0.0020,0.0108,0.0068,0.0023,0.0319,0.0074
ac_0dB,5-51149-A-25.wav,0.0041,0.0038,0.0104,0.0038,0.0013,0.0108,0.0037,0.0757,0.0298,0.0027
ac_0dB,5-61635-A-8.wav,0.0082,0.0002,0.0153,0.0037,0.0008,0.0019,0.0050,0.0035,0.0323,0.0020
ac_0dB,5-9032-A-0.wav,0.0055,0.0121,0.0120,0.0102,0.0082,0.1875,0.3738,0.0111,0.0734,0.0014
noise_only,ac0_0000.wav,0.0089,0.0026,0.0075,0.0107,0.0024,0.0166,0.0055,0.0067,0.0668,0.0023
noise_only,ac0_0005.wav,0.0076,0.0056,0.0094,0.0094,0.0042,0.0246,0.0059,0.0102,0.0634,0.0029
noise_only,ac0_0010.wav,0.0054,0.0042,0.0087,0.0060,0.0037,0.0182,0.0053,0.0063,0.0436,0.0014
noise_only,ac0_0015.wav,0.0078,0.0053,0.0085,0.0115,0.0037,0.0277,0.0041,0.0069,0.0583,0.0029
noise_only,ac1_0000.wav,0.0034,0.0043,0.0051,0.0143,0.0026,0.0068,0.0031,0.0029,0.0170,0.0044
noise_only,ac1_0005.wav,0.0066,0.0072,0.0067,0.0212,0.0049,0.0126,0.0053,0.0063,0.0210,0.0054
noise_only,ac1_0010.wav,0.0117,0.0048,0.0101,0.0209,0.0039,0.0106,0.0068,0.0053,0.0219,0.0038
noise_only,ac1_0015.wav,0.0047,0.0072,0.0057,0.0175,0.0034,0.0079,0.0047,0.0041,0.0208,0.0028
noise_only,ac1_0020.wav,0.0132,0.0099,0.0080,0.0237,0.0081,0.0159,0.0063,0.0062,0.0241,0.0071
noise_only,ac2_0000.wav,0.0058,0.0077,0.0108,0.0117,0.0041,0.0200,0.0036,0.0100,0.0672,0.0054
noise_only,ac2_0005.wav,0.0066,0.0054,0.0134,0.0118,0.0046,0.0209,0.0050,0.0107,0.0505,0.0042
noise_only,ac2_0010.wav,0.0076,0.0056,0.0090,0.0120,0.0049,0.0247,0.0065,0.0097,0.0761,0.0066
noise_only,ac2_0015.wav,0.0067,0.0041,0.0109,0.0109,0.0034,0.0158,0.0049,0.0082,0.0553,0.0050
noise_only,ac3_0000.wav,0.0076,0.0211,0.0058,0.0166,0.0148,0.0354,0.0146,0.0295,0.0377,0.0070
noise_only,ac3_0005.wav,0.0216,0.0234,0.0455,0.0369,0.0328,0.0617,0.0232,0.0245,0.0456,0.0061
noise_only,ac3_0010.wav,0.0129,0.0154,0.0155,0.0320,0.0227,0.0260,0.0194,0.0195,0.0305,0.0049
noise_only,ac3_0015.wav,0.0352,0.0121,0.0119,0.0377,0.0131,0.0171,0.0208,0.0560,0.0399,0.0042
noise_only,ac3_0020.wav,0.0215,0.0368,0.0195,0.0494,0.0205,0.0260,0.0630,0.0501,0.0247,0.0060
noise_only,ac3_0025.wav,0.0199,0.0138,0.0183,0.0307,0.0132,0.0563,0.0146,0.0318,0.0331,0.0070
noise_only,ac4_0000.wav,0.0142,0.0098,0.0414,0.0137,0.0091,0.0194,0.0203,0.0194,0.0947,0.0052
noise_only,ac4_0005.wav,0.0122,0.0092,0.0186,0.0171,0.0095,0.0358,0.0139,0.0166,0.1442,0.0055
noise_only,ac4_0010.wav,0.0123,0.0046,0.0187,0.0099,0.0049,0.0175,0.0219,0.0153,0.0837,0.0046
noise_only,ac4_0015.wav,0.0115,0.0072,0.0205,0.0165,0.0096,0.0219,0.0260,0.0255,0.0755,0.0029
noise_only,ac4_0020.wav,0.0130,0.0073,0.0217,0.0139,0.0075,0.0242,0.0272,0.0166,0.0568,0.0044
noise_only,ac4_0025.wav,0.0120,0.0085,0.0190,0.0121,0.0121,0.0189,0.0429,0.0235,0.0538,0.0058
noise_only,ac4_0030.wav,0.0122,0.0064,0.0171,0.0133,0.0074,0.0192,0.0258,0.0187,0.0566,0.0033
noise_only,ac5_0000.wav,0.0026,0.0022,0.0538,0.0048,0.0030,0.0089,0.0046,0.0129,0.0321,0.0004
noise_only,ac5_0005.wav,0.0032,0.0023,0.0765,0.0080,0.0019,0.0113,0.0051,0.0127,0.0245,0.0006
noise_only,ac5_0010.wav,0.0072,0.0028,0.0573,0.0126,0.0035,0.0099,0.0078,0.0286,0.0147,0.0016
noise_only,ac5_0015.wav,0.0090,0.0022,0.0115,0.0150,0.0018,0.0104,0.0063,0.0151,0.0157,0.0008
noise_only,ac5_0020.wav,0.0093,0.0018,0.0110,0.0154,0.0023,0.0084,0.0045,0.0121,0.0260,0.0012
noise_only,ac5_0025.wav,0.0035,0.0021,0.0713,0.0091,0.0022,0.0121,0.0092,0.0132,0.0136,0.0005
noise_only,ac6_0000.wav,0.0103,0.0104,0.0037,0.0149,0.0049,0.0216,0.0157,0.0105,0.0314,0.0037
noise_only,ac6_0005.wav,0.0142,0.0080,0.0078,0.0285,0.0046,0.0143,0.0132,0.0079,0.0479,0.0026
noise_only,ac6_0010.wav,0.0117,0.0073,0.0038,0.0218,0.0040,0.0178,0.0145,0.0074,0.0295,0.0015
noise_only,ac6_0015.wav,0.0082,0.0079,0.0042,0.0162,0.0053,0.0138,0.0116,0.0087,0.0250,0.0013
noise_only,ac7_0000.wav,0.0055,0.0030,0.0204,0.0084,0.0027,0.0218,0.0065,0.0042,0.0444,0.0048
noise_only,ac7_0005.wav,0.0046,0.0026,0.0208,0.0099,0.0029,0.0171,0.0048,0.0058,0.0500,0.0058
noise_only,ac7_0010.wav,0.0052,0.0025,0.0181,0.0100,0.0021,0.0161,0.0045,0.0039,0.0437,0.0028
noise_only,ac7_0015.wav,0.0040,0.0027,0.0272,0.0067,0.0029,0.0173,0.0047,0.0044,0.0393,0.0044
noise_only,ac8_0000.wav,0.0321,0.0091,0.0805,0.0261,0.0102,0.0290,0.0348,0.0081,0.0636,0.0051
noise_only,ac8_0005.wav,0.0206,0.0099,0.0091,0.0273,0.0073,0.0225,0.0117,0.0103,0.1175,0.0068
noise_only,ac8_0010.wav,0.0259,0.0188,0.0176,0.0405,0.0161,0.0220,0.0222,0.0292,0.0657,0.0163
noise_only,ac8_0015.wav,0.0167,0.0123,0.0084,0.0375,0.0082,0.0195,0.0199,0.0187,0.0382,0.0109
noise_only,ac8_0020.wav,0.0165,0.0097,0.0098,0.0335,0.0124,0.0190,0.0137,0.0195,0.0414,0.0103
noise_only,ac8_0025.wav,0.0192,0.0107,0.0050,0.0354,0.0092,0.0162,0.0222,0.0229,0.0407,0.0153
noise_only,ac8_0030.wav,0.1014,0.0093,0.0082,0.1041,0.0071,0.0166,0.0187,0.0276,0.0536,0.0172
noise_only,ac8_0035.wav,0.0100,0.0105,0.0105,0.0156,0.0065,0.0201,0.0151,0.0077,0.0597,0.0093
noise_only,ac8_0040.wav,0.0157,0.0155,0.0084,0.0410,0.0167,0.0380,0.0173,0.0134,0.0692,0.0080
noise_only,ac8_0045.wav,0.0118,0.0161,0.0161,0.0292,0.0187,0.0399,0.0193,0.0194,0.0512,0.0116
noise_only,ac9_0000.wav,0.0168,0.0100,0.2130,0.0253,0.0083,0.0233,0.0222,0.0288,0.1124,0.0038
noise_only,ac9_0005.wav,0.0131,0.0104,0.0889,0.0165,0.0066,0.0231,0.0187,0.0148,0.1201,0.0017
noise_only,ac9_0010.wav,0.0092,0.0029,0.0141,0.0086,0.0017,0.0089,0.0050,0.0088,0.0678,0.0007
noise_only,ac9_0015.wav,0.0064,0.0139,0.5922,0.0113,0.0222,0.0905,0.0442,0.0457,0.0766,0.0033
noise_only,ac9_0020.wav,0.0091,0.0066,0.0141,0.0113,0.0049,0.0229,0.0172,0.0143,0.0810,0.0021
noise_only,ac9_0025.wav,0.0106,0.0068,0.0113,0.0129,0.0041,0.0201,0.0091,0.0084,0.0971,0.0026
noise_only,ac9_0030.wav,0.0194,0.0186,0.2175,0.0293,0.0152,0.0175,0.0232,0.0226,0.0791,0.0033
noise_only,ac9_0035.wav,0.0102,0.0054,0.0105,0.0152,0.0026,0.0140,0.0067,0.0054,0.1325,0.0024
